# OBJ File - 3D Floor Plan Model
# Generated by export_obj.py
# Vertices: 2040
# Faces: 3224

mtllib Capture d’écran 2025-06-05 224143.mtl

# Vertices
v 10.554153 5.613289 0.000000
v 12.629900 6.490365 0.000000
v 13.068439 5.554817 0.000000
v 16.752159 5.905648 0.000000
v 16.664452 11.138870 0.000000
v 7.952159 9.881728 0.000000
v 8.390698 7.016611 0.000000
v 10.554153 5.613289 2.500000
v 12.629900 6.490365 2.500000
v 13.068439 5.554817 2.500000
v 16.752159 5.905648 2.500000
v 16.664452 11.138870 2.500000
v 7.952159 9.881728 2.500000
v 8.390698 7.016611 2.500000
v 10.515231 5.705404 0.000000
v 12.590979 6.582480 0.000000
v 12.590979 6.582480 2.500000
v 10.515231 5.705404 2.500000
v 12.720446 6.532809 0.000000
v 13.158984 5.597261 0.000000
v 13.158984 5.597261 2.500000
v 12.720446 6.532809 2.500000
v 13.058958 5.654367 0.000000
v 16.742679 6.005197 0.000000
v 16.742679 6.005197 2.500000
v 13.058958 5.654367 2.500000
v 16.652174 5.903972 0.000000
v 16.564466 11.137195 0.000000
v 16.564466 11.137195 2.500000
v 16.652174 5.903972 2.500000
v 16.678733 11.039896 0.000000
v 7.966441 9.782753 0.000000
v 7.966441 9.782753 2.500000
v 16.678733 11.039896 2.500000
v 8.051008 9.896857 0.000000
v 8.489546 7.031741 0.000000
v 8.489546 7.031741 2.500000
v 8.051008 9.896857 2.500000
v 8.445117 7.100507 0.000000
v 10.608572 5.697185 0.000000
v 10.608572 5.697185 2.500000
v 8.445117 7.100507 2.500000
v 31.457807 23.710299 0.000000
v 31.545515 24.090365 0.000000
v 31.457807 25.376744 0.000000
v 31.136213 25.084385 0.000000
v 31.136213 24.675083 0.000000
v 30.931561 24.441196 0.000000
v 30.931561 24.002658 0.000000
v 31.136213 23.651827 0.000000
v 31.457807 23.710299 2.500000
v 31.545515 24.090365 2.500000
v 31.457807 25.376744 2.500000
v 31.136213 25.084385 2.500000
v 31.136213 24.675083 2.500000
v 30.931561 24.441196 2.500000
v 30.931561 24.002658 2.500000
v 31.136213 23.651827 2.500000
v 31.360368 23.732785 0.000000
v 31.448076 24.112851 0.000000
v 31.448076 24.112851 2.500000
v 31.360368 23.732785 2.500000
v 31.445747 24.083563 0.000000
v 31.358039 25.369942 0.000000
v 31.358039 25.369942 2.500000
v 31.445747 24.083563 2.500000
v 31.525075 25.302750 0.000000
v 31.203480 25.010391 0.000000
v 31.203480 25.010391 2.500000
v 31.525075 25.302750 2.500000
v 31.236213 25.084385 0.000000
v 31.236213 24.675083 0.000000
v 31.236213 24.675083 2.500000
v 31.236213 25.084385 2.500000
v 31.211470 24.609233 0.000000
v 31.006819 24.375346 0.000000
v 31.006819 24.375346 2.500000
v 31.211470 24.609233 2.500000
v 31.031561 24.441196 0.000000
v 31.031561 24.002658 0.000000
v 31.031561 24.002658 2.500000
v 31.031561 24.441196 2.500000
v 31.017939 24.053045 0.000000
v 31.222591 23.702214 0.000000
v 31.222591 23.702214 2.500000
v 31.017939 24.053045 2.500000
v 31.118324 23.750214 0.000000
v 31.439919 23.808686 0.000000
v 31.439919 23.808686 2.500000
v 31.118324 23.750214 2.500000
v 19.558804 32.714950 0.000000
v 10.554153 32.714950 0.000000
v 10.641860 23.944186 0.000000
v 19.646512 23.856478 0.000000
v 19.558804 32.714950 2.500000
v 10.554153 32.714950 2.500000
v 10.641860 23.944186 2.500000
v 19.646512 23.856478 2.500000
v 19.558804 32.614950 0.000000
v 10.554153 32.614950 0.000000
v 10.554153 32.614950 2.500000
v 19.558804 32.614950 2.500000
v 10.654148 32.715950 0.000000
v 10.741855 23.945186 0.000000
v 10.741855 23.945186 2.500000
v 10.654148 32.715950 2.500000
v 10.642834 24.044181 0.000000
v 19.647486 23.956474 0.000000
v 19.647486 23.956474 2.500000
v 10.642834 24.044181 2.500000
v 19.546517 23.855488 0.000000
v 19.458809 32.713960 0.000000
v 19.458809 32.713960 2.500000
v 19.546517 23.855488 2.500000
v 30.200664 33.153488 0.000000
v 21.108306 32.481063 0.000000
v 21.196013 24.002658 0.000000
v 30.376080 23.710299 0.000000
v 30.200664 33.153488 2.500000
v 21.108306 32.481063 2.500000
v 21.196013 24.002658 2.500000
v 30.376080 23.710299 2.500000
v 30.208040 33.053761 0.000000
v 21.115681 32.381335 0.000000
v 21.115681 32.381335 2.500000
v 30.208040 33.053761 2.500000
v 21.208300 32.482098 0.000000
v 21.296008 24.003692 0.000000
v 21.296008 24.003692 2.500000
v 21.208300 32.482098 2.500000
v 21.199196 24.102607 0.000000
v 30.379263 23.810248 0.000000
v 30.379263 23.810248 2.500000
v 21.199196 24.102607 2.500000
v 30.276097 23.708442 0.000000
v 30.100682 33.151631 0.000000
v 30.100682 33.151631 2.500000
v 30.276097 23.708442 2.500000
v 33.182724 16.459801 0.000000
v 23.534884 17.190698 0.000000
v 23.184053 5.905648 0.000000
v 32.890365 5.613289 0.000000
v 33.182724 16.459801 2.500000
v 23.534884 17.190698 2.500000
v 23.184053 5.905648 2.500000
v 32.890365 5.613289 2.500000
v 33.175170 16.360086 0.000000
v 23.527330 17.090983 0.000000
v 23.527330 17.090983 2.500000
v 33.175170 16.360086 2.500000
v 23.634835 17.187590 0.000000
v 23.284005 5.902541 0.000000
v 23.284005 5.902541 2.500000
v 23.634835 17.187590 2.500000
v 23.187064 6.005603 0.000000
v 32.893376 5.713244 0.000000
v 32.893376 5.713244 2.500000
v 23.187064 6.005603 2.500000
v 32.790402 5.615983 0.000000
v 33.082761 16.462495 0.000000
v 33.082761 16.462495 2.500000
v 32.790402 5.615983 2.500000
v 26.049169 33.855150 0.000000
v 26.136877 35.053821 0.000000
v 10.115615 35.433887 0.000000
v 10.115615 34.147508 0.000000
v 26.049169 33.855150 2.500000
v 26.136877 35.053821 2.500000
v 10.115615 35.433887 2.500000
v 10.115615 34.147508 2.500000
v 25.949436 33.862447 0.000000
v 26.037144 35.061118 0.000000
v 26.037144 35.061118 2.500000
v 25.949436 33.862447 2.500000
v 26.134505 34.953849 0.000000
v 10.113243 35.333915 0.000000
v 10.113243 35.333915 2.500000
v 26.134505 34.953849 2.500000
v 10.215615 35.433887 0.000000
v 10.215615 34.147508 0.000000
v 10.215615 34.147508 2.500000
v 10.215615 35.433887 2.500000
v 10.117449 34.247491 0.000000
v 26.051004 33.955133 0.000000
v 26.051004 33.955133 2.500000
v 10.117449 34.247491 2.500000
v 17.570764 22.423920 0.000000
v 17.395349 22.540864 0.000000
v 17.395349 22.657807 0.000000
v 17.132226 22.716279 0.000000
v 17.219934 22.453156 0.000000
v 17.307641 22.423920 0.000000
v 17.307641 22.306977 0.000000
v 17.395349 22.306977 0.000000
v 17.512292 22.160797 0.000000
v 17.570764 22.160797 0.000000
v 17.570764 22.423920 2.500000
v 17.395349 22.540864 2.500000
v 17.395349 22.657807 2.500000
v 17.132226 22.716279 2.500000
v 17.219934 22.453156 2.500000
v 17.307641 22.423920 2.500000
v 17.307641 22.306977 2.500000
v 17.395349 22.306977 2.500000
v 17.512292 22.160797 2.500000
v 17.570764 22.160797 2.500000
v 17.515294 22.340715 0.000000
v 17.339879 22.457659 0.000000
v 17.339879 22.457659 2.500000
v 17.515294 22.340715 2.500000
v 17.295349 22.540864 0.000000
v 17.295349 22.657807 0.000000
v 17.295349 22.657807 2.500000
v 17.295349 22.540864 2.500000
v 17.373656 22.560189 0.000000
v 17.110533 22.618660 0.000000
v 17.110533 22.618660 2.500000
v 17.373656 22.560189 2.500000
v 17.227094 22.747902 0.000000
v 17.314802 22.484779 0.000000
v 17.314802 22.484779 2.500000
v 17.227094 22.747902 2.500000
v 17.251556 22.548024 0.000000
v 17.339264 22.518789 0.000000
v 17.339264 22.518789 2.500000
v 17.251556 22.548024 2.500000
v 17.407641 22.423920 0.000000
v 17.407641 22.306977 0.000000
v 17.407641 22.306977 2.500000
v 17.407641 22.423920 2.500000
v 17.307641 22.406977 0.000000
v 17.395349 22.406977 0.000000
v 17.395349 22.406977 2.500000
v 17.307641 22.406977 2.500000
v 17.473436 22.369446 0.000000
v 17.590379 22.223267 0.000000
v 17.590379 22.223267 2.500000
v 17.473436 22.369446 2.500000
v 17.512292 22.260797 0.000000
v 17.570764 22.260797 0.000000
v 17.570764 22.260797 2.500000
v 17.512292 22.260797 2.500000
v 17.470764 22.160797 0.000000
v 17.470764 22.423920 0.000000
v 17.470764 22.423920 2.500000
v 17.470764 22.160797 2.500000
v 28.738870 17.658472 0.000000
v 28.768106 17.746179 0.000000
v 28.826578 17.746179 0.000000
v 28.826578 17.921595 0.000000
v 28.738870 17.950831 0.000000
v 28.738870 18.067774 0.000000
v 28.592691 18.009302 0.000000
v 28.563455 17.921595 0.000000
v 28.504983 17.921595 0.000000
v 28.504983 17.746179 0.000000
v 28.592691 17.716944 0.000000
v 28.592691 17.658472 0.000000
v 28.738870 17.658472 2.500000
v 28.768106 17.746179 2.500000
v 28.826578 17.746179 2.500000
v 28.826578 17.921595 2.500000
v 28.738870 17.950831 2.500000
v 28.738870 18.067774 2.500000
v 28.592691 18.009302 2.500000
v 28.563455 17.921595 2.500000
v 28.504983 17.921595 2.500000
v 28.504983 17.746179 2.500000
v 28.592691 17.716944 2.500000
v 28.592691 17.658472 2.500000
v 28.644002 17.690095 0.000000
v 28.673238 17.777802 0.000000
v 28.673238 17.777802 2.500000
v 28.644002 17.690095 2.500000
v 28.768106 17.846179 0.000000
v 28.826578 17.846179 0.000000
v 28.826578 17.846179 2.500000
v 28.768106 17.846179 2.500000
v 28.726578 17.746179 0.000000
v 28.726578 17.921595 0.000000
v 28.726578 17.921595 2.500000
v 28.726578 17.746179 2.500000
v 28.794955 17.826726 0.000000
v 28.707248 17.855962 0.000000
v 28.707248 17.855962 2.500000
v 28.794955 17.826726 2.500000
v 28.638870 17.950831 0.000000
v 28.638870 18.067774 0.000000
v 28.638870 18.067774 2.500000
v 28.638870 17.950831 2.500000
v 28.776009 17.974926 0.000000
v 28.629830 17.916455 0.000000
v 28.629830 17.916455 2.500000
v 28.776009 17.974926 2.500000
v 28.687559 17.977680 0.000000
v 28.658323 17.889972 0.000000
v 28.658323 17.889972 2.500000
v 28.687559 17.977680 2.500000
v 28.563455 17.821595 0.000000
v 28.504983 17.821595 0.000000
v 28.504983 17.821595 2.500000
v 28.563455 17.821595 2.500000
v 28.604983 17.921595 0.000000
v 28.604983 17.746179 0.000000
v 28.604983 17.746179 2.500000
v 28.604983 17.921595 2.500000
v 28.536606 17.841048 0.000000
v 28.624314 17.811812 0.000000
v 28.624314 17.811812 2.500000
v 28.536606 17.841048 2.500000
v 28.692691 17.716944 0.000000
v 28.692691 17.658472 0.000000
v 28.692691 17.658472 2.500000
v 28.692691 17.716944 2.500000
v 28.592691 17.758472 0.000000
v 28.738870 17.758472 0.000000
v 28.738870 17.758472 2.500000
v 28.592691 17.758472 2.500000
v 17.278405 13.214618 0.000000
v 17.307641 13.302326 0.000000
v 17.483056 13.360797 0.000000
v 17.483056 13.565449 0.000000
v 17.307641 13.565449 0.000000
v 17.190698 13.419269 0.000000
v 17.044518 13.419269 0.000000
v 17.015282 13.331561 0.000000
v 16.956811 13.331561 0.000000
v 17.044518 13.068439 0.000000
v 17.278405 13.214618 2.500000
v 17.307641 13.302326 2.500000
v 17.483056 13.360797 2.500000
v 17.483056 13.565449 2.500000
v 17.307641 13.565449 2.500000
v 17.190698 13.419269 2.500000
v 17.044518 13.419269 2.500000
v 17.015282 13.331561 2.500000
v 16.956811 13.331561 2.500000
v 17.044518 13.068439 2.500000
v 17.183537 13.246241 0.000000
v 17.212773 13.333948 0.000000
v 17.212773 13.333948 2.500000
v 17.183537 13.246241 2.500000
v 17.276018 13.397194 0.000000
v 17.451434 13.455666 0.000000
v 17.451434 13.455666 2.500000
v 17.276018 13.397194 2.500000
v 17.383056 13.360797 0.000000
v 17.383056 13.565449 0.000000
v 17.383056 13.565449 2.500000
v 17.383056 13.360797 2.500000
v 17.483056 13.465449 0.000000
v 17.307641 13.465449 0.000000
v 17.307641 13.465449 2.500000
v 17.483056 13.465449 2.500000
v 17.385728 13.502979 0.000000
v 17.268785 13.356800 0.000000
v 17.268785 13.356800 2.500000
v 17.385728 13.502979 2.500000
v 17.190698 13.319269 0.000000
v 17.044518 13.319269 0.000000
v 17.044518 13.319269 2.500000
v 17.190698 13.319269 2.500000
v 17.139387 13.387646 0.000000
v 17.110151 13.299939 0.000000
v 17.110151 13.299939 2.500000
v 17.139387 13.387646 2.500000
v 17.015282 13.231561 0.000000
v 16.956811 13.231561 0.000000
v 16.956811 13.231561 2.500000
v 17.015282 13.231561 2.500000
v 17.051679 13.363184 0.000000
v 17.139387 13.100061 0.000000
v 17.139387 13.100061 2.500000
v 17.051679 13.363184 2.500000
v 16.991518 13.153238 0.000000
v 17.225405 13.299418 0.000000
v 17.225405 13.299418 2.500000
v 16.991518 13.153238 2.500000
v 13.068439 11.811296 0.000000
v 13.448505 11.752824 0.000000
v 15.319601 12.103654 0.000000
v 14.237874 12.454485 0.000000
v 13.068439 12.396013 0.000000
v 12.951495 12.542193 0.000000
v 12.717608 12.249834 0.000000
v 13.068439 11.811296 2.500000
v 13.448505 11.752824 2.500000
v 15.319601 12.103654 2.500000
v 14.237874 12.454485 2.500000
v 13.068439 12.396013 2.500000
v 12.951495 12.542193 2.500000
v 12.717608 12.249834 2.500000
v 13.083644 11.910133 0.000000
v 13.463711 11.851661 0.000000
v 13.463711 11.851661 2.500000
v 13.083644 11.910133 2.500000
v 13.430076 11.851111 0.000000
v 15.301172 12.201942 0.000000
v 15.301172 12.201942 2.500000
v 13.430076 11.851111 2.500000
v 15.288751 12.008532 0.000000
v 14.207023 12.359363 0.000000
v 14.207023 12.359363 2.500000
v 15.288751 12.008532 2.500000
v 14.242868 12.354610 0.000000
v 13.073432 12.296138 0.000000
v 13.073432 12.296138 2.500000
v 14.242868 12.354610 2.500000
v 12.990352 12.333544 0.000000
v 12.873408 12.479723 0.000000
v 12.873408 12.479723 2.500000
v 12.990352 12.333544 2.500000
v 13.029582 12.479723 0.000000
v 12.795695 12.187364 0.000000
v 12.795695 12.187364 2.500000
v 13.029582 12.479723 2.500000
v 12.795695 12.312303 0.000000
v 13.146525 11.873765 0.000000
v 13.146525 11.873765 2.500000
v 12.795695 12.312303 2.500000
v 20.640532 5.993355 0.000000
v 20.552824 15.845847 0.000000
v 28.037209 17.219934 0.000000
v 29.411296 22.599336 0.000000
v 35.697010 16.108970 0.000000
v 33.358140 33.065781 0.000000
v 32.276412 23.184053 0.000000
v 18.038538 22.657807 0.000000
v 17.044518 5.700997 0.000000
v 20.640532 5.993355 2.500000
v 20.552824 15.845847 2.500000
v 28.037209 17.219934 2.500000
v 29.411296 22.599336 2.500000
v 35.697010 16.108970 2.500000
v 33.358140 33.065781 2.500000
v 32.276412 23.184053 2.500000
v 18.038538 22.657807 2.500000
v 17.044518 5.700997 2.500000
v 20.540536 5.992465 0.000000
v 20.452828 15.844957 0.000000
v 20.452828 15.844957 2.500000
v 20.540536 5.992465 2.500000
v 20.534766 15.944203 0.000000
v 28.019152 17.318290 0.000000
v 28.019152 17.318290 2.500000
v 20.534766 15.944203 2.500000
v 27.940320 17.244682 0.000000
v 29.314407 22.624084 0.000000
v 29.314407 22.624084 2.500000
v 27.940320 17.244682 2.500000
v 29.483130 22.668905 0.000000
v 35.768844 16.178539 0.000000
v 35.768844 16.178539 2.500000
v 29.483130 22.668905 2.500000
v 35.597948 16.095306 0.000000
v 33.259077 33.052117 0.000000
v 33.259077 33.052117 2.500000
v 35.597948 16.095306 2.500000
v 33.457546 33.054899 0.000000
v 32.375818 23.173171 0.000000
v 32.375818 23.173171 2.500000
v 33.457546 33.054899 2.500000
v 32.280106 23.084121 0.000000
v 18.042232 22.557876 0.000000
v 18.042232 22.557876 2.500000
v 32.280106 23.084121 2.500000
v 18.138367 22.651955 0.000000
v 17.144347 5.695145 0.000000
v 17.144347 5.695145 2.500000
v 18.138367 22.651955 2.500000
v 17.036415 5.800668 0.000000
v 20.632428 6.093027 0.000000
v 20.632428 6.093027 2.500000
v 17.036415 5.800668 2.500000
v 8.361462 7.016611 0.000000
v 7.922924 9.881728 0.000000
v 13.945515 11.489701 0.000000
v 6.314950 13.799336 0.000000
v 4.882392 10.612625 0.000000
v 5.233223 6.344186 0.000000
v 10.086379 5.700997 0.000000
v 8.361462 7.016611 2.500000
v 7.922924 9.881728 2.500000
v 13.945515 11.489701 2.500000
v 6.314950 13.799336 2.500000
v 4.882392 10.612625 2.500000
v 5.233223 6.344186 2.500000
v 10.086379 5.700997 2.500000
v 8.262613 7.001481 0.000000
v 7.824075 9.866598 0.000000
v 7.824075 9.866598 2.500000
v 8.262613 7.001481 2.500000
v 7.897128 9.978343 0.000000
v 13.919719 11.586317 0.000000
v 13.919719 11.586317 2.500000
v 7.897128 9.978343 2.500000
v 13.916545 11.393989 0.000000
v 6.285980 13.703624 0.000000
v 6.285980 13.703624 2.500000
v 13.916545 11.393989 2.500000
v 6.406158 13.758334 0.000000
v 4.973600 10.571623 0.000000
v 4.973600 10.571623 2.500000
v 6.406158 13.758334 2.500000
v 4.982056 10.620816 0.000000
v 5.332887 6.352378 0.000000
v 5.332887 6.352378 2.500000
v 4.982056 10.620816 2.500000
v 5.246361 6.443319 0.000000
v 10.099517 5.800130 0.000000
v 10.099517 5.800130 2.500000
v 5.246361 6.443319 2.500000
v 10.025734 5.621484 0.000000
v 8.300817 6.937099 0.000000
v 8.300817 6.937099 2.500000
v 10.025734 5.621484 2.500000
v 33.533555 35.141528 0.000000
v 32.802658 35.872425 0.000000
v 25.815282 35.521595 0.000000
v 26.078405 33.767442 0.000000
v 27.072425 33.182724 0.000000
v 30.902326 33.475083 0.000000
v 31.487043 32.598007 0.000000
v 33.270432 33.095017 0.000000
v 33.533555 35.141528 2.500000
v 32.802658 35.872425 2.500000
v 25.815282 35.521595 2.500000
v 26.078405 33.767442 2.500000
v 27.072425 33.182724 2.500000
v 30.902326 33.475083 2.500000
v 31.487043 32.598007 2.500000
v 33.270432 33.095017 2.500000
v 33.462844 35.070818 0.000000
v 32.731947 35.801715 0.000000
v 32.731947 35.801715 2.500000
v 33.462844 35.070818 2.500000
v 32.807672 35.772551 0.000000
v 25.820297 35.421720 0.000000
v 25.820297 35.421720 2.500000
v 32.807672 35.772551 2.500000
v 25.914176 35.536429 0.000000
v 26.177299 33.782276 0.000000
v 26.177299 33.782276 2.500000
v 25.914176 35.536429 2.500000
v 26.129107 33.853635 0.000000
v 27.123127 33.268918 0.000000
v 27.123127 33.268918 2.500000
v 26.129107 33.853635 2.500000
v 27.064814 33.282434 0.000000
v 30.894714 33.574793 0.000000
v 30.894714 33.574793 2.500000
v 27.064814 33.282434 2.500000
v 30.985531 33.530553 0.000000
v 31.570248 32.653477 0.000000
v 31.570248 32.653477 2.500000
v 30.985531 33.530553 2.500000
v 31.460197 32.694336 0.000000
v 33.243586 33.191346 0.000000
v 33.243586 33.191346 2.500000
v 31.460197 32.694336 2.500000
v 33.171248 33.107769 0.000000
v 33.434371 35.154280 0.000000
v 33.434371 35.154280 2.500000
v 33.171248 33.107769 2.500000
v 10.700332 24.002658 0.000000
v 10.875748 33.007309 0.000000
v 10.261794 35.229236 0.000000
v 8.800000 35.726246 0.000000
v 7.572093 35.141528 0.000000
v 7.484385 24.295017 0.000000
v 8.215282 23.505648 0.000000
v 10.700332 24.002658 2.500000
v 10.875748 33.007309 2.500000
v 10.261794 35.229236 2.500000
v 8.800000 35.726246 2.500000
v 7.572093 35.141528 2.500000
v 7.484385 24.295017 2.500000
v 8.215282 23.505648 2.500000
v 10.600351 24.004605 0.000000
v 10.775766 33.009257 0.000000
v 10.775766 33.009257 2.500000
v 10.600351 24.004605 2.500000
v 10.779359 32.980675 0.000000
v 10.165406 35.202602 0.000000
v 10.165406 35.202602 2.500000
v 10.779359 32.980675 2.500000
v 10.229604 35.134559 0.000000
v 8.767810 35.631569 0.000000
v 8.767810 35.631569 2.500000
v 10.229604 35.134559 2.500000
v 8.842993 35.635960 0.000000
v 7.615086 35.051242 0.000000
v 7.615086 35.051242 2.500000
v 8.842993 35.635960 2.500000
v 7.672090 35.140720 0.000000
v 7.584382 24.294208 0.000000
v 7.584382 24.294208 2.500000
v 7.672090 35.140720 2.500000
v 7.557761 24.362957 0.000000
v 8.288658 23.573589 0.000000
v 8.288658 23.573589 2.500000
v 7.557761 24.362957 2.500000
v 8.195671 23.603706 0.000000
v 10.680721 24.100716 0.000000
v 10.680721 24.100716 2.500000
v 8.195671 23.603706 2.500000
v 22.160797 15.056478 0.000000
v 21.809967 15.495017 0.000000
v 21.371429 15.348837 0.000000
v 21.371429 14.851827 0.000000
v 22.073090 14.851827 0.000000
v 22.160797 14.764120 0.000000
v 22.160797 15.056478 2.500000
v 21.809967 15.495017 2.500000
v 21.371429 15.348837 2.500000
v 21.371429 14.851827 2.500000
v 22.073090 14.851827 2.500000
v 22.160797 14.764120 2.500000
v 22.082710 14.994009 0.000000
v 21.731880 15.432547 0.000000
v 21.731880 15.432547 2.500000
v 22.082710 14.994009 2.500000
v 21.841590 15.400148 0.000000
v 21.403051 15.253969 0.000000
v 21.403051 15.253969 2.500000
v 21.841590 15.400148 2.500000
v 21.471429 15.348837 0.000000
v 21.471429 14.851827 0.000000
v 21.471429 14.851827 2.500000
v 21.471429 15.348837 2.500000
v 21.371429 14.951827 0.000000
v 22.073090 14.951827 0.000000
v 22.073090 14.951827 2.500000
v 21.371429 14.951827 2.500000
v 22.143800 14.922538 0.000000
v 22.231508 14.834830 0.000000
v 22.231508 14.834830 2.500000
v 22.143800 14.922538 2.500000
v 22.060797 14.764120 0.000000
v 22.060797 15.056478 0.000000
v 22.060797 15.056478 2.500000
v 22.060797 14.764120 2.500000
v 13.448505 12.425249 0.000000
v 16.752159 12.103654 0.000000
v 17.190698 12.600664 0.000000
v 13.448505 12.425249 2.500000
v 16.752159 12.103654 2.500000
v 17.190698 12.600664 2.500000
v 13.458194 12.524779 0.000000
v 16.761848 12.203184 0.000000
v 16.761848 12.203184 2.500000
v 13.458194 12.524779 2.500000
v 16.677176 12.169817 0.000000
v 17.115714 12.666827 0.000000
v 17.115714 12.666827 2.500000
v 16.677176 12.169817 2.500000
v 17.195380 12.500774 0.000000
v 13.453187 12.325359 0.000000
v 13.453187 12.325359 2.500000
v 17.195380 12.500774 2.500000
v 5.554817 11.606645 0.000000
v 5.759468 11.899003 0.000000
v 5.934884 11.899003 0.000000
v 5.730233 12.103654 0.000000
v 5.730233 12.542193 0.000000
v 5.320930 12.542193 0.000000
v 5.233223 11.899003 0.000000
v 5.057807 11.635880 0.000000
v 5.145515 11.460465 0.000000
v 5.554817 11.606645 2.500000
v 5.759468 11.899003 2.500000
v 5.934884 11.899003 2.500000
v 5.730233 12.103654 2.500000
v 5.730233 12.542193 2.500000
v 5.320930 12.542193 2.500000
v 5.233223 11.899003 2.500000
v 5.057807 11.635880 2.500000
v 5.145515 11.460465 2.500000
v 5.472894 11.663991 0.000000
v 5.677545 11.956350 0.000000
v 5.677545 11.956350 2.500000
v 5.472894 11.663991 2.500000
v 5.759468 11.999003 0.000000
v 5.934884 11.999003 0.000000
v 5.934884 11.999003 2.500000
v 5.759468 11.999003 2.500000
v 5.864173 11.828293 0.000000
v 5.659522 12.032944 0.000000
v 5.659522 12.032944 2.500000
v 5.864173 11.828293 2.500000
v 5.630233 12.103654 0.000000
v 5.630233 12.542193 0.000000
v 5.630233 12.542193 2.500000
v 5.630233 12.103654 2.500000
v 5.730233 12.442193 0.000000
v 5.320930 12.442193 0.000000
v 5.320930 12.442193 2.500000
v 5.730233 12.442193 2.500000
v 5.420013 12.528681 0.000000
v 5.332306 11.885492 0.000000
v 5.332306 11.885492 2.500000
v 5.420013 12.528681 2.500000
v 5.316428 11.843533 0.000000
v 5.141012 11.580410 0.000000
v 5.141012 11.580410 2.500000
v 5.316428 11.843533 2.500000
v 5.147250 11.680602 0.000000
v 5.234958 11.505186 0.000000
v 5.234958 11.505186 2.500000
v 5.147250 11.680602 2.500000
v 5.111881 11.554639 0.000000
v 5.521184 11.700819 0.000000
v 5.521184 11.700819 2.500000
v 5.111881 11.554639 2.500000
v 23.154817 5.993355 0.000000
v 23.154817 12.074419 0.000000
v 22.891694 9.940199 0.000000
v 22.160797 11.723588 0.000000
v 20.377409 11.635880 0.000000
v 20.026578 7.689037 0.000000
v 20.669767 5.993355 0.000000
v 20.026578 5.759468 0.000000
v 23.154817 5.993355 2.500000
v 23.154817 12.074419 2.500000
v 22.891694 9.940199 2.500000
v 22.160797 11.723588 2.500000
v 20.377409 11.635880 2.500000
v 20.026578 7.689037 2.500000
v 20.669767 5.993355 2.500000
v 20.026578 5.759468 2.500000
v 23.054817 5.993355 0.000000
v 23.054817 12.074419 0.000000
v 23.054817 12.074419 2.500000
v 23.054817 5.993355 2.500000
v 23.254066 12.062182 0.000000
v 22.990943 9.927963 0.000000
v 22.990943 9.927963 2.500000
v 23.254066 12.062182 2.500000
v 22.799164 9.902277 0.000000
v 22.068267 11.685666 0.000000
v 22.068267 11.685666 2.500000
v 22.799164 9.902277 2.500000
v 22.165709 11.623709 0.000000
v 20.382321 11.536001 0.000000
v 20.382321 11.536001 2.500000
v 22.165709 11.623709 2.500000
v 20.477016 11.627026 0.000000
v 20.126185 7.680183 0.000000
v 20.126185 7.680183 2.500000
v 20.477016 11.627026 2.500000
v 20.120078 7.724502 0.000000
v 20.763267 6.028821 0.000000
v 20.763267 6.028821 2.500000
v 20.120078 7.724502 2.500000
v 20.703942 5.899376 0.000000
v 20.060752 5.665489 0.000000
v 20.060752 5.665489 2.500000
v 20.703942 5.899376 2.500000
v 20.019122 5.859190 0.000000
v 23.147361 6.093077 0.000000
v 23.147361 6.093077 2.500000
v 20.019122 5.859190 2.500000
v 34.264452 18.038538 0.000000
v 34.059801 20.962126 0.000000
v 29.323588 22.511628 0.000000
v 27.686379 18.097010 0.000000
v 28.768106 17.132226 0.000000
v 33.358140 16.839867 0.000000
v 34.264452 18.038538 2.500000
v 34.059801 20.962126 2.500000
v 29.323588 22.511628 2.500000
v 27.686379 18.097010 2.500000
v 28.768106 17.132226 2.500000
v 33.358140 16.839867 2.500000
v 34.164696 18.031555 0.000000
v 33.960045 20.955143 0.000000
v 33.960045 20.955143 2.500000
v 34.164696 18.031555 2.500000
v 34.028706 20.867083 0.000000
v 29.292494 22.416585 0.000000
v 29.292494 22.416585 2.500000
v 34.028706 20.867083 2.500000
v 29.417348 22.476856 0.000000
v 27.780139 18.062238 0.000000
v 27.780139 18.062238 2.500000
v 29.417348 22.476856 2.500000
v 27.752940 18.171640 0.000000
v 28.834668 17.206855 0.000000
v 28.834668 17.206855 2.500000
v 27.752940 18.171640 2.500000
v 28.774463 17.232024 0.000000
v 33.364496 16.939665 0.000000
v 33.364496 16.939665 2.500000
v 28.774463 17.232024 2.500000
v 33.278374 16.900178 0.000000
v 34.184686 18.098849 0.000000
v 34.184686 18.098849 2.500000
v 33.278374 16.900178 2.500000
v 18.652492 18.652492 0.000000
v 17.015282 23.476412 0.000000
v 8.039867 23.534884 0.000000
v 6.665781 14.851827 0.000000
v 13.068439 12.425249 0.000000
v 17.395349 13.594684 0.000000
v 18.652492 18.652492 2.500000
v 17.015282 23.476412 2.500000
v 8.039867 23.534884 2.500000
v 6.665781 14.851827 2.500000
v 13.068439 12.425249 2.500000
v 17.395349 13.594684 2.500000
v 18.557797 18.620353 0.000000
v 16.920588 23.444273 0.000000
v 16.920588 23.444273 2.500000
v 18.557797 18.620353 2.500000
v 17.014631 23.376414 0.000000
v 8.039216 23.434886 0.000000
v 8.039216 23.434886 2.500000
v 17.014631 23.376414 2.500000
v 8.138638 23.519253 0.000000
v 6.764552 14.836197 0.000000
v 6.764552 14.836197 2.500000
v 8.138638 23.519253 2.500000
v 6.701220 14.945337 0.000000
v 13.103878 12.518759 0.000000
v 13.103878 12.518759 2.500000
v 6.701220 14.945337 2.500000
v 13.042348 12.521786 0.000000
v 17.369258 13.691221 0.000000
v 17.369258 13.691221 2.500000
v 13.042348 12.521786 2.500000
v 17.298302 13.618806 0.000000
v 18.555445 18.676613 0.000000
v 18.555445 18.676613 2.500000
v 17.298302 13.618806 2.500000
v 16.839867 12.863787 0.000000
v 16.869103 12.922259 0.000000
v 17.102990 12.922259 0.000000
v 17.102990 13.039203 0.000000
v 17.015282 13.068439 0.000000
v 17.015282 13.185382 0.000000
v 16.781395 13.185382 0.000000
v 16.752159 13.126910 0.000000
v 16.605980 13.126910 0.000000
v 16.605980 13.009967 0.000000
v 16.693688 12.980731 0.000000
v 16.693688 12.863787 0.000000
v 16.839867 12.863787 2.500000
v 16.869103 12.922259 2.500000
v 17.102990 12.922259 2.500000
v 17.102990 13.039203 2.500000
v 17.015282 13.068439 2.500000
v 17.015282 13.185382 2.500000
v 16.781395 13.185382 2.500000
v 16.752159 13.126910 2.500000
v 16.605980 13.126910 2.500000
v 16.605980 13.009967 2.500000
v 16.693688 12.980731 2.500000
v 16.693688 12.863787 2.500000
v 16.750424 12.908509 0.000000
v 16.779660 12.966980 0.000000
v 16.779660 12.966980 2.500000
v 16.750424 12.908509 2.500000
v 16.869103 13.022259 0.000000
v 17.102990 13.022259 0.000000
v 17.102990 13.022259 2.500000
v 16.869103 13.022259 2.500000
v 17.002990 12.922259 0.000000
v 17.002990 13.039203 0.000000
v 17.002990 13.039203 2.500000
v 17.002990 12.922259 2.500000
v 17.071367 12.944334 0.000000
v 16.983660 12.973570 0.000000
v 16.983660 12.973570 2.500000
v 17.071367 12.944334 2.500000
v 16.915282 13.068439 0.000000
v 16.915282 13.185382 0.000000
v 16.915282 13.185382 2.500000
v 16.915282 13.068439 2.500000
v 17.015282 13.085382 0.000000
v 16.781395 13.085382 0.000000
v 16.781395 13.085382 2.500000
v 17.015282 13.085382 2.500000
v 16.870838 13.140661 0.000000
v 16.841602 13.082189 0.000000
v 16.841602 13.082189 2.500000
v 16.870838 13.140661 2.500000
v 16.752159 13.026910 0.000000
v 16.605980 13.026910 0.000000
v 16.605980 13.026910 2.500000
v 16.752159 13.026910 2.500000
v 16.705980 13.126910 0.000000
v 16.705980 13.009967 0.000000
v 16.705980 13.009967 2.500000
v 16.705980 13.126910 2.500000
v 16.637603 13.104835 0.000000
v 16.725310 13.075599 0.000000
v 16.725310 13.075599 2.500000
v 16.637603 13.104835 2.500000
v 16.793688 12.980731 0.000000
v 16.793688 12.863787 0.000000
v 16.793688 12.863787 2.500000
v 16.793688 12.980731 2.500000
v 16.693688 12.963787 0.000000
v 16.839867 12.963787 0.000000
v 16.839867 12.963787 2.500000
v 16.693688 12.963787 2.500000
v 21.166777 10.261794 0.000000
v 21.196013 10.349502 0.000000
v 21.809967 10.349502 0.000000
v 22.073090 10.466445 0.000000
v 21.634551 10.671096 0.000000
v 21.371429 10.671096 0.000000
v 21.108306 10.846512 0.000000
v 20.932890 10.407973 0.000000
v 21.166777 10.261794 2.500000
v 21.196013 10.349502 2.500000
v 21.809967 10.349502 2.500000
v 22.073090 10.466445 2.500000
v 21.634551 10.671096 2.500000
v 21.371429 10.671096 2.500000
v 21.108306 10.846512 2.500000
v 20.932890 10.407973 2.500000
v 21.071909 10.293417 0.000000
v 21.101145 10.381124 0.000000
v 21.101145 10.381124 2.500000
v 21.071909 10.293417 2.500000
v 21.196013 10.449502 0.000000
v 21.809967 10.449502 0.000000
v 21.809967 10.449502 2.500000
v 21.196013 10.449502 2.500000
v 21.769353 10.440883 0.000000
v 22.032476 10.557826 0.000000
v 22.032476 10.557826 2.500000
v 21.769353 10.440883 2.500000
v 22.030801 10.375827 0.000000
v 21.592263 10.580478 0.000000
v 21.592263 10.580478 2.500000
v 22.030801 10.375827 2.500000
v 21.634551 10.571096 0.000000
v 21.371429 10.571096 0.000000
v 21.371429 10.571096 2.500000
v 21.634551 10.571096 2.500000
v 21.315959 10.587891 0.000000
v 21.052836 10.763307 0.000000
v 21.052836 10.763307 2.500000
v 21.315959 10.587891 2.500000
v 21.201153 10.809373 0.000000
v 21.025738 10.370834 0.000000
v 21.025738 10.370834 2.500000
v 21.201153 10.809373 2.500000
v 20.985890 10.492773 0.000000
v 21.219777 10.346594 0.000000
v 21.219777 10.346594 2.500000
v 20.985890 10.492773 2.500000
v 23.154817 16.372093 0.000000
v 22.540864 16.810631 0.000000
v 20.757475 16.079734 0.000000
v 20.026578 14.471761 0.000000
v 20.494352 11.811296 0.000000
v 22.160797 11.752824 0.000000
v 22.891694 9.969435 0.000000
v 23.154817 16.372093 2.500000
v 22.540864 16.810631 2.500000
v 20.757475 16.079734 2.500000
v 20.026578 14.471761 2.500000
v 20.494352 11.811296 2.500000
v 22.160797 11.752824 2.500000
v 22.891694 9.969435 2.500000
v 23.096693 16.290720 0.000000
v 22.482740 16.729258 0.000000
v 22.482740 16.729258 2.500000
v 23.096693 16.290720 2.500000
v 22.578786 16.718101 0.000000
v 20.795397 15.987204 0.000000
v 20.795397 15.987204 2.500000
v 22.578786 16.718101 2.500000
v 20.848512 16.038354 0.000000
v 20.117615 14.430381 0.000000
v 20.117615 14.430381 2.500000
v 20.848512 16.038354 2.500000
v 20.125067 14.489078 0.000000
v 20.592841 11.828612 0.000000
v 20.592841 11.828612 2.500000
v 20.125067 14.489078 2.500000
v 20.497859 11.911234 0.000000
v 22.164304 11.852762 0.000000
v 22.164304 11.852762 2.500000
v 20.497859 11.911234 2.500000
v 22.253328 11.790746 0.000000
v 22.984225 10.007358 0.000000
v 22.984225 10.007358 2.500000
v 22.253328 11.790746 2.500000
v 22.791779 9.973541 0.000000
v 23.054902 16.376199 0.000000
v 23.054902 16.376199 2.500000
v 22.791779 9.973541 2.500000
v 33.621262 28.212625 0.000000
v 33.708970 30.493023 0.000000
v 33.358140 30.990033 0.000000
v 33.211960 29.849834 0.000000
v 33.387375 29.118937 0.000000
v 33.007309 28.651163 0.000000
v 33.007309 28.154153 0.000000
v 33.621262 28.212625 2.500000
v 33.708970 30.493023 2.500000
v 33.358140 30.990033 2.500000
v 33.211960 29.849834 2.500000
v 33.387375 29.118937 2.500000
v 33.007309 28.651163 2.500000
v 33.007309 28.154153 2.500000
v 33.521336 28.216468 0.000000
v 33.609044 30.496867 0.000000
v 33.609044 30.496867 2.500000
v 33.521336 28.216468 2.500000
v 33.627273 30.435355 0.000000
v 33.276443 30.932365 0.000000
v 33.276443 30.932365 2.500000
v 33.627273 30.435355 2.500000
v 33.457328 30.977317 0.000000
v 33.311148 29.837117 0.000000
v 33.311148 29.837117 2.500000
v 33.457328 30.977317 2.500000
v 33.309199 29.873171 0.000000
v 33.484614 29.142274 0.000000
v 33.484614 29.142274 2.500000
v 33.309199 29.873171 2.500000
v 33.464987 29.055878 0.000000
v 33.084920 28.588104 0.000000
v 33.084920 28.588104 2.500000
v 33.464987 29.055878 2.500000
v 33.107309 28.651163 0.000000
v 33.107309 28.154153 0.000000
v 33.107309 28.154153 2.500000
v 33.107309 28.651163 2.500000
v 32.997828 28.253702 0.000000
v 33.611782 28.312174 0.000000
v 33.611782 28.312174 2.500000
v 32.997828 28.253702 2.500000
v 33.533555 25.639867 0.000000
v 33.533555 25.902990 0.000000
v 33.621262 25.932226 0.000000
v 33.621262 26.136877 0.000000
v 33.708970 26.166113 0.000000
v 33.708970 26.341528 0.000000
v 33.562791 26.283056 0.000000
v 33.533555 26.195349 0.000000
v 33.475083 26.195349 0.000000
v 33.475083 26.078405 0.000000
v 33.387375 26.049169 0.000000
v 33.387375 25.727575 0.000000
v 33.475083 25.698339 0.000000
v 33.475083 25.639867 0.000000
v 33.533555 25.639867 2.500000
v 33.533555 25.902990 2.500000
v 33.621262 25.932226 2.500000
v 33.621262 26.136877 2.500000
v 33.708970 26.166113 2.500000
v 33.708970 26.341528 2.500000
v 33.562791 26.283056 2.500000
v 33.533555 26.195349 2.500000
v 33.475083 26.195349 2.500000
v 33.475083 26.078405 2.500000
v 33.387375 26.049169 2.500000
v 33.387375 25.727575 2.500000
v 33.475083 25.698339 2.500000
v 33.475083 25.639867 2.500000
v 33.433555 25.639867 0.000000
v 33.433555 25.902990 0.000000
v 33.433555 25.902990 2.500000
v 33.433555 25.639867 2.500000
v 33.501932 25.997858 0.000000
v 33.589640 26.027094 0.000000
v 33.589640 26.027094 2.500000
v 33.501932 25.997858 2.500000
v 33.521262 25.932226 0.000000
v 33.521262 26.136877 0.000000
v 33.521262 26.136877 2.500000
v 33.521262 25.932226 2.500000
v 33.589640 26.231745 0.000000
v 33.677347 26.260981 0.000000
v 33.677347 26.260981 2.500000
v 33.589640 26.231745 2.500000
v 33.608970 26.166113 0.000000
v 33.608970 26.341528 0.000000
v 33.608970 26.341528 2.500000
v 33.608970 26.166113 2.500000
v 33.746109 26.248681 0.000000
v 33.599930 26.190209 0.000000
v 33.599930 26.190209 2.500000
v 33.746109 26.248681 2.500000
v 33.657659 26.251434 0.000000
v 33.628423 26.163726 0.000000
v 33.628423 26.163726 2.500000
v 33.657659 26.251434 2.500000
v 33.533555 26.095349 0.000000
v 33.475083 26.095349 0.000000
v 33.475083 26.095349 2.500000
v 33.533555 26.095349 2.500000
v 33.575083 26.195349 0.000000
v 33.575083 26.078405 0.000000
v 33.575083 26.078405 2.500000
v 33.575083 26.195349 2.500000
v 33.506706 25.983537 0.000000
v 33.418998 25.954301 0.000000
v 33.418998 25.954301 2.500000
v 33.506706 25.983537 2.500000
v 33.487375 26.049169 0.000000
v 33.487375 25.727575 0.000000
v 33.487375 25.727575 2.500000
v 33.487375 26.049169 2.500000
v 33.418998 25.822443 0.000000
v 33.506706 25.793207 0.000000
v 33.506706 25.793207 2.500000
v 33.418998 25.822443 2.500000
v 33.575083 25.698339 0.000000
v 33.575083 25.639867 0.000000
v 33.575083 25.639867 2.500000
v 33.575083 25.698339 2.500000
v 33.475083 25.739867 0.000000
v 33.533555 25.739867 0.000000
v 33.533555 25.739867 2.500000
v 33.475083 25.739867 2.500000
v 34.264452 23.125581 0.000000
v 33.621262 24.002658 0.000000
v 33.796678 25.172093 0.000000
v 33.387375 25.172093 0.000000
v 33.211960 24.792027 0.000000
v 33.211960 23.944186 0.000000
v 32.744186 23.242525 0.000000
v 33.007309 22.687043 0.000000
v 34.264452 23.125581 2.500000
v 33.621262 24.002658 2.500000
v 33.796678 25.172093 2.500000
v 33.387375 25.172093 2.500000
v 33.211960 24.792027 2.500000
v 33.211960 23.944186 2.500000
v 32.744186 23.242525 2.500000
v 33.007309 22.687043 2.500000
v 34.183811 23.066445 0.000000
v 33.540622 23.943521 0.000000
v 33.540622 23.943521 2.500000
v 34.183811 23.066445 2.500000
v 33.522369 24.017492 0.000000
v 33.697784 25.186927 0.000000
v 33.697784 25.186927 2.500000
v 33.522369 24.017492 2.500000
v 33.796678 25.072093 0.000000
v 33.387375 25.072093 0.000000
v 33.387375 25.072093 2.500000
v 33.796678 25.072093 2.500000
v 33.478171 25.130187 0.000000
v 33.302756 24.750121 0.000000
v 33.302756 24.750121 2.500000
v 33.478171 25.130187 2.500000
v 33.311960 24.792027 0.000000
v 33.311960 23.944186 0.000000
v 33.311960 23.944186 2.500000
v 33.311960 24.792027 2.500000
v 33.295165 23.888716 0.000000
v 32.827391 23.187055 0.000000
v 32.827391 23.187055 2.500000
v 33.295165 23.888716 2.500000
v 32.834560 23.285334 0.000000
v 33.097683 22.729852 0.000000
v 33.097683 22.729852 2.500000
v 32.834560 23.285334 2.500000
v 32.974372 22.781463 0.000000
v 34.231515 23.220001 0.000000
v 34.231515 23.220001 2.500000
v 32.974372 22.781463 2.500000
v 19.675748 32.627243 0.000000
v 17.775415 21.722259 0.000000
v 31.282392 23.067110 0.000000
v 30.902326 33.445847 0.000000
v 29.469767 23.242525 0.000000
v 20.991362 24.295017 0.000000
v 21.079070 32.481063 0.000000
v 27.130897 33.358140 0.000000
v 10.641860 33.328904 0.000000
v 19.675748 32.627243 2.500000
v 17.775415 21.722259 2.500000
v 31.282392 23.067110 2.500000
v 30.902326 33.445847 2.500000
v 29.469767 23.242525 2.500000
v 20.991362 24.295017 2.500000
v 21.079070 32.481063 2.500000
v 27.130897 33.358140 2.500000
v 10.641860 33.328904 2.500000
v 19.774263 32.610075 0.000000
v 17.873931 21.705092 0.000000
v 17.873931 21.705092 2.500000
v 19.774263 32.610075 2.500000
v 17.765508 21.821767 0.000000
v 31.272484 23.166618 0.000000
v 31.272484 23.166618 2.500000
v 17.765508 21.821767 2.500000
v 31.182459 23.063450 0.000000
v 30.802393 33.442188 0.000000
v 30.802393 33.442188 2.500000
v 31.182459 23.063450 2.500000
v 31.001354 33.431943 0.000000
v 29.568796 23.228621 0.000000
v 29.568796 23.228621 2.500000
v 31.001354 33.431943 2.500000
v 29.457448 23.143287 0.000000
v 20.979043 24.195778 0.000000
v 20.979043 24.195778 2.500000
v 29.457448 23.143287 2.500000
v 20.891368 24.296088 0.000000
v 20.979076 32.482134 0.000000
v 20.979076 32.482134 2.500000
v 20.891368 24.296088 2.500000
v 21.064727 32.580029 0.000000
v 27.116554 33.457106 0.000000
v 27.116554 33.457106 2.500000
v 21.064727 32.580029 2.500000
v 27.131074 33.258140 0.000000
v 10.642038 33.228904 0.000000
v 10.642038 33.228904 2.500000
v 27.131074 33.258140 2.500000
v 10.649604 33.428603 0.000000
v 19.683491 32.726942 0.000000
v 19.683491 32.726942 2.500000
v 10.649604 33.428603 2.500000
v 33.445847 21.196013 0.000000
v 33.475083 21.342193 0.000000
v 33.533555 21.342193 0.000000
v 33.533555 21.400664 0.000000
v 33.445847 21.429900 0.000000
v 33.445847 21.693023 0.000000
v 33.358140 21.634551 0.000000
v 33.211960 21.634551 0.000000
v 33.182724 21.546844 0.000000
v 33.124252 21.546844 0.000000
v 33.124252 21.429900 0.000000
v 33.358140 21.283721 0.000000
v 33.387375 21.196013 0.000000
v 33.445847 21.196013 2.500000
v 33.475083 21.342193 2.500000
v 33.533555 21.342193 2.500000
v 33.533555 21.400664 2.500000
v 33.445847 21.429900 2.500000
v 33.445847 21.693023 2.500000
v 33.358140 21.634551 2.500000
v 33.211960 21.634551 2.500000
v 33.182724 21.546844 2.500000
v 33.124252 21.546844 2.500000
v 33.124252 21.429900 2.500000
v 33.358140 21.283721 2.500000
v 33.387375 21.196013 2.500000
v 33.347789 21.215625 0.000000
v 33.377025 21.361804 0.000000
v 33.377025 21.361804 2.500000
v 33.347789 21.215625 2.500000
v 33.475083 21.442193 0.000000
v 33.533555 21.442193 0.000000
v 33.533555 21.442193 2.500000
v 33.475083 21.442193 2.500000
v 33.433555 21.342193 0.000000
v 33.433555 21.400664 0.000000
v 33.433555 21.400664 2.500000
v 33.433555 21.342193 2.500000
v 33.501932 21.305796 0.000000
v 33.414224 21.335032 0.000000
v 33.414224 21.335032 2.500000
v 33.501932 21.305796 2.500000
v 33.345847 21.429900 0.000000
v 33.345847 21.693023 0.000000
v 33.345847 21.693023 2.500000
v 33.345847 21.429900 2.500000
v 33.501317 21.609818 0.000000
v 33.413610 21.551346 0.000000
v 33.413610 21.551346 2.500000
v 33.501317 21.609818 2.500000
v 33.358140 21.534552 0.000000
v 33.211960 21.534552 0.000000
v 33.211960 21.534552 2.500000
v 33.358140 21.534552 2.500000
v 33.306828 21.602929 0.000000
v 33.277593 21.515221 0.000000
v 33.277593 21.515221 2.500000
v 33.306828 21.602929 2.500000
v 33.182724 21.446844 0.000000
v 33.124252 21.446844 0.000000
v 33.124252 21.446844 2.500000
v 33.182724 21.446844 2.500000
v 33.224252 21.546844 0.000000
v 33.224252 21.429900 0.000000
v 33.224252 21.429900 2.500000
v 33.224252 21.546844 2.500000
v 33.177252 21.514700 0.000000
v 33.411139 21.368521 0.000000
v 33.411139 21.368521 2.500000
v 33.177252 21.514700 2.500000
v 33.453008 21.315344 0.000000
v 33.482244 21.227636 0.000000
v 33.482244 21.227636 2.500000
v 33.453008 21.315344 2.500000
v 33.387375 21.296013 0.000000
v 33.445847 21.296013 0.000000
v 33.445847 21.296013 2.500000
v 33.387375 21.296013 2.500000
v 34.527575 20.611296 0.000000
v 34.527575 20.815947 0.000000
v 34.089037 20.874419 0.000000
v 34.089037 20.757475 0.000000
v 34.205980 20.728239 0.000000
v 34.205980 20.611296 0.000000
v 34.352159 20.552824 0.000000
v 34.381395 20.465116 0.000000
v 34.527575 20.465116 0.000000
v 34.556811 20.552824 0.000000
v 34.615282 20.552824 0.000000
v 34.527575 20.611296 2.500000
v 34.527575 20.815947 2.500000
v 34.089037 20.874419 2.500000
v 34.089037 20.757475 2.500000
v 34.205980 20.728239 2.500000
v 34.205980 20.611296 2.500000
v 34.352159 20.552824 2.500000
v 34.381395 20.465116 2.500000
v 34.527575 20.465116 2.500000
v 34.556811 20.552824 2.500000
v 34.615282 20.552824 2.500000
v 34.427575 20.611296 0.000000
v 34.427575 20.815947 0.000000
v 34.427575 20.815947 2.500000
v 34.427575 20.611296 2.500000
v 34.514358 20.716824 0.000000
v 34.075820 20.775296 0.000000
v 34.075820 20.775296 2.500000
v 34.514358 20.716824 2.500000
v 34.189037 20.874419 0.000000
v 34.189037 20.757475 0.000000
v 34.189037 20.757475 2.500000
v 34.189037 20.874419 2.500000
v 34.113290 20.854489 0.000000
v 34.230234 20.825253 0.000000
v 34.230234 20.825253 2.500000
v 34.113290 20.854489 2.500000
v 34.305980 20.728239 0.000000
v 34.305980 20.611296 0.000000
v 34.305980 20.611296 2.500000
v 34.305980 20.728239 2.500000
v 34.243119 20.704143 0.000000
v 34.389299 20.645672 0.000000
v 34.389299 20.645672 2.500000
v 34.243119 20.704143 2.500000
v 34.447028 20.584447 0.000000
v 34.476264 20.496739 0.000000
v 34.476264 20.496739 2.500000
v 34.447028 20.584447 2.500000
v 34.381395 20.565116 0.000000
v 34.527575 20.565116 0.000000
v 34.527575 20.565116 2.500000
v 34.381395 20.565116 2.500000
v 34.432706 20.496739 0.000000
v 34.461942 20.584447 0.000000
v 34.461942 20.584447 2.500000
v 34.432706 20.496739 2.500000
v 34.556811 20.652824 0.000000
v 34.615282 20.652824 0.000000
v 34.615282 20.652824 2.500000
v 34.556811 20.652824 2.500000
v 34.559812 20.469619 0.000000
v 34.472105 20.528091 0.000000
v 34.472105 20.528091 2.500000
v 34.559812 20.469619 2.500000
v 26.136877 18.067774 0.000000
v 25.873754 18.301661 0.000000
v 25.435216 18.301661 0.000000
v 25.405980 18.213953 0.000000
v 25.172093 18.155482 0.000000
v 25.259801 17.892359 0.000000
v 25.698339 17.600000 0.000000
v 25.873754 17.600000 0.000000
v 26.136877 17.804651 0.000000
v 26.136877 18.067774 2.500000
v 25.873754 18.301661 2.500000
v 25.435216 18.301661 2.500000
v 25.405980 18.213953 2.500000
v 25.172093 18.155482 2.500000
v 25.259801 17.892359 2.500000
v 25.698339 17.600000 2.500000
v 25.873754 17.600000 2.500000
v 26.136877 17.804651 2.500000
v 26.070441 17.993033 0.000000
v 25.807318 18.226920 0.000000
v 25.807318 18.226920 2.500000
v 26.070441 17.993033 2.500000
v 25.873754 18.201661 0.000000
v 25.435216 18.201661 0.000000
v 25.435216 18.201661 2.500000
v 25.873754 18.201661 2.500000
v 25.530084 18.270038 0.000000
v 25.500848 18.182331 0.000000
v 25.500848 18.182331 2.500000
v 25.530084 18.270038 2.500000
v 25.430234 18.116939 0.000000
v 25.196347 18.058467 0.000000
v 25.196347 18.058467 2.500000
v 25.430234 18.116939 2.500000
v 25.266961 18.187105 0.000000
v 25.354669 17.923982 0.000000
v 25.354669 17.923982 2.500000
v 25.266961 18.187105 2.500000
v 25.315271 17.975564 0.000000
v 25.753809 17.683205 0.000000
v 25.753809 17.683205 2.500000
v 25.315271 17.975564 2.500000
v 25.698339 17.700000 0.000000
v 25.873754 17.700000 0.000000
v 25.873754 17.700000 2.500000
v 25.698339 17.700000 2.500000
v 25.812360 17.678935 0.000000
v 26.075483 17.883586 0.000000
v 26.075483 17.883586 2.500000
v 25.812360 17.678935 2.500000
v 26.036877 17.804651 0.000000
v 26.036877 18.067774 0.000000
v 26.036877 18.067774 2.500000
v 26.036877 17.804651 2.500000
v 28.388040 17.395349 0.000000
v 28.212625 17.658472 0.000000
v 28.212625 17.863123 0.000000
v 28.037209 18.009302 0.000000
v 27.774086 18.009302 0.000000
v 27.774086 17.804651 0.000000
v 27.891030 17.775415 0.000000
v 27.978738 17.366113 0.000000
v 28.066445 17.336877 0.000000
v 27.978738 17.132226 0.000000
v 28.388040 17.073754 0.000000
v 28.388040 17.395349 2.500000
v 28.212625 17.658472 2.500000
v 28.212625 17.863123 2.500000
v 28.037209 18.009302 2.500000
v 27.774086 18.009302 2.500000
v 27.774086 17.804651 2.500000
v 27.891030 17.775415 2.500000
v 27.978738 17.366113 2.500000
v 28.066445 17.336877 2.500000
v 27.978738 17.132226 2.500000
v 28.388040 17.073754 2.500000
v 28.304835 17.339879 0.000000
v 28.129420 17.603002 0.000000
v 28.129420 17.603002 2.500000
v 28.304835 17.339879 2.500000
v 28.112625 17.658472 0.000000
v 28.112625 17.863123 0.000000
v 28.112625 17.863123 2.500000
v 28.112625 17.658472 2.500000
v 28.148606 17.786301 0.000000
v 27.973191 17.932480 0.000000
v 27.973191 17.932480 2.500000
v 28.148606 17.786301 2.500000
v 28.037209 17.909302 0.000000
v 27.774086 17.909302 0.000000
v 27.774086 17.909302 2.500000
v 28.037209 17.909302 2.500000
v 27.874086 18.009302 0.000000
v 27.874086 17.804651 0.000000
v 27.874086 17.804651 2.500000
v 27.874086 18.009302 2.500000
v 27.798340 17.901665 0.000000
v 27.915283 17.872430 0.000000
v 27.915283 17.872430 2.500000
v 27.798340 17.901665 2.500000
v 27.988810 17.796368 0.000000
v 28.076518 17.387066 0.000000
v 28.076518 17.387066 2.500000
v 27.988810 17.796368 2.500000
v 28.010360 17.460981 0.000000
v 28.098068 17.431745 0.000000
v 28.098068 17.431745 2.500000
v 28.010360 17.460981 2.500000
v 28.158360 17.297485 0.000000
v 28.070652 17.092834 0.000000
v 28.070652 17.092834 2.500000
v 28.158360 17.297485 2.500000
v 27.992880 17.231221 0.000000
v 28.402182 17.172749 0.000000
v 28.402182 17.172749 2.500000
v 27.992880 17.231221 2.500000
v 28.288040 17.073754 0.000000
v 28.288040 17.395349 0.000000
v 28.288040 17.395349 2.500000
v 28.288040 17.073754 2.500000
v 17.833887 14.968771 0.000000
v 18.184718 15.144186 0.000000
v 18.184718 15.495017 0.000000
v 17.921595 15.728904 0.000000
v 17.833887 16.138206 0.000000
v 17.687708 15.787375 0.000000
v 17.775415 14.413289 0.000000
v 17.833887 14.968771 2.500000
v 18.184718 15.144186 2.500000
v 18.184718 15.495017 2.500000
v 17.921595 15.728904 2.500000
v 17.833887 16.138206 2.500000
v 17.687708 15.787375 2.500000
v 17.775415 14.413289 2.500000
v 17.789166 15.058213 0.000000
v 18.139996 15.233629 0.000000
v 18.139996 15.233629 2.500000
v 17.789166 15.058213 2.500000
v 18.084718 15.144186 0.000000
v 18.084718 15.495017 0.000000
v 18.084718 15.495017 2.500000
v 18.084718 15.144186 2.500000
v 18.118281 15.420276 0.000000
v 17.855158 15.654163 0.000000
v 17.855158 15.654163 2.500000
v 18.118281 15.420276 2.500000
v 17.823814 15.707951 0.000000
v 17.736107 16.117253 0.000000
v 17.736107 16.117253 2.500000
v 17.823814 15.707951 2.500000
v 17.926195 16.099744 0.000000
v 17.780015 15.748914 0.000000
v 17.780015 15.748914 2.500000
v 17.926195 16.099744 2.500000
v 17.787505 15.793745 0.000000
v 17.875212 14.419659 0.000000
v 17.875212 14.419659 2.500000
v 17.787505 15.793745 2.500000
v 17.675965 14.423758 0.000000
v 17.734436 14.979239 0.000000
v 17.734436 14.979239 2.500000
v 17.675965 14.423758 2.500000
v 33.972093 14.384053 0.000000
v 33.796678 14.910299 0.000000
v 33.972093 15.348837 0.000000
v 33.796678 15.553488 0.000000
v 33.299668 15.553488 0.000000
v 33.475083 14.617940 0.000000
v 33.738206 14.384053 0.000000
v 33.738206 14.179402 0.000000
v 33.884385 14.179402 0.000000
v 33.972093 14.384053 2.500000
v 33.796678 14.910299 2.500000
v 33.972093 15.348837 2.500000
v 33.796678 15.553488 2.500000
v 33.299668 15.553488 2.500000
v 33.475083 14.617940 2.500000
v 33.738206 14.384053 2.500000
v 33.738206 14.179402 2.500000
v 33.884385 14.179402 2.500000
v 33.877225 14.352430 0.000000
v 33.701809 14.878676 0.000000
v 33.701809 14.878676 2.500000
v 33.877225 14.352430 2.500000
v 33.703830 14.947438 0.000000
v 33.879245 15.385976 0.000000
v 33.879245 15.385976 2.500000
v 33.703830 14.947438 2.500000
v 33.896167 15.283758 0.000000
v 33.720752 15.488409 0.000000
v 33.720752 15.488409 2.500000
v 33.896167 15.283758 2.500000
v 33.796678 15.453488 0.000000
v 33.299668 15.453488 0.000000
v 33.299668 15.453488 2.500000
v 33.796678 15.453488 2.500000
v 33.397955 15.571917 0.000000
v 33.573370 14.636369 0.000000
v 33.573370 14.636369 2.500000
v 33.397955 15.571917 2.500000
v 33.541519 14.692681 0.000000
v 33.804642 14.458794 0.000000
v 33.804642 14.458794 2.500000
v 33.541519 14.692681 2.500000
v 33.838206 14.384053 0.000000
v 33.838206 14.179402 0.000000
v 33.838206 14.179402 2.500000
v 33.838206 14.384053 2.500000
v 33.738206 14.279402 0.000000
v 33.884385 14.279402 0.000000
v 33.884385 14.279402 2.500000
v 33.738206 14.279402 2.500000
v 33.792471 14.218794 0.000000
v 33.880179 14.423445 0.000000
v 33.880179 14.423445 2.500000
v 33.792471 14.218794 2.500000
v 11.080399 12.717608 0.000000
v 11.168106 12.893023 0.000000
v 11.080399 13.126910 0.000000
v 10.554153 13.039203 0.000000
v 9.823256 13.185382 0.000000
v 9.560133 13.126910 0.000000
v 9.384718 12.776080 0.000000
v 11.080399 12.717608 2.500000
v 11.168106 12.893023 2.500000
v 11.080399 13.126910 2.500000
v 10.554153 13.039203 2.500000
v 9.823256 13.185382 2.500000
v 9.560133 13.126910 2.500000
v 9.384718 12.776080 2.500000
v 10.990956 12.762329 0.000000
v 11.078664 12.937745 0.000000
v 11.078664 12.937745 2.500000
v 10.990956 12.762329 2.500000
v 11.074473 12.857911 0.000000
v 10.986766 13.091798 0.000000
v 10.986766 13.091798 2.500000
v 11.074473 12.857911 2.500000
v 11.096839 13.028271 0.000000
v 10.570593 12.940563 0.000000
v 10.570593 12.940563 2.500000
v 11.096839 13.028271 2.500000
v 10.534541 12.941145 0.000000
v 9.803644 13.087324 0.000000
v 9.803644 13.087324 2.500000
v 10.534541 12.941145 2.500000
v 9.844949 13.087763 0.000000
v 9.581826 13.029292 0.000000
v 9.581826 13.029292 2.500000
v 9.844949 13.087763 2.500000
v 9.649576 13.082189 0.000000
v 9.474160 12.731358 0.000000
v 9.474160 12.731358 2.500000
v 9.649576 13.082189 2.500000
v 9.388164 12.876020 0.000000
v 11.083845 12.817549 0.000000
v 11.083845 12.817549 2.500000
v 9.388164 12.876020 2.500000
v 12.425249 12.191362 0.000000
v 12.512957 12.834551 0.000000
v 12.366777 12.834551 0.000000
v 12.191362 12.688372 0.000000
v 12.366777 12.396013 0.000000
v 12.279070 11.899003 0.000000
v 12.951495 11.899003 0.000000
v 12.425249 12.191362 2.500000
v 12.512957 12.834551 2.500000
v 12.366777 12.834551 2.500000
v 12.191362 12.688372 2.500000
v 12.366777 12.396013 2.500000
v 12.279070 11.899003 2.500000
v 12.951495 11.899003 2.500000
v 12.326166 12.204873 0.000000
v 12.413874 12.848063 0.000000
v 12.413874 12.848063 2.500000
v 12.326166 12.204873 2.500000
v 12.512957 12.734552 0.000000
v 12.366777 12.734552 0.000000
v 12.366777 12.734552 2.500000
v 12.512957 12.734552 2.500000
v 12.430796 12.757729 0.000000
v 12.255381 12.611550 0.000000
v 12.255381 12.611550 2.500000
v 12.430796 12.757729 2.500000
v 12.277111 12.739822 0.000000
v 12.452527 12.447463 0.000000
v 12.452527 12.447463 2.500000
v 12.277111 12.739822 2.500000
v 12.465256 12.378635 0.000000
v 12.377548 11.881625 0.000000
v 12.377548 11.881625 2.500000
v 12.465256 12.378635 2.500000
v 12.279070 11.999003 0.000000
v 12.951495 11.999003 0.000000
v 12.951495 11.999003 2.500000
v 12.279070 11.999003 2.500000
v 12.902931 11.811588 0.000000
v 12.376685 12.103946 0.000000
v 12.376685 12.103946 2.500000
v 12.902931 11.811588 2.500000
v 35.697010 24.499668 0.000000
v 35.258472 24.938206 0.000000
v 34.644518 25.084385 0.000000
v 33.738206 24.645847 0.000000
v 33.650498 24.002658 0.000000
v 34.293688 23.359468 0.000000
v 34.966113 23.417940 0.000000
v 35.346179 23.213289 0.000000
v 35.609302 23.417940 0.000000
v 35.697010 24.499668 2.500000
v 35.258472 24.938206 2.500000
v 34.644518 25.084385 2.500000
v 33.738206 24.645847 2.500000
v 33.650498 24.002658 2.500000
v 34.293688 23.359468 2.500000
v 34.966113 23.417940 2.500000
v 35.346179 23.213289 2.500000
v 35.609302 23.417940 2.500000
v 35.626299 24.428957 0.000000
v 35.187761 24.867495 0.000000
v 35.187761 24.867495 2.500000
v 35.626299 24.428957 2.500000
v 35.235310 24.840925 0.000000
v 34.621356 24.987105 0.000000
v 34.621356 24.987105 2.500000
v 35.235310 24.840925 2.500000
v 34.688074 24.994369 0.000000
v 33.781762 24.555831 0.000000
v 33.781762 24.555831 2.500000
v 34.688074 24.994369 2.500000
v 33.837289 24.632336 0.000000
v 33.749581 23.989146 0.000000
v 33.749581 23.989146 2.500000
v 33.837289 24.632336 2.500000
v 33.721209 24.073368 0.000000
v 34.364398 23.430179 0.000000
v 34.364398 23.430179 2.500000
v 33.721209 24.073368 2.500000
v 34.285025 23.459092 0.000000
v 34.957450 23.517564 0.000000
v 34.957450 23.517564 2.500000
v 34.285025 23.459092 2.500000
v 35.013523 23.505987 0.000000
v 35.393589 23.301336 0.000000
v 35.393589 23.301336 2.500000
v 35.013523 23.505987 2.500000
v 35.284785 23.292224 0.000000
v 35.547908 23.496875 0.000000
v 35.547908 23.496875 2.500000
v 35.284785 23.292224 2.500000
v 35.509629 23.426022 0.000000
v 35.597337 24.507749 0.000000
v 35.597337 24.507749 2.500000
v 35.509629 23.426022 2.500000
v 34.878405 13.682392 0.000000
v 35.609302 14.267110 0.000000
v 35.697010 14.910299 0.000000
v 35.346179 15.495017 0.000000
v 35.697010 16.079734 0.000000
v 34.469103 15.845847 0.000000
v 34.381395 15.436545 0.000000
v 34.001329 15.348837 0.000000
v 33.913621 14.413289 0.000000
v 34.469103 13.682392 0.000000
v 34.878405 13.682392 2.500000
v 35.609302 14.267110 2.500000
v 35.697010 14.910299 2.500000
v 35.346179 15.495017 2.500000
v 35.697010 16.079734 2.500000
v 34.469103 15.845847 2.500000
v 34.381395 15.436545 2.500000
v 34.001329 15.348837 2.500000
v 33.913621 14.413289 2.500000
v 34.469103 13.682392 2.500000
v 34.815936 13.760479 0.000000
v 35.546833 14.345197 0.000000
v 35.546833 14.345197 2.500000
v 34.815936 13.760479 2.500000
v 35.510219 14.280621 0.000000
v 35.597927 14.923810 0.000000
v 35.597927 14.923810 2.500000
v 35.510219 14.280621 2.500000
v 35.611261 14.858849 0.000000
v 35.260430 15.443567 0.000000
v 35.260430 15.443567 2.500000
v 35.611261 14.858849 2.500000
v 35.260430 15.546466 0.000000
v 35.611261 16.131184 0.000000
v 35.611261 16.131184 2.500000
v 35.260430 15.546466 2.500000
v 35.715721 15.981500 0.000000
v 34.487814 15.747613 0.000000
v 34.487814 15.747613 2.500000
v 35.715721 15.981500 2.500000
v 34.566883 15.824894 0.000000
v 34.479176 15.415592 0.000000
v 34.479176 15.415592 2.500000
v 34.566883 15.824894 2.500000
v 34.403881 15.339106 0.000000
v 34.023815 15.251398 0.000000
v 34.023815 15.251398 2.500000
v 34.403881 15.339106 2.500000
v 34.100892 15.339503 0.000000
v 34.013185 14.403955 0.000000
v 34.013185 14.403955 2.500000
v 34.100892 15.339503 2.500000
v 33.993237 14.473797 0.000000
v 34.548719 13.742900 0.000000
v 34.548719 13.742900 2.500000
v 33.993237 14.473797 2.500000
v 34.469103 13.782392 0.000000
v 34.878405 13.782392 0.000000
v 34.878405 13.782392 2.500000
v 34.469103 13.782392 2.500000
v 4.853156 10.495681 0.000000
v 5.291694 12.542193 0.000000
v 3.712957 12.542193 0.000000
v 3.069767 11.928239 0.000000
v 2.982060 10.934219 0.000000
v 3.332890 10.407973 0.000000
v 4.853156 10.495681 2.500000
v 5.291694 12.542193 2.500000
v 3.712957 12.542193 2.500000
v 3.069767 11.928239 2.500000
v 2.982060 10.934219 2.500000
v 3.332890 10.407973 2.500000
v 4.755376 10.516634 0.000000
v 5.193914 12.563146 0.000000
v 5.193914 12.563146 2.500000
v 4.755376 10.516634 2.500000
v 5.291694 12.442193 0.000000
v 3.712957 12.442193 0.000000
v 3.712957 12.442193 2.500000
v 5.291694 12.442193 2.500000
v 3.782004 12.469857 0.000000
v 3.138815 11.855904 0.000000
v 3.138815 11.855904 2.500000
v 3.782004 12.469857 2.500000
v 3.169380 11.919450 0.000000
v 3.081673 10.925430 0.000000
v 3.081673 10.925430 2.500000
v 3.169380 11.919450 2.500000
v 3.065265 10.989689 0.000000
v 3.416095 10.463443 0.000000
v 3.416095 10.463443 2.500000
v 3.065265 10.989689 2.500000
v 3.327131 10.507807 0.000000
v 4.847396 10.595515 0.000000
v 4.847396 10.595515 2.500000
v 3.327131 10.507807 2.500000
v 33.796678 31.662458 0.000000
v 33.621262 31.837874 0.000000
v 33.621262 32.334884 0.000000
v 33.475083 32.334884 0.000000
v 33.299668 31.019269 0.000000
v 33.708970 30.522259 0.000000
v 33.796678 31.662458 2.500000
v 33.621262 31.837874 2.500000
v 33.621262 32.334884 2.500000
v 33.475083 32.334884 2.500000
v 33.299668 31.019269 2.500000
v 33.708970 30.522259 2.500000
v 33.725967 31.591748 0.000000
v 33.550552 31.767163 0.000000
v 33.550552 31.767163 2.500000
v 33.725967 31.591748 2.500000
v 33.521262 31.837874 0.000000
v 33.521262 32.334884 0.000000
v 33.521262 32.334884 2.500000
v 33.521262 31.837874 2.500000
v 33.621262 32.234884 0.000000
v 33.475083 32.234884 0.000000
v 33.475083 32.234884 2.500000
v 33.621262 32.234884 2.500000
v 33.574206 32.321667 0.000000
v 33.398791 31.006053 0.000000
v 33.398791 31.006053 2.500000
v 33.574206 32.321667 2.500000
v 33.376861 31.082840 0.000000
v 33.786163 30.585830 0.000000
v 33.786163 30.585830 2.500000
v 33.376861 31.082840 2.500000
v 33.609265 30.529929 0.000000
v 33.696972 31.670128 0.000000
v 33.696972 31.670128 2.500000
v 33.609265 30.529929 2.500000
v 7.016611 18.623256 0.000000
v 7.104319 19.032558 0.000000
v 7.279734 19.149502 0.000000
v 7.192027 19.997342 0.000000
v 6.841196 20.289701 0.000000
v 6.578073 20.201993 0.000000
v 6.578073 18.623256 0.000000
v 7.016611 18.623256 2.500000
v 7.104319 19.032558 2.500000
v 7.279734 19.149502 2.500000
v 7.192027 19.997342 2.500000
v 6.841196 20.289701 2.500000
v 6.578073 20.201993 2.500000
v 6.578073 18.623256 2.500000
v 6.918831 18.644209 0.000000
v 7.006539 19.053511 0.000000
v 7.006539 19.053511 2.500000
v 6.918831 18.644209 2.500000
v 7.048849 19.115763 0.000000
v 7.224264 19.232707 0.000000
v 7.224264 19.232707 2.500000
v 7.048849 19.115763 2.500000
v 7.180265 19.139212 0.000000
v 7.092557 19.987052 0.000000
v 7.092557 19.987052 2.500000
v 7.180265 19.139212 2.500000
v 7.128008 19.920520 0.000000
v 6.777178 20.212879 0.000000
v 6.777178 20.212879 2.500000
v 7.128008 19.920520 2.500000
v 6.872819 20.194833 0.000000
v 6.609696 20.107125 0.000000
v 6.609696 20.107125 2.500000
v 6.872819 20.194833 2.500000
v 6.678073 20.201993 0.000000
v 6.678073 18.623256 0.000000
v 6.678073 18.623256 2.500000
v 6.678073 20.201993 2.500000
v 6.578073 18.723256 0.000000
v 7.016611 18.723256 0.000000
v 7.016611 18.723256 2.500000
v 6.578073 18.723256 2.500000
v 33.884385 9.677076 0.000000
v 33.621262 12.893023 0.000000
v 34.439867 13.682392 0.000000
v 34.059801 14.296346 0.000000
v 33.475083 13.711628 0.000000
v 33.211960 11.577409 0.000000
v 33.387375 7.542857 0.000000
v 33.884385 9.677076 2.500000
v 33.621262 12.893023 2.500000
v 34.439867 13.682392 2.500000
v 34.059801 14.296346 2.500000
v 33.475083 13.711628 2.500000
v 33.211960 11.577409 2.500000
v 33.387375 7.542857 2.500000
v 33.784718 9.668922 0.000000
v 33.521595 12.884869 0.000000
v 33.521595 12.884869 2.500000
v 33.784718 9.668922 2.500000
v 33.551849 12.965008 0.000000
v 34.370454 13.754376 0.000000
v 34.370454 13.754376 2.500000
v 33.551849 12.965008 2.500000
v 34.354841 13.629757 0.000000
v 33.974774 14.243710 0.000000
v 33.974774 14.243710 2.500000
v 34.354841 13.629757 2.500000
v 34.130511 14.225635 0.000000
v 33.545794 13.640917 0.000000
v 33.545794 13.640917 2.500000
v 34.130511 14.225635 2.500000
v 33.574332 13.699392 0.000000
v 33.311209 11.565173 0.000000
v 33.311209 11.565173 2.500000
v 33.574332 13.699392 2.500000
v 33.311866 11.581752 0.000000
v 33.487281 7.547201 0.000000
v 33.487281 7.547201 2.500000
v 33.311866 11.581752 2.500000
v 33.289981 7.565538 0.000000
v 33.786991 9.699757 0.000000
v 33.786991 9.699757 2.500000
v 33.289981 7.565538 2.500000
v 13.857807 5.174751 0.000000
v 14.062458 5.320930 0.000000
v 14.676412 5.320930 0.000000
v 14.676412 5.437874 0.000000
v 13.711628 5.584053 0.000000
v 12.980731 5.525581 0.000000
v 12.980731 5.320930 0.000000
v 13.857807 5.174751 2.500000
v 14.062458 5.320930 2.500000
v 14.676412 5.320930 2.500000
v 14.676412 5.437874 2.500000
v 13.711628 5.584053 2.500000
v 12.980731 5.525581 2.500000
v 12.980731 5.320930 2.500000
v 13.799683 5.256124 0.000000
v 14.004335 5.402304 0.000000
v 14.004335 5.402304 2.500000
v 13.799683 5.256124 2.500000
v 14.062458 5.420930 0.000000
v 14.676412 5.420930 0.000000
v 14.676412 5.420930 2.500000
v 14.062458 5.420930 2.500000
v 14.576412 5.320930 0.000000
v 14.576412 5.437874 0.000000
v 14.576412 5.437874 2.500000
v 14.576412 5.320930 2.500000
v 14.661431 5.339002 0.000000
v 13.696647 5.485182 0.000000
v 13.696647 5.485182 2.500000
v 14.661431 5.339002 2.500000
v 13.719602 5.484372 0.000000
v 12.988705 5.425900 0.000000
v 12.988705 5.425900 2.500000
v 13.719602 5.484372 2.500000
v 13.080731 5.525581 0.000000
v 13.080731 5.320930 0.000000
v 13.080731 5.320930 2.500000
v 13.080731 5.525581 2.500000
v 12.997171 5.419570 0.000000
v 13.874247 5.273390 0.000000
v 13.874247 5.273390 2.500000
v 12.997171 5.419570 2.500000
v 20.348173 5.671761 0.000000
v 17.863123 5.730233 0.000000
v 18.038538 5.379402 0.000000
v 19.997342 5.028571 0.000000
v 20.348173 5.233223 0.000000
v 20.348173 5.671761 2.500000
v 17.863123 5.730233 2.500000
v 18.038538 5.379402 2.500000
v 19.997342 5.028571 2.500000
v 20.348173 5.233223 2.500000
v 20.345820 5.571788 0.000000
v 17.860771 5.630260 0.000000
v 17.860771 5.630260 2.500000
v 20.345820 5.571788 2.500000
v 17.952566 5.774954 0.000000
v 18.127981 5.424123 0.000000
v 18.127981 5.424123 2.500000
v 17.952566 5.774954 2.500000
v 18.056168 5.477836 0.000000
v 20.014972 5.127005 0.000000
v 20.014972 5.127005 2.500000
v 18.056168 5.477836 2.500000
v 19.946955 5.114949 0.000000
v 20.297786 5.319600 0.000000
v 20.297786 5.319600 2.500000
v 19.946955 5.114949 2.500000
v 20.248173 5.233223 0.000000
v 20.248173 5.671761 0.000000
v 20.248173 5.671761 2.500000
v 20.248173 5.233223 2.500000
v 26.984718 4.794684 0.000000
v 30.551495 4.882392 0.000000
v 30.902326 5.525581 0.000000
v 25.902990 5.671761 0.000000
v 25.435216 5.233223 0.000000
v 26.984718 4.794684 2.500000
v 30.551495 4.882392 2.500000
v 30.902326 5.525581 2.500000
v 25.902990 5.671761 2.500000
v 25.435216 5.233223 2.500000
v 26.982259 4.894654 0.000000
v 30.549037 4.982362 0.000000
v 30.549037 4.982362 2.500000
v 26.982259 4.894654 2.500000
v 30.463705 4.930277 0.000000
v 30.814536 5.573467 0.000000
v 30.814536 5.573467 2.500000
v 30.463705 4.930277 2.500000
v 30.899403 5.425624 0.000000
v 25.900067 5.571804 0.000000
v 25.900067 5.571804 2.500000
v 30.899403 5.425624 2.500000
v 25.971384 5.598807 0.000000
v 25.503610 5.160269 0.000000
v 25.503610 5.160269 2.500000
v 25.971384 5.598807 2.500000
v 25.462448 5.329443 0.000000
v 27.011950 4.890905 0.000000
v 27.011950 4.890905 2.500000
v 25.462448 5.329443 2.500000

# Normals
vn 0.000000 0.000000 -1.000000
vn 0.000000 0.000000 -1.000000
vn 0.000000 0.000000 -1.000000
vn 0.000000 0.000000 -1.000000
vn 0.000000 0.000000 -1.000000
vn 0.000000 0.000000 -1.000000
vn 0.000000 0.000000 -1.000000
vn 0.000000 0.000000 1.000000
vn 0.000000 0.000000 1.000000
vn 0.000000 0.000000 1.000000
vn 0.000000 0.000000 1.000000
vn 0.000000 0.000000 1.000000
vn 0.000000 0.000000 1.000000
vn 0.000000 0.000000 1.000000
vn -0.389217 0.921146 0.000000
vn -0.389217 0.921146 0.000000
vn -0.389217 0.921146 0.000000
vn -0.389217 0.921146 0.000000
vn 0.905459 0.424434 0.000000
vn 0.905459 0.424434 0.000000
vn 0.905459 0.424434 0.000000
vn 0.905459 0.424434 0.000000
vn -0.094809 0.995495 0.000000
vn -0.094809 0.995495 0.000000
vn -0.094809 0.995495 0.000000
vn -0.094809 0.995495 0.000000
vn -0.999860 -0.016757 0.000000
vn -0.999860 -0.016757 0.000000
vn -0.999860 -0.016757 0.000000
vn -0.999860 -0.016757 0.000000
vn 0.142816 -0.989749 0.000000
vn 0.142816 -0.989749 0.000000
vn 0.142816 -0.989749 0.000000
vn 0.142816 -0.989749 0.000000
vn 0.988488 0.151299 0.000000
vn 0.988488 0.151299 0.000000
vn 0.988488 0.151299 0.000000
vn 0.988488 0.151299 0.000000
vn 0.544191 0.838961 0.000000
vn 0.544191 0.838961 0.000000
vn 0.544191 0.838961 0.000000
vn 0.544191 0.838961 0.000000
vn 0.000000 0.000000 -1.000000
vn 0.000000 0.000000 -1.000000
vn 0.000000 0.000000 -1.000000
vn 0.000000 0.000000 -1.000000
vn 0.000000 0.000000 -1.000000
vn 0.000000 0.000000 -1.000000
vn 0.000000 0.000000 -1.000000
vn 0.000000 0.000000 -1.000000
vn 0.000000 0.000000 1.000000
vn 0.000000 0.000000 1.000000
vn 0.000000 0.000000 1.000000
vn 0.000000 0.000000 1.000000
vn 0.000000 0.000000 1.000000
vn 0.000000 0.000000 1.000000
vn 0.000000 0.000000 1.000000
vn 0.000000 0.000000 1.000000
vn -0.974391 0.224860 0.000000
vn -0.974391 0.224860 0.000000
vn -0.974391 0.224860 0.000000
vn -0.974391 0.224860 0.000000
vn -0.997684 -0.068024 0.000000
vn -0.997684 -0.068024 0.000000
vn -0.997684 -0.068024 0.000000
vn -0.997684 -0.068024 0.000000
vn 0.672673 -0.739940 0.000000
vn 0.672673 -0.739940 0.000000
vn 0.672673 -0.739940 0.000000
vn 0.672673 -0.739940 0.000000
vn 1.000000 0.000000 0.000000
vn 1.000000 0.000000 0.000000
vn 1.000000 0.000000 0.000000
vn 1.000000 0.000000 0.000000
vn 0.752577 -0.658505 0.000000
vn 0.752577 -0.658505 0.000000
vn 0.752577 -0.658505 0.000000
vn 0.752577 -0.658505 0.000000
vn 1.000000 0.000000 0.000000
vn 1.000000 0.000000 0.000000
vn 1.000000 0.000000 0.000000
vn 1.000000 0.000000 0.000000
vn 0.863779 0.503871 0.000000
vn 0.863779 0.503871 0.000000
vn 0.863779 0.503871 0.000000
vn 0.863779 0.503871 0.000000
vn -0.178885 0.983870 0.000000
vn -0.178885 0.983870 0.000000
vn -0.178885 0.983870 0.000000
vn -0.178885 0.983870 0.000000
vn 0.000000 0.000000 -1.000000
vn 0.000000 0.000000 -1.000000
vn 0.000000 0.000000 -1.000000
vn 0.000000 0.000000 -1.000000
vn 0.000000 0.000000 1.000000
vn 0.000000 0.000000 1.000000
vn 0.000000 0.000000 1.000000
vn 0.000000 0.000000 1.000000
vn -0.000000 -1.000000 0.000000
vn -0.000000 -1.000000 0.000000
vn -0.000000 -1.000000 0.000000
vn -0.000000 -1.000000 0.000000
vn 0.999950 0.010000 0.000000
vn 0.999950 0.010000 0.000000
vn 0.999950 0.010000 0.000000
vn 0.999950 0.010000 0.000000
vn 0.009740 0.999953 0.000000
vn 0.009740 0.999953 0.000000
vn 0.009740 0.999953 0.000000
vn 0.009740 0.999953 0.000000
vn -0.999951 -0.009901 0.000000
vn -0.999951 -0.009901 0.000000
vn -0.999951 -0.009901 0.000000
vn -0.999951 -0.009901 0.000000
vn 0.000000 0.000000 -1.000000
vn 0.000000 0.000000 -1.000000
vn 0.000000 0.000000 -1.000000
vn 0.000000 0.000000 -1.000000
vn 0.000000 0.000000 1.000000
vn 0.000000 0.000000 1.000000
vn 0.000000 0.000000 1.000000
vn 0.000000 0.000000 1.000000
vn 0.073754 -0.997276 0.000000
vn 0.073754 -0.997276 0.000000
vn 0.073754 -0.997276 0.000000
vn 0.073754 -0.997276 0.000000
vn 0.999946 0.010344 0.000000
vn 0.999946 0.010344 0.000000
vn 0.999946 0.010344 0.000000
vn 0.999946 0.010344 0.000000
vn 0.031831 0.999493 0.000000
vn 0.031831 0.999493 0.000000
vn 0.031831 0.999493 0.000000
vn 0.031831 0.999493 0.000000
vn -0.999828 -0.018573 0.000000
vn -0.999828 -0.018573 0.000000
vn -0.999828 -0.018573 0.000000
vn -0.999828 -0.018573 0.000000
vn 0.000000 0.000000 -1.000000
vn 0.000000 0.000000 -1.000000
vn 0.000000 0.000000 -1.000000
vn 0.000000 0.000000 -1.000000
vn 0.000000 0.000000 1.000000
vn 0.000000 0.000000 1.000000
vn 0.000000 0.000000 1.000000
vn 0.000000 0.000000 1.000000
vn -0.075541 -0.997143 0.000000
vn -0.075541 -0.997143 0.000000
vn -0.075541 -0.997143 0.000000
vn -0.075541 -0.997143 0.000000
vn 0.999517 -0.031073 0.000000
vn 0.999517 -0.031073 0.000000
vn 0.999517 -0.031073 0.000000
vn 0.999517 -0.031073 0.000000
vn 0.030107 0.999547 0.000000
vn 0.030107 0.999547 0.000000
vn 0.030107 0.999547 0.000000
vn 0.030107 0.999547 0.000000
vn -0.999637 0.026944 0.000000
vn -0.999637 0.026944 0.000000
vn -0.999637 0.026944 0.000000
vn -0.999637 0.026944 0.000000
vn 0.000000 0.000000 -1.000000
vn 0.000000 0.000000 -1.000000
vn 0.000000 0.000000 -1.000000
vn 0.000000 0.000000 -1.000000
vn 0.000000 0.000000 1.000000
vn 0.000000 0.000000 1.000000
vn 0.000000 0.000000 1.000000
vn 0.000000 0.000000 1.000000
vn -0.997334 0.072976 0.000000
vn -0.997334 0.072976 0.000000
vn -0.997334 0.072976 0.000000
vn -0.997334 0.072976 0.000000
vn -0.023716 -0.999719 0.000000
vn -0.023716 -0.999719 0.000000
vn -0.023716 -0.999719 0.000000
vn -0.023716 -0.999719 0.000000
vn 1.000000 0.000000 0.000000
vn 1.000000 0.000000 0.000000
vn 1.000000 0.000000 0.000000
vn 1.000000 0.000000 0.000000
vn 0.018346 0.999832 0.000000
vn 0.018346 0.999832 0.000000
vn 0.018346 0.999832 0.000000
vn 0.018346 0.999832 0.000000
vn 0.000000 0.000000 -1.000000
vn 0.000000 0.000000 -1.000000
vn 0.000000 0.000000 -1.000000
vn 0.000000 0.000000 -1.000000
vn 0.000000 0.000000 -1.000000
vn 0.000000 0.000000 -1.000000
vn 0.000000 0.000000 -1.000000
vn 0.000000 0.000000 -1.000000
vn 0.000000 0.000000 -1.000000
vn 0.000000 0.000000 -1.000000
vn 0.000000 0.000000 1.000000
vn 0.000000 0.000000 1.000000
vn 0.000000 0.000000 1.000000
vn 0.000000 0.000000 1.000000
vn 0.000000 0.000000 1.000000
vn 0.000000 0.000000 1.000000
vn 0.000000 0.000000 1.000000
vn 0.000000 0.000000 1.000000
vn 0.000000 0.000000 1.000000
vn 0.000000 0.000000 1.000000
vn -0.554700 -0.832050 0.000000
vn -0.554700 -0.832050 0.000000
vn -0.554700 -0.832050 0.000000
vn -0.554700 -0.832050 0.000000
vn -1.000000 0.000000 0.000000
vn -1.000000 0.000000 0.000000
vn -1.000000 0.000000 0.000000
vn -1.000000 0.000000 0.000000
vn -0.216930 -0.976187 0.000000
vn -0.216930 -0.976187 0.000000
vn -0.216930 -0.976187 0.000000
vn -0.216930 -0.976187 0.000000
vn 0.948683 0.316228 0.000000
vn 0.948683 0.316228 0.000000
vn 0.948683 0.316228 0.000000
vn 0.948683 0.316228 0.000000
vn 0.316228 0.948683 0.000000
vn 0.316228 0.948683 0.000000
vn 0.316228 0.948683 0.000000
vn 0.316228 0.948683 0.000000
vn 1.000000 0.000000 0.000000
vn 1.000000 0.000000 0.000000
vn 1.000000 0.000000 0.000000
vn 1.000000 0.000000 0.000000
vn -0.000000 1.000000 0.000000
vn -0.000000 1.000000 0.000000
vn -0.000000 1.000000 0.000000
vn -0.000000 1.000000 0.000000
vn 0.780869 0.624695 0.000000
vn 0.780869 0.624695 0.000000
vn 0.780869 0.624695 0.000000
vn 0.780869 0.624695 0.000000
vn -0.000000 1.000000 0.000000
vn -0.000000 1.000000 0.000000
vn -0.000000 1.000000 0.000000
vn -0.000000 1.000000 0.000000
vn -1.000000 0.000000 0.000000
vn -1.000000 0.000000 0.000000
vn -1.000000 0.000000 0.000000
vn -1.000000 0.000000 0.000000
vn 0.000000 0.000000 -1.000000
vn 0.000000 0.000000 -1.000000
vn 0.000000 0.000000 -1.000000
vn 0.000000 0.000000 -1.000000
vn 0.000000 0.000000 -1.000000
vn 0.000000 0.000000 -1.000000
vn 0.000000 0.000000 -1.000000
vn 0.000000 0.000000 -1.000000
vn 0.000000 0.000000 -1.000000
vn 0.000000 0.000000 -1.000000
vn 0.000000 0.000000 -1.000000
vn 0.000000 0.000000 -1.000000
vn 0.000000 0.000000 1.000000
vn 0.000000 0.000000 1.000000
vn 0.000000 0.000000 1.000000
vn 0.000000 0.000000 1.000000
vn 0.000000 0.000000 1.000000
vn 0.000000 0.000000 1.000000
vn 0.000000 0.000000 1.000000
vn 0.000000 0.000000 1.000000
vn 0.000000 0.000000 1.000000
vn 0.000000 0.000000 1.000000
vn 0.000000 0.000000 1.000000
vn 0.000000 0.000000 1.000000
vn -0.948683 0.316228 0.000000
vn -0.948683 0.316228 0.000000
vn -0.948683 0.316228 0.000000
vn -0.948683 0.316228 0.000000
vn -0.000000 1.000000 0.000000
vn -0.000000 1.000000 0.000000
vn -0.000000 1.000000 0.000000
vn -0.000000 1.000000 0.000000
vn -1.000000 0.000000 0.000000
vn -1.000000 0.000000 0.000000
vn -1.000000 0.000000 0.000000
vn -1.000000 0.000000 0.000000
vn -0.316228 -0.948683 0.000000
vn -0.316228 -0.948683 0.000000
vn -0.316228 -0.948683 0.000000
vn -0.316228 -0.948683 0.000000
vn -1.000000 0.000000 0.000000
vn -1.000000 0.000000 0.000000
vn -1.000000 0.000000 0.000000
vn -1.000000 0.000000 0.000000
vn 0.371391 -0.928477 0.000000
vn 0.371391 -0.928477 0.000000
vn 0.371391 -0.928477 0.000000
vn 0.371391 -0.928477 0.000000
vn 0.948683 -0.316228 0.000000
vn 0.948683 -0.316228 0.000000
vn 0.948683 -0.316228 0.000000
vn 0.948683 -0.316228 0.000000
vn -0.000000 -1.000000 0.000000
vn -0.000000 -1.000000 0.000000
vn -0.000000 -1.000000 0.000000
vn -0.000000 -1.000000 0.000000
vn 1.000000 0.000000 0.000000
vn 1.000000 0.000000 0.000000
vn 1.000000 0.000000 0.000000
vn 1.000000 0.000000 0.000000
vn 0.316228 0.948683 0.000000
vn 0.316228 0.948683 0.000000
vn 0.316228 0.948683 0.000000
vn 0.316228 0.948683 0.000000
vn 1.000000 0.000000 0.000000
vn 1.000000 0.000000 0.000000
vn 1.000000 0.000000 0.000000
vn 1.000000 0.000000 0.000000
vn -0.000000 1.000000 0.000000
vn -0.000000 1.000000 0.000000
vn -0.000000 1.000000 0.000000
vn -0.000000 1.000000 0.000000
vn 0.000000 0.000000 -1.000000
vn 0.000000 0.000000 -1.000000
vn 0.000000 0.000000 -1.000000
vn 0.000000 0.000000 -1.000000
vn 0.000000 0.000000 -1.000000
vn 0.000000 0.000000 -1.000000
vn 0.000000 0.000000 -1.000000
vn 0.000000 0.000000 -1.000000
vn 0.000000 0.000000 -1.000000
vn 0.000000 0.000000 -1.000000
vn 0.000000 0.000000 1.000000
vn 0.000000 0.000000 1.000000
vn 0.000000 0.000000 1.000000
vn 0.000000 0.000000 1.000000
vn 0.000000 0.000000 1.000000
vn 0.000000 0.000000 1.000000
vn 0.000000 0.000000 1.000000
vn 0.000000 0.000000 1.000000
vn 0.000000 0.000000 1.000000
vn 0.000000 0.000000 1.000000
vn -0.948683 0.316228 0.000000
vn -0.948683 0.316228 0.000000
vn -0.948683 0.316228 0.000000
vn -0.948683 0.316228 0.000000
vn -0.316228 0.948683 0.000000
vn -0.316228 0.948683 0.000000
vn -0.316228 0.948683 0.000000
vn -0.316228 0.948683 0.000000
vn -1.000000 0.000000 0.000000
vn -1.000000 0.000000 0.000000
vn -1.000000 0.000000 0.000000
vn -1.000000 0.000000 0.000000
vn -0.000000 -1.000000 0.000000
vn -0.000000 -1.000000 0.000000
vn -0.000000 -1.000000 0.000000
vn -0.000000 -1.000000 0.000000
vn 0.780869 -0.624695 0.000000
vn 0.780869 -0.624695 0.000000
vn 0.780869 -0.624695 0.000000
vn 0.780869 -0.624695 0.000000
vn -0.000000 -1.000000 0.000000
vn -0.000000 -1.000000 0.000000
vn -0.000000 -1.000000 0.000000
vn -0.000000 -1.000000 0.000000
vn 0.948683 -0.316228 0.000000
vn 0.948683 -0.316228 0.000000
vn 0.948683 -0.316228 0.000000
vn 0.948683 -0.316228 0.000000
vn -0.000000 -1.000000 0.000000
vn -0.000000 -1.000000 0.000000
vn -0.000000 -1.000000 0.000000
vn -0.000000 -1.000000 0.000000
vn 0.948683 0.316228 0.000000
vn 0.948683 0.316228 0.000000
vn 0.948683 0.316228 0.000000
vn 0.948683 0.316228 0.000000
vn -0.529999 0.847998 0.000000
vn -0.529999 0.847998 0.000000
vn -0.529999 0.847998 0.000000
vn -0.529999 0.847998 0.000000
vn 0.000000 0.000000 -1.000000
vn 0.000000 0.000000 -1.000000
vn 0.000000 0.000000 -1.000000
vn 0.000000 0.000000 -1.000000
vn 0.000000 0.000000 -1.000000
vn 0.000000 0.000000 -1.000000
vn 0.000000 0.000000 -1.000000
vn 0.000000 0.000000 1.000000
vn 0.000000 0.000000 1.000000
vn 0.000000 0.000000 1.000000
vn 0.000000 0.000000 1.000000
vn 0.000000 0.000000 1.000000
vn 0.000000 0.000000 1.000000
vn 0.000000 0.000000 1.000000
vn 0.152057 0.988372 0.000000
vn 0.152057 0.988372 0.000000
vn 0.152057 0.988372 0.000000
vn 0.152057 0.988372 0.000000
vn -0.184289 0.982872 0.000000
vn -0.184289 0.982872 0.000000
vn -0.184289 0.982872 0.000000
vn -0.184289 0.982872 0.000000
vn -0.308505 -0.951223 0.000000
vn -0.308505 -0.951223 0.000000
vn -0.308505 -0.951223 0.000000
vn -0.308505 -0.951223 0.000000
vn 0.049938 -0.998752 0.000000
vn 0.049938 -0.998752 0.000000
vn 0.049938 -0.998752 0.000000
vn 0.049938 -0.998752 0.000000
vn -0.780869 -0.624695 0.000000
vn -0.780869 -0.624695 0.000000
vn -0.780869 -0.624695 0.000000
vn -0.780869 -0.624695 0.000000
vn 0.780869 -0.624695 0.000000
vn 0.780869 -0.624695 0.000000
vn 0.780869 -0.624695 0.000000
vn 0.780869 -0.624695 0.000000
vn 0.780869 0.624695 0.000000
vn 0.780869 0.624695 0.000000
vn 0.780869 0.624695 0.000000
vn 0.780869 0.624695 0.000000
vn 0.000000 0.000000 -1.000000
vn 0.000000 0.000000 -1.000000
vn 0.000000 0.000000 -1.000000
vn 0.000000 0.000000 -1.000000
vn 0.000000 0.000000 -1.000000
vn 0.000000 0.000000 -1.000000
vn 0.000000 0.000000 -1.000000
vn 0.000000 0.000000 -1.000000
vn 0.000000 0.000000 -1.000000
vn 0.000000 0.000000 1.000000
vn 0.000000 0.000000 1.000000
vn 0.000000 0.000000 1.000000
vn 0.000000 0.000000 1.000000
vn 0.000000 0.000000 1.000000
vn 0.000000 0.000000 1.000000
vn 0.000000 0.000000 1.000000
vn 0.000000 0.000000 1.000000
vn 0.000000 0.000000 1.000000
vn -0.999960 -0.008902 0.000000
vn -0.999960 -0.008902 0.000000
vn -0.999960 -0.008902 0.000000
vn -0.999960 -0.008902 0.000000
vn -0.180576 0.983561 0.000000
vn -0.180576 0.983561 0.000000
vn -0.180576 0.983561 0.000000
vn -0.180576 0.983561 0.000000
vn -0.968891 0.247488 0.000000
vn -0.968891 0.247488 0.000000
vn -0.968891 0.247488 0.000000
vn -0.968891 0.247488 0.000000
vn 0.718341 0.695691 0.000000
vn 0.718341 0.695691 0.000000
vn 0.718341 0.695691 0.000000
vn 0.718341 0.695691 0.000000
vn -0.990621 -0.136637 0.000000
vn -0.990621 -0.136637 0.000000
vn -0.990621 -0.136637 0.000000
vn -0.990621 -0.136637 0.000000
vn 0.994062 -0.108817 0.000000
vn 0.994062 -0.108817 0.000000
vn 0.994062 -0.108817 0.000000
vn 0.994062 -0.108817 0.000000
vn 0.036936 -0.999318 0.000000
vn 0.036936 -0.999318 0.000000
vn 0.036936 -0.999318 0.000000
vn 0.036936 -0.999318 0.000000
vn 0.998286 -0.058520 0.000000
vn 0.998286 -0.058520 0.000000
vn 0.998286 -0.058520 0.000000
vn 0.998286 -0.058520 0.000000
vn -0.081033 0.996711 0.000000
vn -0.081033 0.996711 0.000000
vn -0.081033 0.996711 0.000000
vn -0.081033 0.996711 0.000000
vn 0.000000 0.000000 -1.000000
vn 0.000000 0.000000 -1.000000
vn 0.000000 0.000000 -1.000000
vn 0.000000 0.000000 -1.000000
vn 0.000000 0.000000 -1.000000
vn 0.000000 0.000000 -1.000000
vn 0.000000 0.000000 -1.000000
vn 0.000000 0.000000 1.000000
vn 0.000000 0.000000 1.000000
vn 0.000000 0.000000 1.000000
vn 0.000000 0.000000 1.000000
vn 0.000000 0.000000 1.000000
vn 0.000000 0.000000 1.000000
vn 0.000000 0.000000 1.000000
vn -0.988488 -0.151299 0.000000
vn -0.988488 -0.151299 0.000000
vn -0.988488 -0.151299 0.000000
vn -0.988488 -0.151299 0.000000
vn -0.257955 0.966157 0.000000
vn -0.257955 0.966157 0.000000
vn -0.257955 0.966157 0.000000
vn -0.257955 0.966157 0.000000
vn -0.289702 -0.957117 0.000000
vn -0.289702 -0.957117 0.000000
vn -0.289702 -0.957117 0.000000
vn -0.289702 -0.957117 0.000000
vn 0.912078 -0.410017 0.000000
vn 0.912078 -0.410017 0.000000
vn 0.912078 -0.410017 0.000000
vn 0.912078 -0.410017 0.000000
vn 0.996639 0.081916 0.000000
vn 0.996639 0.081916 0.000000
vn 0.996639 0.081916 0.000000
vn 0.996639 0.081916 0.000000
vn 0.131381 0.991332 0.000000
vn 0.131381 0.991332 0.000000
vn 0.131381 0.991332 0.000000
vn 0.131381 0.991332 0.000000
vn -0.606449 -0.795122 0.000000
vn -0.606449 -0.795122 0.000000
vn -0.606449 -0.795122 0.000000
vn -0.606449 -0.795122 0.000000
vn 0.000000 0.000000 -1.000000
vn 0.000000 0.000000 -1.000000
vn 0.000000 0.000000 -1.000000
vn 0.000000 0.000000 -1.000000
vn 0.000000 0.000000 -1.000000
vn 0.000000 0.000000 -1.000000
vn 0.000000 0.000000 -1.000000
vn 0.000000 0.000000 -1.000000
vn 0.000000 0.000000 1.000000
vn 0.000000 0.000000 1.000000
vn 0.000000 0.000000 1.000000
vn 0.000000 0.000000 1.000000
vn 0.000000 0.000000 1.000000
vn 0.000000 0.000000 1.000000
vn 0.000000 0.000000 1.000000
vn 0.000000 0.000000 1.000000
vn -0.707107 -0.707107 0.000000
vn -0.707107 -0.707107 0.000000
vn -0.707107 -0.707107 0.000000
vn -0.707107 -0.707107 0.000000
vn 0.050146 -0.998742 0.000000
vn 0.050146 -0.998742 0.000000
vn 0.050146 -0.998742 0.000000
vn 0.050146 -0.998742 0.000000
vn 0.988936 0.148340 0.000000
vn 0.988936 0.148340 0.000000
vn 0.988936 0.148340 0.000000
vn 0.988936 0.148340 0.000000
vn 0.507020 0.861934 0.000000
vn 0.507020 0.861934 0.000000
vn 0.507020 0.861934 0.000000
vn 0.507020 0.861934 0.000000
vn -0.076114 0.997099 0.000000
vn -0.076114 0.997099 0.000000
vn -0.076114 0.997099 0.000000
vn -0.076114 0.997099 0.000000
vn 0.832050 0.554700 0.000000
vn 0.832050 0.554700 0.000000
vn 0.832050 0.554700 0.000000
vn 0.832050 0.554700 0.000000
vn -0.268458 0.963291 0.000000
vn -0.268458 0.963291 0.000000
vn -0.268458 0.963291 0.000000
vn -0.268458 0.963291 0.000000
vn -0.991836 0.127522 0.000000
vn -0.991836 0.127522 0.000000
vn -0.991836 0.127522 0.000000
vn -0.991836 0.127522 0.000000
vn 0.000000 0.000000 -1.000000
vn 0.000000 0.000000 -1.000000
vn 0.000000 0.000000 -1.000000
vn 0.000000 0.000000 -1.000000
vn 0.000000 0.000000 -1.000000
vn 0.000000 0.000000 -1.000000
vn 0.000000 0.000000 -1.000000
vn 0.000000 0.000000 1.000000
vn 0.000000 0.000000 1.000000
vn 0.000000 0.000000 1.000000
vn 0.000000 0.000000 1.000000
vn 0.000000 0.000000 1.000000
vn 0.000000 0.000000 1.000000
vn 0.000000 0.000000 1.000000
vn -0.999810 0.019477 0.000000
vn -0.999810 0.019477 0.000000
vn -0.999810 0.019477 0.000000
vn -0.999810 0.019477 0.000000
vn -0.963880 -0.266335 0.000000
vn -0.963880 -0.266335 0.000000
vn -0.963880 -0.266335 0.000000
vn -0.963880 -0.266335 0.000000
vn -0.321903 -0.946773 0.000000
vn -0.321903 -0.946773 0.000000
vn -0.321903 -0.946773 0.000000
vn -0.321903 -0.946773 0.000000
vn 0.429934 -0.902861 0.000000
vn 0.429934 -0.902861 0.000000
vn 0.429934 -0.902861 0.000000
vn 0.429934 -0.902861 0.000000
vn 0.999967 -0.008086 0.000000
vn 0.999967 -0.008086 0.000000
vn 0.999967 -0.008086 0.000000
vn 0.999967 -0.008086 0.000000
vn 0.733761 0.679408 0.000000
vn 0.733761 0.679408 0.000000
vn 0.733761 0.679408 0.000000
vn 0.733761 0.679408 0.000000
vn -0.196116 0.980581 0.000000
vn -0.196116 0.980581 0.000000
vn -0.196116 0.980581 0.000000
vn -0.196116 0.980581 0.000000
vn 0.000000 0.000000 -1.000000
vn 0.000000 0.000000 -1.000000
vn 0.000000 0.000000 -1.000000
vn 0.000000 0.000000 -1.000000
vn 0.000000 0.000000 -1.000000
vn 0.000000 0.000000 -1.000000
vn 0.000000 0.000000 1.000000
vn 0.000000 0.000000 1.000000
vn 0.000000 0.000000 1.000000
vn 0.000000 0.000000 1.000000
vn 0.000000 0.000000 1.000000
vn 0.000000 0.000000 1.000000
vn -0.780869 -0.624695 0.000000
vn -0.780869 -0.624695 0.000000
vn -0.780869 -0.624695 0.000000
vn -0.780869 -0.624695 0.000000
vn 0.316228 -0.948683 0.000000
vn 0.316228 -0.948683 0.000000
vn 0.316228 -0.948683 0.000000
vn 0.316228 -0.948683 0.000000
vn 1.000000 0.000000 0.000000
vn 1.000000 0.000000 0.000000
vn 1.000000 0.000000 0.000000
vn 1.000000 0.000000 0.000000
vn -0.000000 1.000000 0.000000
vn -0.000000 1.000000 0.000000
vn -0.000000 1.000000 0.000000
vn -0.000000 1.000000 0.000000
vn 0.707107 0.707107 0.000000
vn 0.707107 0.707107 0.000000
vn 0.707107 0.707107 0.000000
vn 0.707107 0.707107 0.000000
vn -1.000000 0.000000 0.000000
vn -1.000000 0.000000 0.000000
vn -1.000000 0.000000 0.000000
vn -1.000000 0.000000 0.000000
vn 0.000000 0.000000 -1.000000
vn 0.000000 0.000000 -1.000000
vn 0.000000 0.000000 -1.000000
vn 0.000000 0.000000 1.000000
vn 0.000000 0.000000 1.000000
vn 0.000000 0.000000 1.000000
vn 0.096887 0.995295 0.000000
vn 0.096887 0.995295 0.000000
vn 0.096887 0.995295 0.000000
vn 0.096887 0.995295 0.000000
vn -0.749838 0.661622 0.000000
vn -0.749838 0.661622 0.000000
vn -0.749838 0.661622 0.000000
vn -0.749838 0.661622 0.000000
vn 0.046824 -0.998903 0.000000
vn 0.046824 -0.998903 0.000000
vn 0.046824 -0.998903 0.000000
vn 0.046824 -0.998903 0.000000
vn 0.000000 0.000000 -1.000000
vn 0.000000 0.000000 -1.000000
vn 0.000000 0.000000 -1.000000
vn 0.000000 0.000000 -1.000000
vn 0.000000 0.000000 -1.000000
vn 0.000000 0.000000 -1.000000
vn 0.000000 0.000000 -1.000000
vn 0.000000 0.000000 -1.000000
vn 0.000000 0.000000 -1.000000
vn 0.000000 0.000000 1.000000
vn 0.000000 0.000000 1.000000
vn 0.000000 0.000000 1.000000
vn 0.000000 0.000000 1.000000
vn 0.000000 0.000000 1.000000
vn 0.000000 0.000000 1.000000
vn 0.000000 0.000000 1.000000
vn 0.000000 0.000000 1.000000
vn 0.000000 0.000000 1.000000
vn -0.819232 0.573462 0.000000
vn -0.819232 0.573462 0.000000
vn -0.819232 0.573462 0.000000
vn -0.819232 0.573462 0.000000
vn -0.000000 1.000000 0.000000
vn -0.000000 1.000000 0.000000
vn -0.000000 1.000000 0.000000
vn -0.000000 1.000000 0.000000
vn -0.707107 -0.707107 0.000000
vn -0.707107 -0.707107 0.000000
vn -0.707107 -0.707107 0.000000
vn -0.707107 -0.707107 0.000000
vn -1.000000 0.000000 0.000000
vn -1.000000 0.000000 0.000000
vn -1.000000 0.000000 0.000000
vn -1.000000 0.000000 0.000000
vn -0.000000 -1.000000 0.000000
vn -0.000000 -1.000000 0.000000
vn -0.000000 -1.000000 0.000000
vn -0.000000 -1.000000 0.000000
vn 0.990830 -0.135113 0.000000
vn 0.990830 -0.135113 0.000000
vn 0.990830 -0.135113 0.000000
vn 0.990830 -0.135113 0.000000
vn 0.832050 -0.554700 0.000000
vn 0.832050 -0.554700 0.000000
vn 0.832050 -0.554700 0.000000
vn 0.832050 -0.554700 0.000000
vn 0.894427 0.447214 0.000000
vn 0.894427 0.447214 0.000000
vn 0.894427 0.447214 0.000000
vn 0.894427 0.447214 0.000000
vn -0.336336 0.941742 0.000000
vn -0.336336 0.941742 0.000000
vn -0.336336 0.941742 0.000000
vn -0.336336 0.941742 0.000000
vn 0.000000 0.000000 -1.000000
vn 0.000000 0.000000 -1.000000
vn 0.000000 0.000000 -1.000000
vn 0.000000 0.000000 -1.000000
vn 0.000000 0.000000 -1.000000
vn 0.000000 0.000000 -1.000000
vn 0.000000 0.000000 -1.000000
vn 0.000000 0.000000 -1.000000
vn 0.000000 0.000000 1.000000
vn 0.000000 0.000000 1.000000
vn 0.000000 0.000000 1.000000
vn 0.000000 0.000000 1.000000
vn 0.000000 0.000000 1.000000
vn 0.000000 0.000000 1.000000
vn 0.000000 0.000000 1.000000
vn 0.000000 0.000000 1.000000
vn -1.000000 0.000000 0.000000
vn -1.000000 0.000000 0.000000
vn -1.000000 0.000000 0.000000
vn -1.000000 0.000000 0.000000
vn 0.992486 -0.122361 0.000000
vn 0.992486 -0.122361 0.000000
vn 0.992486 -0.122361 0.000000
vn 0.992486 -0.122361 0.000000
vn -0.925305 -0.379223 0.000000
vn -0.925305 -0.379223 0.000000
vn -0.925305 -0.379223 0.000000
vn -0.925305 -0.379223 0.000000
vn 0.049121 -0.998793 0.000000
vn 0.049121 -0.998793 0.000000
vn 0.049121 -0.998793 0.000000
vn 0.049121 -0.998793 0.000000
vn 0.996073 -0.088540 0.000000
vn 0.996073 -0.088540 0.000000
vn 0.996073 -0.088540 0.000000
vn 0.996073 -0.088540 0.000000
vn 0.934998 0.354654 0.000000
vn 0.934998 0.354654 0.000000
vn 0.934998 0.354654 0.000000
vn 0.934998 0.354654 0.000000
vn 0.341743 -0.939793 0.000000
vn 0.341743 -0.939793 0.000000
vn 0.341743 -0.939793 0.000000
vn 0.341743 -0.939793 0.000000
vn -0.074558 0.997217 0.000000
vn -0.074558 0.997217 0.000000
vn -0.074558 0.997217 0.000000
vn -0.074558 0.997217 0.000000
vn 0.000000 0.000000 -1.000000
vn 0.000000 0.000000 -1.000000
vn 0.000000 0.000000 -1.000000
vn 0.000000 0.000000 -1.000000
vn 0.000000 0.000000 -1.000000
vn 0.000000 0.000000 -1.000000
vn 0.000000 0.000000 1.000000
vn 0.000000 0.000000 1.000000
vn 0.000000 0.000000 1.000000
vn 0.000000 0.000000 1.000000
vn 0.000000 0.000000 1.000000
vn 0.000000 0.000000 1.000000
vn -0.997559 -0.069829 0.000000
vn -0.997559 -0.069829 0.000000
vn -0.997559 -0.069829 0.000000
vn -0.997559 -0.069829 0.000000
vn -0.310943 -0.950429 0.000000
vn -0.310943 -0.950429 0.000000
vn -0.310943 -0.950429 0.000000
vn -0.310943 -0.950429 0.000000
vn 0.937599 -0.347719 0.000000
vn 0.937599 -0.347719 0.000000
vn 0.937599 -0.347719 0.000000
vn 0.937599 -0.347719 0.000000
vn 0.665615 0.746295 0.000000
vn 0.665615 0.746295 0.000000
vn 0.665615 0.746295 0.000000
vn 0.665615 0.746295 0.000000
vn 0.063565 0.997978 0.000000
vn 0.063565 0.997978 0.000000
vn 0.063565 0.997978 0.000000
vn 0.063565 0.997978 0.000000
vn -0.797659 0.603108 0.000000
vn -0.797659 0.603108 0.000000
vn -0.797659 0.603108 0.000000
vn -0.797659 0.603108 0.000000
vn 0.000000 0.000000 -1.000000
vn 0.000000 0.000000 -1.000000
vn 0.000000 0.000000 -1.000000
vn 0.000000 0.000000 -1.000000
vn 0.000000 0.000000 -1.000000
vn 0.000000 0.000000 -1.000000
vn 0.000000 0.000000 1.000000
vn 0.000000 0.000000 1.000000
vn 0.000000 0.000000 1.000000
vn 0.000000 0.000000 1.000000
vn 0.000000 0.000000 1.000000
vn 0.000000 0.000000 1.000000
vn -0.946948 -0.321388 0.000000
vn -0.946948 -0.321388 0.000000
vn -0.946948 -0.321388 0.000000
vn -0.946948 -0.321388 0.000000
vn -0.006515 -0.999979 0.000000
vn -0.006515 -0.999979 0.000000
vn -0.006515 -0.999979 0.000000
vn -0.006515 -0.999979 0.000000
vn 0.987709 -0.156304 0.000000
vn 0.987709 -0.156304 0.000000
vn 0.987709 -0.156304 0.000000
vn 0.987709 -0.156304 0.000000
vn 0.354397 0.935095 0.000000
vn 0.354397 0.935095 0.000000
vn 0.354397 0.935095 0.000000
vn 0.354397 0.935095 0.000000
vn -0.260909 0.965363 0.000000
vn -0.260909 0.965363 0.000000
vn -0.260909 0.965363 0.000000
vn -0.260909 0.965363 0.000000
vn -0.970472 0.241215 0.000000
vn -0.970472 0.241215 0.000000
vn -0.970472 0.241215 0.000000
vn -0.970472 0.241215 0.000000
vn 0.000000 0.000000 -1.000000
vn 0.000000 0.000000 -1.000000
vn 0.000000 0.000000 -1.000000
vn 0.000000 0.000000 -1.000000
vn 0.000000 0.000000 -1.000000
vn 0.000000 0.000000 -1.000000
vn 0.000000 0.000000 -1.000000
vn 0.000000 0.000000 -1.000000
vn 0.000000 0.000000 -1.000000
vn 0.000000 0.000000 -1.000000
vn 0.000000 0.000000 -1.000000
vn 0.000000 0.000000 -1.000000
vn 0.000000 0.000000 1.000000
vn 0.000000 0.000000 1.000000
vn 0.000000 0.000000 1.000000
vn 0.000000 0.000000 1.000000
vn 0.000000 0.000000 1.000000
vn 0.000000 0.000000 1.000000
vn 0.000000 0.000000 1.000000
vn 0.000000 0.000000 1.000000
vn 0.000000 0.000000 1.000000
vn 0.000000 0.000000 1.000000
vn 0.000000 0.000000 1.000000
vn 0.000000 0.000000 1.000000
vn -0.894427 0.447214 0.000000
vn -0.894427 0.447214 0.000000
vn -0.894427 0.447214 0.000000
vn -0.894427 0.447214 0.000000
vn -0.000000 1.000000 0.000000
vn -0.000000 1.000000 0.000000
vn -0.000000 1.000000 0.000000
vn -0.000000 1.000000 0.000000
vn -1.000000 0.000000 0.000000
vn -1.000000 0.000000 0.000000
vn -1.000000 0.000000 0.000000
vn -1.000000 0.000000 0.000000
vn -0.316228 -0.948683 0.000000
vn -0.316228 -0.948683 0.000000
vn -0.316228 -0.948683 0.000000
vn -0.316228 -0.948683 0.000000
vn -1.000000 0.000000 0.000000
vn -1.000000 0.000000 0.000000
vn -1.000000 0.000000 0.000000
vn -1.000000 0.000000 0.000000
vn -0.000000 -1.000000 0.000000
vn -0.000000 -1.000000 0.000000
vn -0.000000 -1.000000 0.000000
vn -0.000000 -1.000000 0.000000
vn 0.894427 -0.447214 0.000000
vn 0.894427 -0.447214 0.000000
vn 0.894427 -0.447214 0.000000
vn 0.894427 -0.447214 0.000000
vn -0.000000 -1.000000 0.000000
vn -0.000000 -1.000000 0.000000
vn -0.000000 -1.000000 0.000000
vn -0.000000 -1.000000 0.000000
vn 1.000000 0.000000 0.000000
vn 1.000000 0.000000 0.000000
vn 1.000000 0.000000 0.000000
vn 1.000000 0.000000 0.000000
vn 0.316228 0.948683 0.000000
vn 0.316228 0.948683 0.000000
vn 0.316228 0.948683 0.000000
vn 0.316228 0.948683 0.000000
vn 1.000000 0.000000 0.000000
vn 1.000000 0.000000 0.000000
vn 1.000000 0.000000 0.000000
vn 1.000000 0.000000 0.000000
vn -0.000000 1.000000 0.000000
vn -0.000000 1.000000 0.000000
vn -0.000000 1.000000 0.000000
vn -0.000000 1.000000 0.000000
vn 0.000000 0.000000 -1.000000
vn 0.000000 0.000000 -1.000000
vn 0.000000 0.000000 -1.000000
vn 0.000000 0.000000 -1.000000
vn 0.000000 0.000000 -1.000000
vn 0.000000 0.000000 -1.000000
vn 0.000000 0.000000 -1.000000
vn 0.000000 0.000000 -1.000000
vn 0.000000 0.000000 1.000000
vn 0.000000 0.000000 1.000000
vn 0.000000 0.000000 1.000000
vn 0.000000 0.000000 1.000000
vn 0.000000 0.000000 1.000000
vn 0.000000 0.000000 1.000000
vn 0.000000 0.000000 1.000000
vn 0.000000 0.000000 1.000000
vn -0.948683 0.316228 0.000000
vn -0.948683 0.316228 0.000000
vn -0.948683 0.316228 0.000000
vn -0.948683 0.316228 0.000000
vn -0.000000 1.000000 0.000000
vn -0.000000 1.000000 0.000000
vn -0.000000 1.000000 0.000000
vn -0.000000 1.000000 0.000000
vn -0.406138 0.913812 0.000000
vn -0.406138 0.913812 0.000000
vn -0.406138 0.913812 0.000000
vn -0.406138 0.913812 0.000000
vn -0.422885 -0.906183 0.000000
vn -0.422885 -0.906183 0.000000
vn -0.422885 -0.906183 0.000000
vn -0.422885 -0.906183 0.000000
vn -0.000000 -1.000000 0.000000
vn -0.000000 -1.000000 0.000000
vn -0.000000 -1.000000 0.000000
vn -0.000000 -1.000000 0.000000
vn -0.554700 -0.832050 0.000000
vn -0.554700 -0.832050 0.000000
vn -0.554700 -0.832050 0.000000
vn -0.554700 -0.832050 0.000000
vn 0.928477 -0.371391 0.000000
vn 0.928477 -0.371391 0.000000
vn 0.928477 -0.371391 0.000000
vn 0.928477 -0.371391 0.000000
vn 0.529999 0.847998 0.000000
vn 0.529999 0.847998 0.000000
vn 0.529999 0.847998 0.000000
vn 0.529999 0.847998 0.000000
vn 0.000000 0.000000 -1.000000
vn 0.000000 0.000000 -1.000000
vn 0.000000 0.000000 -1.000000
vn 0.000000 0.000000 -1.000000
vn 0.000000 0.000000 -1.000000
vn 0.000000 0.000000 -1.000000
vn 0.000000 0.000000 -1.000000
vn 0.000000 0.000000 1.000000
vn 0.000000 0.000000 1.000000
vn 0.000000 0.000000 1.000000
vn 0.000000 0.000000 1.000000
vn 0.000000 0.000000 1.000000
vn 0.000000 0.000000 1.000000
vn 0.000000 0.000000 1.000000
vn -0.581238 -0.813733 0.000000
vn -0.581238 -0.813733 0.000000
vn -0.581238 -0.813733 0.000000
vn -0.581238 -0.813733 0.000000
vn 0.379223 -0.925305 0.000000
vn 0.379223 -0.925305 0.000000
vn 0.379223 -0.925305 0.000000
vn 0.379223 -0.925305 0.000000
vn 0.910366 -0.413803 0.000000
vn 0.910366 -0.413803 0.000000
vn 0.910366 -0.413803 0.000000
vn 0.910366 -0.413803 0.000000
vn 0.984892 0.173168 0.000000
vn 0.984892 0.173168 0.000000
vn 0.984892 0.173168 0.000000
vn 0.984892 0.173168 0.000000
vn 0.035066 0.999385 0.000000
vn 0.035066 0.999385 0.000000
vn 0.035066 0.999385 0.000000
vn 0.035066 0.999385 0.000000
vn 0.925305 0.379223 0.000000
vn 0.925305 0.379223 0.000000
vn 0.925305 0.379223 0.000000
vn 0.925305 0.379223 0.000000
vn -0.999157 0.041061 0.000000
vn -0.999157 0.041061 0.000000
vn -0.999157 0.041061 0.000000
vn -0.999157 0.041061 0.000000
vn 0.000000 0.000000 -1.000000
vn 0.000000 0.000000 -1.000000
vn 0.000000 0.000000 -1.000000
vn 0.000000 0.000000 -1.000000
vn 0.000000 0.000000 -1.000000
vn 0.000000 0.000000 -1.000000
vn 0.000000 0.000000 -1.000000
vn 0.000000 0.000000 1.000000
vn 0.000000 0.000000 1.000000
vn 0.000000 0.000000 1.000000
vn 0.000000 0.000000 1.000000
vn 0.000000 0.000000 1.000000
vn 0.000000 0.000000 1.000000
vn 0.000000 0.000000 1.000000
vn -0.999261 0.038433 0.000000
vn -0.999261 0.038433 0.000000
vn -0.999261 0.038433 0.000000
vn -0.999261 0.038433 0.000000
vn -0.816968 -0.576683 0.000000
vn -0.816968 -0.576683 0.000000
vn -0.816968 -0.576683 0.000000
vn -0.816968 -0.576683 0.000000
vn 0.991882 -0.127164 0.000000
vn 0.991882 -0.127164 0.000000
vn 0.991882 -0.127164 0.000000
vn 0.991882 -0.127164 0.000000
vn 0.972387 0.233373 0.000000
vn 0.972387 0.233373 0.000000
vn 0.972387 0.233373 0.000000
vn 0.972387 0.233373 0.000000
vn 0.776114 -0.630593 0.000000
vn 0.776114 -0.630593 0.000000
vn 0.776114 -0.630593 0.000000
vn 0.776114 -0.630593 0.000000
vn 1.000000 0.000000 0.000000
vn 1.000000 0.000000 0.000000
vn 1.000000 0.000000 0.000000
vn 1.000000 0.000000 0.000000
vn -0.094809 0.995495 0.000000
vn -0.094809 0.995495 0.000000
vn -0.094809 0.995495 0.000000
vn -0.094809 0.995495 0.000000
vn 0.000000 0.000000 -1.000000
vn 0.000000 0.000000 -1.000000
vn 0.000000 0.000000 -1.000000
vn 0.000000 0.000000 -1.000000
vn 0.000000 0.000000 -1.000000
vn 0.000000 0.000000 -1.000000
vn 0.000000 0.000000 -1.000000
vn 0.000000 0.000000 -1.000000
vn 0.000000 0.000000 -1.000000
vn 0.000000 0.000000 -1.000000
vn 0.000000 0.000000 -1.000000
vn 0.000000 0.000000 -1.000000
vn 0.000000 0.000000 -1.000000
vn 0.000000 0.000000 -1.000000
vn 0.000000 0.000000 1.000000
vn 0.000000 0.000000 1.000000
vn 0.000000 0.000000 1.000000
vn 0.000000 0.000000 1.000000
vn 0.000000 0.000000 1.000000
vn 0.000000 0.000000 1.000000
vn 0.000000 0.000000 1.000000
vn 0.000000 0.000000 1.000000
vn 0.000000 0.000000 1.000000
vn 0.000000 0.000000 1.000000
vn 0.000000 0.000000 1.000000
vn 0.000000 0.000000 1.000000
vn 0.000000 0.000000 1.000000
vn 0.000000 0.000000 1.000000
vn -1.000000 0.000000 0.000000
vn -1.000000 0.000000 0.000000
vn -1.000000 0.000000 0.000000
vn -1.000000 0.000000 0.000000
vn -0.316228 0.948683 0.000000
vn -0.316228 0.948683 0.000000
vn -0.316228 0.948683 0.000000
vn -0.316228 0.948683 0.000000
vn -1.000000 0.000000 0.000000
vn -1.000000 0.000000 0.000000
vn -1.000000 0.000000 0.000000
vn -1.000000 0.000000 0.000000
vn -0.316228 0.948683 0.000000
vn -0.316228 0.948683 0.000000
vn -0.316228 0.948683 0.000000
vn -0.316228 0.948683 0.000000
vn -1.000000 0.000000 0.000000
vn -1.000000 0.000000 0.000000
vn -1.000000 0.000000 0.000000
vn -1.000000 0.000000 0.000000
vn 0.371391 -0.928477 0.000000
vn 0.371391 -0.928477 0.000000
vn 0.371391 -0.928477 0.000000
vn 0.371391 -0.928477 0.000000
vn 0.948683 -0.316228 0.000000
vn 0.948683 -0.316228 0.000000
vn 0.948683 -0.316228 0.000000
vn 0.948683 -0.316228 0.000000
vn -0.000000 -1.000000 0.000000
vn -0.000000 -1.000000 0.000000
vn -0.000000 -1.000000 0.000000
vn -0.000000 -1.000000 0.000000
vn 1.000000 0.000000 0.000000
vn 1.000000 0.000000 0.000000
vn 1.000000 0.000000 0.000000
vn 1.000000 0.000000 0.000000
vn 0.316228 -0.948683 0.000000
vn 0.316228 -0.948683 0.000000
vn 0.316228 -0.948683 0.000000
vn 0.316228 -0.948683 0.000000
vn 1.000000 0.000000 0.000000
vn 1.000000 0.000000 0.000000
vn 1.000000 0.000000 0.000000
vn 1.000000 0.000000 0.000000
vn 0.316228 0.948683 0.000000
vn 0.316228 0.948683 0.000000
vn 0.316228 0.948683 0.000000
vn 0.316228 0.948683 0.000000
vn 1.000000 0.000000 0.000000
vn 1.000000 0.000000 0.000000
vn 1.000000 0.000000 0.000000
vn 1.000000 0.000000 0.000000
vn -0.000000 1.000000 0.000000
vn -0.000000 1.000000 0.000000
vn -0.000000 1.000000 0.000000
vn -0.000000 1.000000 0.000000
vn 0.000000 0.000000 -1.000000
vn 0.000000 0.000000 -1.000000
vn 0.000000 0.000000 -1.000000
vn 0.000000 0.000000 -1.000000
vn 0.000000 0.000000 -1.000000
vn 0.000000 0.000000 -1.000000
vn 0.000000 0.000000 -1.000000
vn 0.000000 0.000000 -1.000000
vn 0.000000 0.000000 1.000000
vn 0.000000 0.000000 1.000000
vn 0.000000 0.000000 1.000000
vn 0.000000 0.000000 1.000000
vn 0.000000 0.000000 1.000000
vn 0.000000 0.000000 1.000000
vn 0.000000 0.000000 1.000000
vn 0.000000 0.000000 1.000000
vn -0.806405 -0.591364 0.000000
vn -0.806405 -0.591364 0.000000
vn -0.806405 -0.591364 0.000000
vn -0.806405 -0.591364 0.000000
vn -0.988936 0.148340 0.000000
vn -0.988936 0.148340 0.000000
vn -0.988936 0.148340 0.000000
vn -0.988936 0.148340 0.000000
vn -0.000000 -1.000000 0.000000
vn -0.000000 -1.000000 0.000000
vn -0.000000 -1.000000 0.000000
vn -0.000000 -1.000000 0.000000
vn 0.907959 -0.419058 0.000000
vn 0.907959 -0.419058 0.000000
vn 0.907959 -0.419058 0.000000
vn 0.907959 -0.419058 0.000000
vn 1.000000 0.000000 0.000000
vn 1.000000 0.000000 0.000000
vn 1.000000 0.000000 0.000000
vn 1.000000 0.000000 0.000000
vn 0.832050 -0.554700 0.000000
vn 0.832050 -0.554700 0.000000
vn 0.832050 -0.554700 0.000000
vn 0.832050 -0.554700 0.000000
vn 0.903738 0.428086 0.000000
vn 0.903738 0.428086 0.000000
vn 0.903738 0.428086 0.000000
vn 0.903738 0.428086 0.000000
vn -0.329372 0.944200 0.000000
vn -0.329372 0.944200 0.000000
vn -0.329372 0.944200 0.000000
vn -0.329372 0.944200 0.000000
vn 0.000000 0.000000 -1.000000
vn 0.000000 0.000000 -1.000000
vn 0.000000 0.000000 -1.000000
vn 0.000000 0.000000 -1.000000
vn 0.000000 0.000000 -1.000000
vn 0.000000 0.000000 -1.000000
vn 0.000000 0.000000 -1.000000
vn 0.000000 0.000000 -1.000000
vn 0.000000 0.000000 -1.000000
vn 0.000000 0.000000 1.000000
vn 0.000000 0.000000 1.000000
vn 0.000000 0.000000 1.000000
vn 0.000000 0.000000 1.000000
vn 0.000000 0.000000 1.000000
vn 0.000000 0.000000 1.000000
vn 0.000000 0.000000 1.000000
vn 0.000000 0.000000 1.000000
vn 0.000000 0.000000 1.000000
vn 0.985154 -0.171676 0.000000
vn 0.985154 -0.171676 0.000000
vn 0.985154 -0.171676 0.000000
vn 0.985154 -0.171676 0.000000
vn -0.099077 0.995080 0.000000
vn -0.099077 0.995080 0.000000
vn -0.099077 0.995080 0.000000
vn -0.099077 0.995080 0.000000
vn -0.999330 -0.036595 0.000000
vn -0.999330 -0.036595 0.000000
vn -0.999330 -0.036595 0.000000
vn -0.999330 -0.036595 0.000000
vn 0.990287 -0.139037 0.000000
vn 0.990287 -0.139037 0.000000
vn 0.990287 -0.139037 0.000000
vn 0.990287 -0.139037 0.000000
vn -0.123192 -0.992383 0.000000
vn -0.123192 -0.992383 0.000000
vn -0.123192 -0.992383 0.000000
vn -0.123192 -0.992383 0.000000
vn -0.999943 0.010714 0.000000
vn -0.999943 0.010714 0.000000
vn -0.999943 0.010714 0.000000
vn -0.999943 0.010714 0.000000
vn -0.143429 0.989661 0.000000
vn -0.143429 0.989661 0.000000
vn -0.143429 0.989661 0.000000
vn -0.143429 0.989661 0.000000
vn 0.001773 -0.999998 0.000000
vn 0.001773 -0.999998 0.000000
vn 0.001773 -0.999998 0.000000
vn 0.001773 -0.999998 0.000000
vn 0.077437 0.996997 0.000000
vn 0.077437 0.996997 0.000000
vn 0.077437 0.996997 0.000000
vn 0.077437 0.996997 0.000000
vn 0.000000 0.000000 -1.000000
vn 0.000000 0.000000 -1.000000
vn 0.000000 0.000000 -1.000000
vn 0.000000 0.000000 -1.000000
vn 0.000000 0.000000 -1.000000
vn 0.000000 0.000000 -1.000000
vn 0.000000 0.000000 -1.000000
vn 0.000000 0.000000 -1.000000
vn 0.000000 0.000000 -1.000000
vn 0.000000 0.000000 -1.000000
vn 0.000000 0.000000 -1.000000
vn 0.000000 0.000000 -1.000000
vn 0.000000 0.000000 -1.000000
vn 0.000000 0.000000 1.000000
vn 0.000000 0.000000 1.000000
vn 0.000000 0.000000 1.000000
vn 0.000000 0.000000 1.000000
vn 0.000000 0.000000 1.000000
vn 0.000000 0.000000 1.000000
vn 0.000000 0.000000 1.000000
vn 0.000000 0.000000 1.000000
vn 0.000000 0.000000 1.000000
vn 0.000000 0.000000 1.000000
vn 0.000000 0.000000 1.000000
vn 0.000000 0.000000 1.000000
vn 0.000000 0.000000 1.000000
vn -0.980581 0.196116 0.000000
vn -0.980581 0.196116 0.000000
vn -0.980581 0.196116 0.000000
vn -0.980581 0.196116 0.000000
vn -0.000000 1.000000 0.000000
vn -0.000000 1.000000 0.000000
vn -0.000000 1.000000 0.000000
vn -0.000000 1.000000 0.000000
vn -1.000000 0.000000 0.000000
vn -1.000000 0.000000 0.000000
vn -1.000000 0.000000 0.000000
vn -1.000000 0.000000 0.000000
vn -0.316228 -0.948683 0.000000
vn -0.316228 -0.948683 0.000000
vn -0.316228 -0.948683 0.000000
vn -0.316228 -0.948683 0.000000
vn -1.000000 0.000000 0.000000
vn -1.000000 0.000000 0.000000
vn -1.000000 0.000000 0.000000
vn -1.000000 0.000000 0.000000
vn 0.554700 -0.832050 0.000000
vn 0.554700 -0.832050 0.000000
vn 0.554700 -0.832050 0.000000
vn 0.554700 -0.832050 0.000000
vn -0.000000 -1.000000 0.000000
vn -0.000000 -1.000000 0.000000
vn -0.000000 -1.000000 0.000000
vn -0.000000 -1.000000 0.000000
vn 0.948683 -0.316228 0.000000
vn 0.948683 -0.316228 0.000000
vn 0.948683 -0.316228 0.000000
vn 0.948683 -0.316228 0.000000
vn -0.000000 -1.000000 0.000000
vn -0.000000 -1.000000 0.000000
vn -0.000000 -1.000000 0.000000
vn -0.000000 -1.000000 0.000000
vn 1.000000 0.000000 0.000000
vn 1.000000 0.000000 0.000000
vn 1.000000 0.000000 0.000000
vn 1.000000 0.000000 0.000000
vn 0.529999 0.847998 0.000000
vn 0.529999 0.847998 0.000000
vn 0.529999 0.847998 0.000000
vn 0.529999 0.847998 0.000000
vn 0.948683 0.316228 0.000000
vn 0.948683 0.316228 0.000000
vn 0.948683 0.316228 0.000000
vn 0.948683 0.316228 0.000000
vn -0.000000 1.000000 0.000000
vn -0.000000 1.000000 0.000000
vn -0.000000 1.000000 0.000000
vn -0.000000 1.000000 0.000000
vn 0.000000 0.000000 -1.000000
vn 0.000000 0.000000 -1.000000
vn 0.000000 0.000000 -1.000000
vn 0.000000 0.000000 -1.000000
vn 0.000000 0.000000 -1.000000
vn 0.000000 0.000000 -1.000000
vn 0.000000 0.000000 -1.000000
vn 0.000000 0.000000 -1.000000
vn 0.000000 0.000000 -1.000000
vn 0.000000 0.000000 -1.000000
vn 0.000000 0.000000 -1.000000
vn 0.000000 0.000000 1.000000
vn 0.000000 0.000000 1.000000
vn 0.000000 0.000000 1.000000
vn 0.000000 0.000000 1.000000
vn 0.000000 0.000000 1.000000
vn 0.000000 0.000000 1.000000
vn 0.000000 0.000000 1.000000
vn 0.000000 0.000000 1.000000
vn 0.000000 0.000000 1.000000
vn 0.000000 0.000000 1.000000
vn 0.000000 0.000000 1.000000
vn -1.000000 0.000000 0.000000
vn -1.000000 0.000000 0.000000
vn -1.000000 0.000000 0.000000
vn -1.000000 0.000000 0.000000
vn -0.132164 -0.991228 0.000000
vn -0.132164 -0.991228 0.000000
vn -0.132164 -0.991228 0.000000
vn -0.132164 -0.991228 0.000000
vn 1.000000 0.000000 0.000000
vn 1.000000 0.000000 0.000000
vn 1.000000 0.000000 0.000000
vn 1.000000 0.000000 0.000000
vn 0.242536 0.970143 0.000000
vn 0.242536 0.970143 0.000000
vn 0.242536 0.970143 0.000000
vn 0.242536 0.970143 0.000000
vn 1.000000 0.000000 0.000000
vn 1.000000 0.000000 0.000000
vn 1.000000 0.000000 0.000000
vn 1.000000 0.000000 0.000000
vn 0.371391 0.928477 0.000000
vn 0.371391 0.928477 0.000000
vn 0.371391 0.928477 0.000000
vn 0.371391 0.928477 0.000000
vn 0.948683 0.316228 0.000000
vn 0.948683 0.316228 0.000000
vn 0.948683 0.316228 0.000000
vn 0.948683 0.316228 0.000000
vn -0.000000 1.000000 0.000000
vn -0.000000 1.000000 0.000000
vn -0.000000 1.000000 0.000000
vn -0.000000 1.000000 0.000000
vn -0.948683 0.316228 0.000000
vn -0.948683 0.316228 0.000000
vn -0.948683 0.316228 0.000000
vn -0.948683 0.316228 0.000000
vn -0.000000 1.000000 0.000000
vn -0.000000 1.000000 0.000000
vn -0.000000 1.000000 0.000000
vn -0.000000 1.000000 0.000000
vn -0.554700 -0.832050 0.000000
vn -0.554700 -0.832050 0.000000
vn -0.554700 -0.832050 0.000000
vn -0.554700 -0.832050 0.000000
vn 0.000000 0.000000 -1.000000
vn 0.000000 0.000000 -1.000000
vn 0.000000 0.000000 -1.000000
vn 0.000000 0.000000 -1.000000
vn 0.000000 0.000000 -1.000000
vn 0.000000 0.000000 -1.000000
vn 0.000000 0.000000 -1.000000
vn 0.000000 0.000000 -1.000000
vn 0.000000 0.000000 -1.000000
vn 0.000000 0.000000 1.000000
vn 0.000000 0.000000 1.000000
vn 0.000000 0.000000 1.000000
vn 0.000000 0.000000 1.000000
vn 0.000000 0.000000 1.000000
vn 0.000000 0.000000 1.000000
vn 0.000000 0.000000 1.000000
vn 0.000000 0.000000 1.000000
vn 0.000000 0.000000 1.000000
vn -0.664364 -0.747409 0.000000
vn -0.664364 -0.747409 0.000000
vn -0.664364 -0.747409 0.000000
vn -0.664364 -0.747409 0.000000
vn -0.000000 -1.000000 0.000000
vn -0.000000 -1.000000 0.000000
vn -0.000000 -1.000000 0.000000
vn -0.000000 -1.000000 0.000000
vn 0.948683 -0.316228 0.000000
vn 0.948683 -0.316228 0.000000
vn 0.948683 -0.316228 0.000000
vn 0.948683 -0.316228 0.000000
vn 0.242536 -0.970143 0.000000
vn 0.242536 -0.970143 0.000000
vn 0.242536 -0.970143 0.000000
vn 0.242536 -0.970143 0.000000
vn 0.948683 0.316228 0.000000
vn 0.948683 0.316228 0.000000
vn 0.948683 0.316228 0.000000
vn 0.948683 0.316228 0.000000
vn 0.554700 0.832050 0.000000
vn 0.554700 0.832050 0.000000
vn 0.554700 0.832050 0.000000
vn 0.554700 0.832050 0.000000
vn -0.000000 1.000000 0.000000
vn -0.000000 1.000000 0.000000
vn -0.000000 1.000000 0.000000
vn -0.000000 1.000000 0.000000
vn -0.613941 0.789352 0.000000
vn -0.613941 0.789352 0.000000
vn -0.613941 0.789352 0.000000
vn -0.613941 0.789352 0.000000
vn -1.000000 0.000000 0.000000
vn -1.000000 0.000000 0.000000
vn -1.000000 0.000000 0.000000
vn -1.000000 0.000000 0.000000
vn 0.000000 0.000000 -1.000000
vn 0.000000 0.000000 -1.000000
vn 0.000000 0.000000 -1.000000
vn 0.000000 0.000000 -1.000000
vn 0.000000 0.000000 -1.000000
vn 0.000000 0.000000 -1.000000
vn 0.000000 0.000000 -1.000000
vn 0.000000 0.000000 -1.000000
vn 0.000000 0.000000 -1.000000
vn 0.000000 0.000000 -1.000000
vn 0.000000 0.000000 -1.000000
vn 0.000000 0.000000 1.000000
vn 0.000000 0.000000 1.000000
vn 0.000000 0.000000 1.000000
vn 0.000000 0.000000 1.000000
vn 0.000000 0.000000 1.000000
vn 0.000000 0.000000 1.000000
vn 0.000000 0.000000 1.000000
vn 0.000000 0.000000 1.000000
vn 0.000000 0.000000 1.000000
vn 0.000000 0.000000 1.000000
vn 0.000000 0.000000 1.000000
vn -0.832050 -0.554700 0.000000
vn -0.832050 -0.554700 0.000000
vn -0.832050 -0.554700 0.000000
vn -0.832050 -0.554700 0.000000
vn -1.000000 0.000000 0.000000
vn -1.000000 0.000000 0.000000
vn -1.000000 0.000000 0.000000
vn -1.000000 0.000000 0.000000
vn -0.640184 -0.768221 0.000000
vn -0.640184 -0.768221 0.000000
vn -0.640184 -0.768221 0.000000
vn -0.640184 -0.768221 0.000000
vn -0.000000 -1.000000 0.000000
vn -0.000000 -1.000000 0.000000
vn -0.000000 -1.000000 0.000000
vn -0.000000 -1.000000 0.000000
vn 1.000000 0.000000 0.000000
vn 1.000000 0.000000 0.000000
vn 1.000000 0.000000 0.000000
vn 1.000000 0.000000 0.000000
vn 0.242536 0.970143 0.000000
vn 0.242536 0.970143 0.000000
vn 0.242536 0.970143 0.000000
vn 0.242536 0.970143 0.000000
vn 0.977802 0.209529 0.000000
vn 0.977802 0.209529 0.000000
vn 0.977802 0.209529 0.000000
vn 0.977802 0.209529 0.000000
vn 0.316228 0.948683 0.000000
vn 0.316228 0.948683 0.000000
vn 0.316228 0.948683 0.000000
vn 0.316228 0.948683 0.000000
vn 0.919145 -0.393919 0.000000
vn 0.919145 -0.393919 0.000000
vn 0.919145 -0.393919 0.000000
vn 0.919145 -0.393919 0.000000
vn 0.141421 0.989949 0.000000
vn 0.141421 0.989949 0.000000
vn 0.141421 0.989949 0.000000
vn 0.141421 0.989949 0.000000
vn -1.000000 0.000000 0.000000
vn -1.000000 0.000000 0.000000
vn -1.000000 0.000000 0.000000
vn -1.000000 0.000000 0.000000
vn 0.000000 0.000000 -1.000000
vn 0.000000 0.000000 -1.000000
vn 0.000000 0.000000 -1.000000
vn 0.000000 0.000000 -1.000000
vn 0.000000 0.000000 -1.000000
vn 0.000000 0.000000 -1.000000
vn 0.000000 0.000000 -1.000000
vn 0.000000 0.000000 1.000000
vn 0.000000 0.000000 1.000000
vn 0.000000 0.000000 1.000000
vn 0.000000 0.000000 1.000000
vn 0.000000 0.000000 1.000000
vn 0.000000 0.000000 1.000000
vn 0.000000 0.000000 1.000000
vn -0.447214 0.894427 0.000000
vn -0.447214 0.894427 0.000000
vn -0.447214 0.894427 0.000000
vn -0.447214 0.894427 0.000000
vn -1.000000 0.000000 0.000000
vn -1.000000 0.000000 0.000000
vn -1.000000 0.000000 0.000000
vn -1.000000 0.000000 0.000000
vn -0.664364 -0.747409 0.000000
vn -0.664364 -0.747409 0.000000
vn -0.664364 -0.747409 0.000000
vn -0.664364 -0.747409 0.000000
vn -0.977802 -0.209529 0.000000
vn -0.977802 -0.209529 0.000000
vn -0.977802 -0.209529 0.000000
vn -0.977802 -0.209529 0.000000
vn 0.923077 -0.384615 0.000000
vn 0.923077 -0.384615 0.000000
vn 0.923077 -0.384615 0.000000
vn 0.923077 -0.384615 0.000000
vn 0.997969 0.063700 0.000000
vn 0.997969 0.063700 0.000000
vn 0.997969 0.063700 0.000000
vn 0.997969 0.063700 0.000000
vn -0.994505 0.104685 0.000000
vn -0.994505 0.104685 0.000000
vn -0.994505 0.104685 0.000000
vn -0.994505 0.104685 0.000000
vn 0.000000 0.000000 -1.000000
vn 0.000000 0.000000 -1.000000
vn 0.000000 0.000000 -1.000000
vn 0.000000 0.000000 -1.000000
vn 0.000000 0.000000 -1.000000
vn 0.000000 0.000000 -1.000000
vn 0.000000 0.000000 -1.000000
vn 0.000000 0.000000 -1.000000
vn 0.000000 0.000000 -1.000000
vn 0.000000 0.000000 1.000000
vn 0.000000 0.000000 1.000000
vn 0.000000 0.000000 1.000000
vn 0.000000 0.000000 1.000000
vn 0.000000 0.000000 1.000000
vn 0.000000 0.000000 1.000000
vn 0.000000 0.000000 1.000000
vn 0.000000 0.000000 1.000000
vn 0.000000 0.000000 1.000000
vn -0.948683 -0.316228 0.000000
vn -0.948683 -0.316228 0.000000
vn -0.948683 -0.316228 0.000000
vn -0.948683 -0.316228 0.000000
vn -0.928477 0.371391 0.000000
vn -0.928477 0.371391 0.000000
vn -0.928477 0.371391 0.000000
vn -0.928477 0.371391 0.000000
vn -0.759257 -0.650791 0.000000
vn -0.759257 -0.650791 0.000000
vn -0.759257 -0.650791 0.000000
vn -0.759257 -0.650791 0.000000
vn -0.000000 -1.000000 0.000000
vn -0.000000 -1.000000 0.000000
vn -0.000000 -1.000000 0.000000
vn -0.000000 -1.000000 0.000000
vn 0.982872 0.184289 0.000000
vn 0.982872 0.184289 0.000000
vn 0.982872 0.184289 0.000000
vn 0.982872 0.184289 0.000000
vn 0.664364 0.747409 0.000000
vn 0.664364 0.747409 0.000000
vn 0.664364 0.747409 0.000000
vn 0.664364 0.747409 0.000000
vn 1.000000 0.000000 0.000000
vn 1.000000 0.000000 0.000000
vn 1.000000 0.000000 0.000000
vn 1.000000 0.000000 0.000000
vn -0.000000 1.000000 0.000000
vn -0.000000 1.000000 0.000000
vn -0.000000 1.000000 0.000000
vn -0.000000 1.000000 0.000000
vn -0.919145 0.393919 0.000000
vn -0.919145 0.393919 0.000000
vn -0.919145 0.393919 0.000000
vn -0.919145 0.393919 0.000000
vn 0.000000 0.000000 -1.000000
vn 0.000000 0.000000 -1.000000
vn 0.000000 0.000000 -1.000000
vn 0.000000 0.000000 -1.000000
vn 0.000000 0.000000 -1.000000
vn 0.000000 0.000000 -1.000000
vn 0.000000 0.000000 -1.000000
vn 0.000000 0.000000 1.000000
vn 0.000000 0.000000 1.000000
vn 0.000000 0.000000 1.000000
vn 0.000000 0.000000 1.000000
vn 0.000000 0.000000 1.000000
vn 0.000000 0.000000 1.000000
vn 0.000000 0.000000 1.000000
vn -0.894427 0.447214 0.000000
vn -0.894427 0.447214 0.000000
vn -0.894427 0.447214 0.000000
vn -0.894427 0.447214 0.000000
vn -0.936329 -0.351123 0.000000
vn -0.936329 -0.351123 0.000000
vn -0.936329 -0.351123 0.000000
vn -0.936329 -0.351123 0.000000
vn 0.164399 -0.986394 0.000000
vn 0.164399 -0.986394 0.000000
vn 0.164399 -0.986394 0.000000
vn 0.164399 -0.986394 0.000000
vn -0.196116 -0.980581 0.000000
vn -0.196116 -0.980581 0.000000
vn -0.196116 -0.980581 0.000000
vn -0.196116 -0.980581 0.000000
vn 0.216930 -0.976187 0.000000
vn 0.216930 -0.976187 0.000000
vn 0.216930 -0.976187 0.000000
vn 0.216930 -0.976187 0.000000
vn 0.894427 -0.447214 0.000000
vn 0.894427 -0.447214 0.000000
vn 0.894427 -0.447214 0.000000
vn 0.894427 -0.447214 0.000000
vn 0.034462 0.999406 0.000000
vn 0.034462 0.999406 0.000000
vn 0.034462 0.999406 0.000000
vn 0.034462 0.999406 0.000000
vn 0.000000 0.000000 -1.000000
vn 0.000000 0.000000 -1.000000
vn 0.000000 0.000000 -1.000000
vn 0.000000 0.000000 -1.000000
vn 0.000000 0.000000 -1.000000
vn 0.000000 0.000000 -1.000000
vn 0.000000 0.000000 -1.000000
vn 0.000000 0.000000 1.000000
vn 0.000000 0.000000 1.000000
vn 0.000000 0.000000 1.000000
vn 0.000000 0.000000 1.000000
vn 0.000000 0.000000 1.000000
vn 0.000000 0.000000 1.000000
vn 0.000000 0.000000 1.000000
vn -0.990830 0.135113 0.000000
vn -0.990830 0.135113 0.000000
vn -0.990830 0.135113 0.000000
vn -0.990830 0.135113 0.000000
vn -0.000000 -1.000000 0.000000
vn -0.000000 -1.000000 0.000000
vn -0.000000 -1.000000 0.000000
vn -0.000000 -1.000000 0.000000
vn 0.640184 -0.768221 0.000000
vn 0.640184 -0.768221 0.000000
vn 0.640184 -0.768221 0.000000
vn 0.640184 -0.768221 0.000000
vn 0.857493 0.514496 0.000000
vn 0.857493 0.514496 0.000000
vn 0.857493 0.514496 0.000000
vn 0.857493 0.514496 0.000000
vn 0.984784 -0.173785 0.000000
vn 0.984784 -0.173785 0.000000
vn 0.984784 -0.173785 0.000000
vn 0.984784 -0.173785 0.000000
vn -0.000000 1.000000 0.000000
vn -0.000000 1.000000 0.000000
vn -0.000000 1.000000 0.000000
vn -0.000000 1.000000 0.000000
vn -0.485643 -0.874157 0.000000
vn -0.485643 -0.874157 0.000000
vn -0.485643 -0.874157 0.000000
vn -0.485643 -0.874157 0.000000
vn 0.000000 0.000000 -1.000000
vn 0.000000 0.000000 -1.000000
vn 0.000000 0.000000 -1.000000
vn 0.000000 0.000000 -1.000000
vn 0.000000 0.000000 -1.000000
vn 0.000000 0.000000 -1.000000
vn 0.000000 0.000000 -1.000000
vn 0.000000 0.000000 -1.000000
vn 0.000000 0.000000 -1.000000
vn 0.000000 0.000000 1.000000
vn 0.000000 0.000000 1.000000
vn 0.000000 0.000000 1.000000
vn 0.000000 0.000000 1.000000
vn 0.000000 0.000000 1.000000
vn 0.000000 0.000000 1.000000
vn 0.000000 0.000000 1.000000
vn 0.000000 0.000000 1.000000
vn 0.000000 0.000000 1.000000
vn -0.707107 -0.707107 0.000000
vn -0.707107 -0.707107 0.000000
vn -0.707107 -0.707107 0.000000
vn -0.707107 -0.707107 0.000000
vn -0.231621 -0.972806 0.000000
vn -0.231621 -0.972806 0.000000
vn -0.231621 -0.972806 0.000000
vn -0.231621 -0.972806 0.000000
vn 0.435561 -0.900159 0.000000
vn 0.435561 -0.900159 0.000000
vn 0.435561 -0.900159 0.000000
vn 0.435561 -0.900159 0.000000
vn 0.990830 -0.135113 0.000000
vn 0.990830 -0.135113 0.000000
vn 0.990830 -0.135113 0.000000
vn 0.990830 -0.135113 0.000000
vn 0.707107 0.707107 0.000000
vn 0.707107 0.707107 0.000000
vn 0.707107 0.707107 0.000000
vn 0.707107 0.707107 0.000000
vn -0.086630 0.996241 0.000000
vn -0.086630 0.996241 0.000000
vn -0.086630 0.996241 0.000000
vn -0.086630 0.996241 0.000000
vn 0.474100 0.880471 0.000000
vn 0.474100 0.880471 0.000000
vn 0.474100 0.880471 0.000000
vn 0.474100 0.880471 0.000000
vn -0.613941 0.789352 0.000000
vn -0.613941 0.789352 0.000000
vn -0.613941 0.789352 0.000000
vn -0.613941 0.789352 0.000000
vn -0.996729 0.080816 0.000000
vn -0.996729 0.080816 0.000000
vn -0.996729 0.080816 0.000000
vn -0.996729 0.080816 0.000000
vn 0.000000 0.000000 -1.000000
vn 0.000000 0.000000 -1.000000
vn 0.000000 0.000000 -1.000000
vn 0.000000 0.000000 -1.000000
vn 0.000000 0.000000 -1.000000
vn 0.000000 0.000000 -1.000000
vn 0.000000 0.000000 -1.000000
vn 0.000000 0.000000 -1.000000
vn 0.000000 0.000000 -1.000000
vn 0.000000 0.000000 -1.000000
vn 0.000000 0.000000 1.000000
vn 0.000000 0.000000 1.000000
vn 0.000000 0.000000 1.000000
vn 0.000000 0.000000 1.000000
vn 0.000000 0.000000 1.000000
vn 0.000000 0.000000 1.000000
vn 0.000000 0.000000 1.000000
vn 0.000000 0.000000 1.000000
vn 0.000000 0.000000 1.000000
vn 0.000000 0.000000 1.000000
vn -0.624695 0.780869 0.000000
vn -0.624695 0.780869 0.000000
vn -0.624695 0.780869 0.000000
vn -0.624695 0.780869 0.000000
vn -0.990830 0.135113 0.000000
vn -0.990830 0.135113 0.000000
vn -0.990830 0.135113 0.000000
vn -0.990830 0.135113 0.000000
vn -0.857493 -0.514496 0.000000
vn -0.857493 -0.514496 0.000000
vn -0.857493 -0.514496 0.000000
vn -0.857493 -0.514496 0.000000
vn -0.857493 0.514496 0.000000
vn -0.857493 0.514496 0.000000
vn -0.857493 0.514496 0.000000
vn -0.857493 0.514496 0.000000
vn 0.187112 -0.982339 0.000000
vn 0.187112 -0.982339 0.000000
vn 0.187112 -0.982339 0.000000
vn 0.187112 -0.982339 0.000000
vn 0.977802 -0.209529 0.000000
vn 0.977802 -0.209529 0.000000
vn 0.977802 -0.209529 0.000000
vn 0.977802 -0.209529 0.000000
vn 0.224860 -0.974391 0.000000
vn 0.224860 -0.974391 0.000000
vn 0.224860 -0.974391 0.000000
vn 0.224860 -0.974391 0.000000
vn 0.995634 -0.093341 0.000000
vn 0.995634 -0.093341 0.000000
vn 0.995634 -0.093341 0.000000
vn 0.995634 -0.093341 0.000000
vn 0.796162 0.605083 0.000000
vn 0.796162 0.605083 0.000000
vn 0.796162 0.605083 0.000000
vn 0.796162 0.605083 0.000000
vn -0.000000 1.000000 0.000000
vn -0.000000 1.000000 0.000000
vn -0.000000 1.000000 0.000000
vn -0.000000 1.000000 0.000000
vn 0.000000 0.000000 -1.000000
vn 0.000000 0.000000 -1.000000
vn 0.000000 0.000000 -1.000000
vn 0.000000 0.000000 -1.000000
vn 0.000000 0.000000 -1.000000
vn 0.000000 0.000000 -1.000000
vn 0.000000 0.000000 1.000000
vn 0.000000 0.000000 1.000000
vn 0.000000 0.000000 1.000000
vn 0.000000 0.000000 1.000000
vn 0.000000 0.000000 1.000000
vn 0.000000 0.000000 1.000000
vn -0.977802 0.209529 0.000000
vn -0.977802 0.209529 0.000000
vn -0.977802 0.209529 0.000000
vn -0.977802 0.209529 0.000000
vn -0.000000 -1.000000 0.000000
vn -0.000000 -1.000000 0.000000
vn -0.000000 -1.000000 0.000000
vn -0.000000 -1.000000 0.000000
vn 0.690476 -0.723356 0.000000
vn 0.690476 -0.723356 0.000000
vn 0.690476 -0.723356 0.000000
vn 0.690476 -0.723356 0.000000
vn 0.996130 -0.087894 0.000000
vn 0.996130 -0.087894 0.000000
vn 0.996130 -0.087894 0.000000
vn 0.996130 -0.087894 0.000000
vn 0.832050 0.554700 0.000000
vn 0.832050 0.554700 0.000000
vn 0.832050 0.554700 0.000000
vn 0.832050 0.554700 0.000000
vn -0.057597 0.998340 0.000000
vn -0.057597 0.998340 0.000000
vn -0.057597 0.998340 0.000000
vn -0.057597 0.998340 0.000000
vn 0.000000 0.000000 -1.000000
vn 0.000000 0.000000 -1.000000
vn 0.000000 0.000000 -1.000000
vn 0.000000 0.000000 -1.000000
vn 0.000000 0.000000 -1.000000
vn 0.000000 0.000000 -1.000000
vn 0.000000 0.000000 1.000000
vn 0.000000 0.000000 1.000000
vn 0.000000 0.000000 1.000000
vn 0.000000 0.000000 1.000000
vn 0.000000 0.000000 1.000000
vn 0.000000 0.000000 1.000000
vn -0.707107 -0.707107 0.000000
vn -0.707107 -0.707107 0.000000
vn -0.707107 -0.707107 0.000000
vn -0.707107 -0.707107 0.000000
vn -1.000000 0.000000 0.000000
vn -1.000000 0.000000 0.000000
vn -1.000000 0.000000 0.000000
vn -1.000000 0.000000 0.000000
vn -0.000000 -1.000000 0.000000
vn -0.000000 -1.000000 0.000000
vn -0.000000 -1.000000 0.000000
vn -0.000000 -1.000000 0.000000
vn 0.991228 -0.132164 0.000000
vn 0.991228 -0.132164 0.000000
vn 0.991228 -0.132164 0.000000
vn 0.991228 -0.132164 0.000000
vn 0.771930 0.635707 0.000000
vn 0.771930 0.635707 0.000000
vn 0.771930 0.635707 0.000000
vn 0.771930 0.635707 0.000000
vn -0.997054 0.076696 0.000000
vn -0.997054 0.076696 0.000000
vn -0.997054 0.076696 0.000000
vn -0.997054 0.076696 0.000000
vn 0.000000 0.000000 -1.000000
vn 0.000000 0.000000 -1.000000
vn 0.000000 0.000000 -1.000000
vn 0.000000 0.000000 -1.000000
vn 0.000000 0.000000 -1.000000
vn 0.000000 0.000000 -1.000000
vn 0.000000 0.000000 -1.000000
vn 0.000000 0.000000 1.000000
vn 0.000000 0.000000 1.000000
vn 0.000000 0.000000 1.000000
vn 0.000000 0.000000 1.000000
vn 0.000000 0.000000 1.000000
vn 0.000000 0.000000 1.000000
vn 0.000000 0.000000 1.000000
vn -0.977802 0.209529 0.000000
vn -0.977802 0.209529 0.000000
vn -0.977802 0.209529 0.000000
vn -0.977802 0.209529 0.000000
vn -0.554700 0.832050 0.000000
vn -0.554700 0.832050 0.000000
vn -0.554700 0.832050 0.000000
vn -0.554700 0.832050 0.000000
vn -0.994692 -0.102899 0.000000
vn -0.994692 -0.102899 0.000000
vn -0.994692 -0.102899 0.000000
vn -0.994692 -0.102899 0.000000
vn -0.640184 -0.768221 0.000000
vn -0.640184 -0.768221 0.000000
vn -0.640184 -0.768221 0.000000
vn -0.640184 -0.768221 0.000000
vn 0.316228 -0.948683 0.000000
vn 0.316228 -0.948683 0.000000
vn 0.316228 -0.948683 0.000000
vn 0.316228 -0.948683 0.000000
vn 1.000000 0.000000 0.000000
vn 1.000000 0.000000 0.000000
vn 1.000000 0.000000 0.000000
vn 1.000000 0.000000 0.000000
vn -0.000000 1.000000 0.000000
vn -0.000000 1.000000 0.000000
vn -0.000000 1.000000 0.000000
vn -0.000000 1.000000 0.000000
vn 0.000000 0.000000 -1.000000
vn 0.000000 0.000000 -1.000000
vn 0.000000 0.000000 -1.000000
vn 0.000000 0.000000 -1.000000
vn 0.000000 0.000000 -1.000000
vn 0.000000 0.000000 -1.000000
vn 0.000000 0.000000 -1.000000
vn 0.000000 0.000000 1.000000
vn 0.000000 0.000000 1.000000
vn 0.000000 0.000000 1.000000
vn 0.000000 0.000000 1.000000
vn 0.000000 0.000000 1.000000
vn 0.000000 0.000000 1.000000
vn 0.000000 0.000000 1.000000
vn -0.996670 -0.081546 0.000000
vn -0.996670 -0.081546 0.000000
vn -0.996670 -0.081546 0.000000
vn -0.996670 -0.081546 0.000000
vn -0.694136 0.719844 0.000000
vn -0.694136 0.719844 0.000000
vn -0.694136 0.719844 0.000000
vn -0.694136 0.719844 0.000000
vn -0.850265 -0.526355 0.000000
vn -0.850265 -0.526355 0.000000
vn -0.850265 -0.526355 0.000000
vn -0.850265 -0.526355 0.000000
vn 0.707107 -0.707107 0.000000
vn 0.707107 -0.707107 0.000000
vn 0.707107 -0.707107 0.000000
vn 0.707107 -0.707107 0.000000
vn 0.992486 -0.122361 0.000000
vn 0.992486 -0.122361 0.000000
vn 0.992486 -0.122361 0.000000
vn 0.992486 -0.122361 0.000000
vn 0.999056 0.043437 0.000000
vn 0.999056 0.043437 0.000000
vn 0.999056 0.043437 0.000000
vn 0.999056 0.043437 0.000000
vn -0.973940 0.226808 0.000000
vn -0.973940 0.226808 0.000000
vn -0.973940 0.226808 0.000000
vn -0.973940 0.226808 0.000000
vn 0.000000 0.000000 -1.000000
vn 0.000000 0.000000 -1.000000
vn 0.000000 0.000000 -1.000000
vn 0.000000 0.000000 -1.000000
vn 0.000000 0.000000 -1.000000
vn 0.000000 0.000000 -1.000000
vn 0.000000 0.000000 -1.000000
vn 0.000000 0.000000 1.000000
vn 0.000000 0.000000 1.000000
vn 0.000000 0.000000 1.000000
vn 0.000000 0.000000 1.000000
vn 0.000000 0.000000 1.000000
vn 0.000000 0.000000 1.000000
vn 0.000000 0.000000 1.000000
vn -0.581238 0.813733 0.000000
vn -0.581238 0.813733 0.000000
vn -0.581238 0.813733 0.000000
vn -0.581238 0.813733 0.000000
vn -0.000000 1.000000 0.000000
vn -0.000000 1.000000 0.000000
vn -0.000000 1.000000 0.000000
vn -0.000000 1.000000 0.000000
vn -1.000000 0.000000 0.000000
vn -1.000000 0.000000 0.000000
vn -1.000000 0.000000 0.000000
vn -1.000000 0.000000 0.000000
vn -0.149805 -0.988716 0.000000
vn -0.149805 -0.988716 0.000000
vn -0.149805 -0.988716 0.000000
vn -0.149805 -0.988716 0.000000
vn 0.079745 -0.996815 0.000000
vn 0.079745 -0.996815 0.000000
vn 0.079745 -0.996815 0.000000
vn 0.079745 -0.996815 0.000000
vn 1.000000 0.000000 0.000000
vn 1.000000 0.000000 0.000000
vn 1.000000 0.000000 0.000000
vn 1.000000 0.000000 0.000000
vn 0.164399 0.986394 0.000000
vn 0.164399 0.986394 0.000000
vn 0.164399 0.986394 0.000000
vn 0.164399 0.986394 0.000000
vn 0.000000 0.000000 -1.000000
vn 0.000000 0.000000 -1.000000
vn 0.000000 0.000000 -1.000000
vn 0.000000 0.000000 -1.000000
vn 0.000000 0.000000 -1.000000
vn 0.000000 0.000000 1.000000
vn 0.000000 0.000000 1.000000
vn 0.000000 0.000000 1.000000
vn 0.000000 0.000000 1.000000
vn 0.000000 0.000000 1.000000
vn -0.023523 -0.999723 0.000000
vn -0.023523 -0.999723 0.000000
vn -0.023523 -0.999723 0.000000
vn -0.023523 -0.999723 0.000000
vn 0.894427 0.447214 0.000000
vn 0.894427 0.447214 0.000000
vn 0.894427 0.447214 0.000000
vn 0.894427 0.447214 0.000000
vn 0.176299 0.984337 0.000000
vn 0.176299 0.984337 0.000000
vn 0.176299 0.984337 0.000000
vn 0.176299 0.984337 0.000000
vn -0.503871 0.863779 0.000000
vn -0.503871 0.863779 0.000000
vn -0.503871 0.863779 0.000000
vn -0.503871 0.863779 0.000000
vn -1.000000 0.000000 0.000000
vn -1.000000 0.000000 0.000000
vn -1.000000 0.000000 0.000000
vn -1.000000 0.000000 0.000000
vn 0.000000 0.000000 -1.000000
vn 0.000000 0.000000 -1.000000
vn 0.000000 0.000000 -1.000000
vn 0.000000 0.000000 -1.000000
vn 0.000000 0.000000 -1.000000
vn 0.000000 0.000000 1.000000
vn 0.000000 0.000000 1.000000
vn 0.000000 0.000000 1.000000
vn 0.000000 0.000000 1.000000
vn 0.000000 0.000000 1.000000
vn -0.024583 0.999698 0.000000
vn -0.024583 0.999698 0.000000
vn -0.024583 0.999698 0.000000
vn -0.024583 0.999698 0.000000
vn -0.877896 0.478852 0.000000
vn -0.877896 0.478852 0.000000
vn -0.877896 0.478852 0.000000
vn -0.877896 0.478852 0.000000
vn -0.029227 -0.999573 0.000000
vn -0.029227 -0.999573 0.000000
vn -0.029227 -0.999573 0.000000
vn -0.029227 -0.999573 0.000000
vn 0.683941 -0.729537 0.000000
vn 0.683941 -0.729537 0.000000
vn 0.683941 -0.729537 0.000000
vn 0.683941 -0.729537 0.000000
vn 0.272322 0.962206 0.000000
vn 0.272322 0.962206 0.000000
vn 0.272322 0.962206 0.000000
vn 0.272322 0.962206 0.000000

# Faces
usemtl color_255_182_193
f 1//1 2//2 3//3
f 1//1 3//3 4//4
f 1//1 4//4 5//5
f 1//1 5//5 6//6
f 1//1 6//6 7//7
f 8//8 10//10 9//9
f 8//8 11//11 10//10
f 8//8 12//12 11//11
f 8//8 13//13 12//12
f 8//8 14//14 13//13
f 1//1 2//2 9//9
f 1//1 9//9 8//8
f 15//15 17//17 16//16
f 15//15 18//18 17//17
f 1//1 18//18 15//15
f 1//1 15//15 8//8
f 2//2 16//16 17//17
f 2//2 17//17 9//9
f 2//2 3//3 10//10
f 2//2 10//10 9//9
f 19//19 21//21 20//20
f 19//19 22//22 21//21
f 2//2 22//22 19//19
f 2//2 19//19 9//9
f 3//3 20//20 21//21
f 3//3 21//21 10//10
f 3//3 4//4 11//11
f 3//3 11//11 10//10
f 23//23 25//25 24//24
f 23//23 26//26 25//25
f 3//3 26//26 23//23
f 3//3 23//23 10//10
f 4//4 24//24 25//25
f 4//4 25//25 11//11
f 4//4 5//5 12//12
f 4//4 12//12 11//11
f 27//27 29//29 28//28
f 27//27 30//30 29//29
f 4//4 30//30 27//27
f 4//4 27//27 11//11
f 5//5 28//28 29//29
f 5//5 29//29 12//12
f 5//5 6//6 13//13
f 5//5 13//13 12//12
f 31//31 33//33 32//32
f 31//31 34//34 33//33
f 5//5 34//34 31//31
f 5//5 31//31 12//12
f 6//6 32//32 33//33
f 6//6 33//33 13//13
f 6//6 7//7 14//14
f 6//6 14//14 13//13
f 35//35 37//37 36//36
f 35//35 38//38 37//37
f 6//6 38//38 35//35
f 6//6 35//35 13//13
f 7//7 36//36 37//37
f 7//7 37//37 14//14
f 7//7 1//1 8//8
f 7//7 8//8 14//14
f 39//39 41//41 40//40
f 39//39 42//42 41//41
f 7//7 42//42 39//39
f 7//7 39//39 14//14
f 1//1 40//40 41//41
f 1//1 41//41 8//8
usemtl color_255_200_124
f 43//43 44//44 45//45
f 43//43 45//45 46//46
f 43//43 46//46 47//47
f 43//43 47//47 48//48
f 43//43 48//48 49//49
f 43//43 49//49 50//50
f 51//51 53//53 52//52
f 51//51 54//54 53//53
f 51//51 55//55 54//54
f 51//51 56//56 55//55
f 51//51 57//57 56//56
f 51//51 58//58 57//57
f 43//43 44//44 52//52
f 43//43 52//52 51//51
f 59//59 61//61 60//60
f 59//59 62//62 61//61
f 43//43 62//62 59//59
f 43//43 59//59 51//51
f 44//44 60//60 61//61
f 44//44 61//61 52//52
f 44//44 45//45 53//53
f 44//44 53//53 52//52
f 63//63 65//65 64//64
f 63//63 66//66 65//65
f 44//44 66//66 63//63
f 44//44 63//63 52//52
f 45//45 64//64 65//65
f 45//45 65//65 53//53
f 45//45 46//46 54//54
f 45//45 54//54 53//53
f 67//67 69//69 68//68
f 67//67 70//70 69//69
f 45//45 70//70 67//67
f 45//45 67//67 53//53
f 46//46 68//68 69//69
f 46//46 69//69 54//54
f 46//46 47//47 55//55
f 46//46 55//55 54//54
f 71//71 73//73 72//72
f 71//71 74//74 73//73
f 46//46 74//74 71//71
f 46//46 71//71 54//54
f 47//47 72//72 73//73
f 47//47 73//73 55//55
f 47//47 48//48 56//56
f 47//47 56//56 55//55
f 75//75 77//77 76//76
f 75//75 78//78 77//77
f 47//47 78//78 75//75
f 47//47 75//75 55//55
f 48//48 76//76 77//77
f 48//48 77//77 56//56
f 48//48 49//49 57//57
f 48//48 57//57 56//56
f 79//79 81//81 80//80
f 79//79 82//82 81//81
f 48//48 82//82 79//79
f 48//48 79//79 56//56
f 49//49 80//80 81//81
f 49//49 81//81 57//57
f 49//49 50//50 58//58
f 49//49 58//58 57//57
f 83//83 85//85 84//84
f 83//83 86//86 85//85
f 49//49 86//86 83//83
f 49//49 83//83 57//57
f 50//50 84//84 85//85
f 50//50 85//85 58//58
f 50//50 43//43 51//51
f 50//50 51//51 58//58
f 87//87 89//89 88//88
f 87//87 90//90 89//89
f 50//50 90//90 87//87
f 50//50 87//87 58//58
f 43//43 88//88 89//89
f 43//43 89//89 51//51
f 91//91 92//92 93//93
f 91//91 93//93 94//94
f 95//95 97//97 96//96
f 95//95 98//98 97//97
f 91//91 92//92 96//96
f 91//91 96//96 95//95
f 99//99 101//101 100//100
f 99//99 102//102 101//101
f 91//91 102//102 99//99
f 91//91 99//99 95//95
f 92//92 100//100 101//101
f 92//92 101//101 96//96
f 92//92 93//93 97//97
f 92//92 97//97 96//96
f 103//103 105//105 104//104
f 103//103 106//106 105//105
f 92//92 106//106 103//103
f 92//92 103//103 96//96
f 93//93 104//104 105//105
f 93//93 105//105 97//97
f 93//93 94//94 98//98
f 93//93 98//98 97//97
f 107//107 109//109 108//108
f 107//107 110//110 109//109
f 93//93 110//110 107//107
f 93//93 107//107 97//97
f 94//94 108//108 109//109
f 94//94 109//109 98//98
f 94//94 91//91 95//95
f 94//94 95//95 98//98
f 111//111 113//113 112//112
f 111//111 114//114 113//113
f 94//94 114//114 111//111
f 94//94 111//111 98//98
f 91//91 112//112 113//113
f 91//91 113//113 95//95
f 115//115 116//116 117//117
f 115//115 117//117 118//118
f 119//119 121//121 120//120
f 119//119 122//122 121//121
f 115//115 116//116 120//120
f 115//115 120//120 119//119
f 123//123 125//125 124//124
f 123//123 126//126 125//125
f 115//115 126//126 123//123
f 115//115 123//123 119//119
f 116//116 124//124 125//125
f 116//116 125//125 120//120
f 116//116 117//117 121//121
f 116//116 121//121 120//120
f 127//127 129//129 128//128
f 127//127 130//130 129//129
f 116//116 130//130 127//127
f 116//116 127//127 120//120
f 117//117 128//128 129//129
f 117//117 129//129 121//121
f 117//117 118//118 122//122
f 117//117 122//122 121//121
f 131//131 133//133 132//132
f 131//131 134//134 133//133
f 117//117 134//134 131//131
f 117//117 131//131 121//121
f 118//118 132//132 133//133
f 118//118 133//133 122//122
f 118//118 115//115 119//119
f 118//118 119//119 122//122
f 135//135 137//137 136//136
f 135//135 138//138 137//137
f 118//118 138//138 135//135
f 118//118 135//135 122//122
f 115//115 136//136 137//137
f 115//115 137//137 119//119
f 139//139 140//140 141//141
f 139//139 141//141 142//142
f 143//143 145//145 144//144
f 143//143 146//146 145//145
f 139//139 140//140 144//144
f 139//139 144//144 143//143
f 147//147 149//149 148//148
f 147//147 150//150 149//149
f 139//139 150//150 147//147
f 139//139 147//147 143//143
f 140//140 148//148 149//149
f 140//140 149//149 144//144
f 140//140 141//141 145//145
f 140//140 145//145 144//144
f 151//151 153//153 152//152
f 151//151 154//154 153//153
f 140//140 154//154 151//151
f 140//140 151//151 144//144
f 141//141 152//152 153//153
f 141//141 153//153 145//145
f 141//141 142//142 146//146
f 141//141 146//146 145//145
f 155//155 157//157 156//156
f 155//155 158//158 157//157
f 141//141 158//158 155//155
f 141//141 155//155 145//145
f 142//142 156//156 157//157
f 142//142 157//157 146//146
f 142//142 139//139 143//143
f 142//142 143//143 146//146
f 159//159 161//161 160//160
f 159//159 162//162 161//161
f 142//142 162//162 159//159
f 142//142 159//159 146//146
f 139//139 160//160 161//161
f 139//139 161//161 143//143
usemtl color_173_216_230
f 163//163 164//164 165//165
f 163//163 165//165 166//166
f 167//167 169//169 168//168
f 167//167 170//170 169//169
f 163//163 164//164 168//168
f 163//163 168//168 167//167
f 171//171 173//173 172//172
f 171//171 174//174 173//173
f 163//163 174//174 171//171
f 163//163 171//171 167//167
f 164//164 172//172 173//173
f 164//164 173//173 168//168
f 164//164 165//165 169//169
f 164//164 169//169 168//168
f 175//175 177//177 176//176
f 175//175 178//178 177//177
f 164//164 178//178 175//175
f 164//164 175//175 168//168
f 165//165 176//176 177//177
f 165//165 177//177 169//169
f 165//165 166//166 170//170
f 165//165 170//170 169//169
f 179//179 181//181 180//180
f 179//179 182//182 181//181
f 165//165 182//182 179//179
f 165//165 179//179 169//169
f 166//166 180//180 181//181
f 166//166 181//181 170//170
f 166//166 163//163 167//167
f 166//166 167//167 170//170
f 183//183 185//185 184//184
f 183//183 186//186 185//185
f 166//166 186//186 183//183
f 166//166 183//183 170//170
f 163//163 184//184 185//185
f 163//163 185//185 167//167
f 187//187 188//188 189//189
f 187//187 189//189 190//190
f 187//187 190//190 191//191
f 187//187 191//191 192//192
f 187//187 192//192 193//193
f 187//187 193//193 194//194
f 187//187 194//194 195//195
f 187//187 195//195 196//196
f 197//197 199//199 198//198
f 197//197 200//200 199//199
f 197//197 201//201 200//200
f 197//197 202//202 201//201
f 197//197 203//203 202//202
f 197//197 204//204 203//203
f 197//197 205//205 204//204
f 197//197 206//206 205//205
f 187//187 188//188 198//198
f 187//187 198//198 197//197
f 207//207 209//209 208//208
f 207//207 210//210 209//209
f 187//187 210//210 207//207
f 187//187 207//207 197//197
f 188//188 208//208 209//209
f 188//188 209//209 198//198
f 188//188 189//189 199//199
f 188//188 199//199 198//198
f 211//211 213//213 212//212
f 211//211 214//214 213//213
f 188//188 214//214 211//211
f 188//188 211//211 198//198
f 189//189 212//212 213//213
f 189//189 213//213 199//199
f 189//189 190//190 200//200
f 189//189 200//200 199//199
f 215//215 217//217 216//216
f 215//215 218//218 217//217
f 189//189 218//218 215//215
f 189//189 215//215 199//199
f 190//190 216//216 217//217
f 190//190 217//217 200//200
f 190//190 191//191 201//201
f 190//190 201//201 200//200
f 219//219 221//221 220//220
f 219//219 222//222 221//221
f 190//190 222//222 219//219
f 190//190 219//219 200//200
f 191//191 220//220 221//221
f 191//191 221//221 201//201
f 191//191 192//192 202//202
f 191//191 202//202 201//201
f 223//223 225//225 224//224
f 223//223 226//226 225//225
f 191//191 226//226 223//223
f 191//191 223//223 201//201
f 192//192 224//224 225//225
f 192//192 225//225 202//202
f 192//192 193//193 203//203
f 192//192 203//203 202//202
f 227//227 229//229 228//228
f 227//227 230//230 229//229
f 192//192 230//230 227//227
f 192//192 227//227 202//202
f 193//193 228//228 229//229
f 193//193 229//229 203//203
f 193//193 194//194 204//204
f 193//193 204//204 203//203
f 231//231 233//233 232//232
f 231//231 234//234 233//233
f 193//193 234//234 231//231
f 193//193 231//231 203//203
f 194//194 232//232 233//233
f 194//194 233//233 204//204
f 194//194 195//195 205//205
f 194//194 205//205 204//204
f 235//235 237//237 236//236
f 235//235 238//238 237//237
f 194//194 238//238 235//235
f 194//194 235//235 204//204
f 195//195 236//236 237//237
f 195//195 237//237 205//205
f 195//195 196//196 206//206
f 195//195 206//206 205//205
f 239//239 241//241 240//240
f 239//239 242//242 241//241
f 195//195 242//242 239//239
f 195//195 239//239 205//205
f 196//196 240//240 241//241
f 196//196 241//241 206//206
f 196//196 187//187 197//197
f 196//196 197//197 206//206
f 243//243 245//245 244//244
f 243//243 246//246 245//245
f 196//196 246//246 243//243
f 196//196 243//243 206//206
f 187//187 244//244 245//245
f 187//187 245//245 197//197
f 247//247 248//248 249//249
f 247//247 249//249 250//250
f 247//247 250//250 251//251
f 247//247 251//251 252//252
f 247//247 252//252 253//253
f 247//247 253//253 254//254
f 247//247 254//254 255//255
f 247//247 255//255 256//256
f 247//247 256//256 257//257
f 247//247 257//257 258//258
f 259//259 261//261 260//260
f 259//259 262//262 261//261
f 259//259 263//263 262//262
f 259//259 264//264 263//263
f 259//259 265//265 264//264
f 259//259 266//266 265//265
f 259//259 267//267 266//266
f 259//259 268//268 267//267
f 259//259 269//269 268//268
f 259//259 270//270 269//269
f 247//247 248//248 260//260
f 247//247 260//260 259//259
f 271//271 273//273 272//272
f 271//271 274//274 273//273
f 247//247 274//274 271//271
f 247//247 271//271 259//259
f 248//248 272//272 273//273
f 248//248 273//273 260//260
f 248//248 249//249 261//261
f 248//248 261//261 260//260
f 275//275 277//277 276//276
f 275//275 278//278 277//277
f 248//248 278//278 275//275
f 248//248 275//275 260//260
f 249//249 276//276 277//277
f 249//249 277//277 261//261
f 249//249 250//250 262//262
f 249//249 262//262 261//261
f 279//279 281//281 280//280
f 279//279 282//282 281//281
f 249//249 282//282 279//279
f 249//249 279//279 261//261
f 250//250 280//280 281//281
f 250//250 281//281 262//262
f 250//250 251//251 263//263
f 250//250 263//263 262//262
f 283//283 285//285 284//284
f 283//283 286//286 285//285
f 250//250 286//286 283//283
f 250//250 283//283 262//262
f 251//251 284//284 285//285
f 251//251 285//285 263//263
f 251//251 252//252 264//264
f 251//251 264//264 263//263
f 287//287 289//289 288//288
f 287//287 290//290 289//289
f 251//251 290//290 287//287
f 251//251 287//287 263//263
f 252//252 288//288 289//289
f 252//252 289//289 264//264
f 252//252 253//253 265//265
f 252//252 265//265 264//264
f 291//291 293//293 292//292
f 291//291 294//294 293//293
f 252//252 294//294 291//291
f 252//252 291//291 264//264
f 253//253 292//292 293//293
f 253//253 293//293 265//265
f 253//253 254//254 266//266
f 253//253 266//266 265//265
f 295//295 297//297 296//296
f 295//295 298//298 297//297
f 253//253 298//298 295//295
f 253//253 295//295 265//265
f 254//254 296//296 297//297
f 254//254 297//297 266//266
f 254//254 255//255 267//267
f 254//254 267//267 266//266
f 299//299 301//301 300//300
f 299//299 302//302 301//301
f 254//254 302//302 299//299
f 254//254 299//299 266//266
f 255//255 300//300 301//301
f 255//255 301//301 267//267
f 255//255 256//256 268//268
f 255//255 268//268 267//267
f 303//303 305//305 304//304
f 303//303 306//306 305//305
f 255//255 306//306 303//303
f 255//255 303//303 267//267
f 256//256 304//304 305//305
f 256//256 305//305 268//268
f 256//256 257//257 269//269
f 256//256 269//269 268//268
f 307//307 309//309 308//308
f 307//307 310//310 309//309
f 256//256 310//310 307//307
f 256//256 307//307 268//268
f 257//257 308//308 309//309
f 257//257 309//309 269//269
f 257//257 258//258 270//270
f 257//257 270//270 269//269
f 311//311 313//313 312//312
f 311//311 314//314 313//313
f 257//257 314//314 311//311
f 257//257 311//311 269//269
f 258//258 312//312 313//313
f 258//258 313//313 270//270
f 258//258 247//247 259//259
f 258//258 259//259 270//270
f 315//315 317//317 316//316
f 315//315 318//318 317//317
f 258//258 318//318 315//315
f 258//258 315//315 270//270
f 247//247 316//316 317//317
f 247//247 317//317 259//259
f 319//319 320//320 321//321
f 319//319 321//321 322//322
f 319//319 322//322 323//323
f 319//319 323//323 324//324
f 319//319 324//324 325//325
f 319//319 325//325 326//326
f 319//319 326//326 327//327
f 319//319 327//327 328//328
f 329//329 331//331 330//330
f 329//329 332//332 331//331
f 329//329 333//333 332//332
f 329//329 334//334 333//333
f 329//329 335//335 334//334
f 329//329 336//336 335//335
f 329//329 337//337 336//336
f 329//329 338//338 337//337
f 319//319 320//320 330//330
f 319//319 330//330 329//329
f 339//339 341//341 340//340
f 339//339 342//342 341//341
f 319//319 342//342 339//339
f 319//319 339//339 329//329
f 320//320 340//340 341//341
f 320//320 341//341 330//330
f 320//320 321//321 331//331
f 320//320 331//331 330//330
f 343//343 345//345 344//344
f 343//343 346//346 345//345
f 320//320 346//346 343//343
f 320//320 343//343 330//330
f 321//321 344//344 345//345
f 321//321 345//345 331//331
f 321//321 322//322 332//332
f 321//321 332//332 331//331
f 347//347 349//349 348//348
f 347//347 350//350 349//349
f 321//321 350//350 347//347
f 321//321 347//347 331//331
f 322//322 348//348 349//349
f 322//322 349//349 332//332
f 322//322 323//323 333//333
f 322//322 333//333 332//332
f 351//351 353//353 352//352
f 351//351 354//354 353//353
f 322//322 354//354 351//351
f 322//322 351//351 332//332
f 323//323 352//352 353//353
f 323//323 353//353 333//333
f 323//323 324//324 334//334
f 323//323 334//334 333//333
f 355//355 357//357 356//356
f 355//355 358//358 357//357
f 323//323 358//358 355//355
f 323//323 355//355 333//333
f 324//324 356//356 357//357
f 324//324 357//357 334//334
f 324//324 325//325 335//335
f 324//324 335//335 334//334
f 359//359 361//361 360//360
f 359//359 362//362 361//361
f 324//324 362//362 359//359
f 324//324 359//359 334//334
f 325//325 360//360 361//361
f 325//325 361//361 335//335
f 325//325 326//326 336//336
f 325//325 336//336 335//335
f 363//363 365//365 364//364
f 363//363 366//366 365//365
f 325//325 366//366 363//363
f 325//325 363//363 335//335
f 326//326 364//364 365//365
f 326//326 365//365 336//336
f 326//326 327//327 337//337
f 326//326 337//337 336//336
f 367//367 369//369 368//368
f 367//367 370//370 369//369
f 326//326 370//370 367//367
f 326//326 367//367 336//336
f 327//327 368//368 369//369
f 327//327 369//369 337//337
f 327//327 328//328 338//338
f 327//327 338//338 337//337
f 371//371 373//373 372//372
f 371//371 374//374 373//373
f 327//327 374//374 371//371
f 327//327 371//371 337//337
f 328//328 372//372 373//373
f 328//328 373//373 338//338
f 328//328 319//319 329//329
f 328//328 329//329 338//338
f 375//375 377//377 376//376
f 375//375 378//378 377//377
f 328//328 378//378 375//375
f 328//328 375//375 338//338
f 319//319 376//376 377//377
f 319//319 377//377 329//329
f 379//379 380//380 381//381
f 379//379 381//381 382//382
f 379//379 382//382 383//383
f 379//379 383//383 384//384
f 379//379 384//384 385//385
f 386//386 388//388 387//387
f 386//386 389//389 388//388
f 386//386 390//390 389//389
f 386//386 391//391 390//390
f 386//386 392//392 391//391
f 379//379 380//380 387//387
f 379//379 387//387 386//386
f 393//393 395//395 394//394
f 393//393 396//396 395//395
f 379//379 396//396 393//393
f 379//379 393//393 386//386
f 380//380 394//394 395//395
f 380//380 395//395 387//387
f 380//380 381//381 388//388
f 380//380 388//388 387//387
f 397//397 399//399 398//398
f 397//397 400//400 399//399
f 380//380 400//400 397//397
f 380//380 397//397 387//387
f 381//381 398//398 399//399
f 381//381 399//399 388//388
f 381//381 382//382 389//389
f 381//381 389//389 388//388
f 401//401 403//403 402//402
f 401//401 404//404 403//403
f 381//381 404//404 401//401
f 381//381 401//401 388//388
f 382//382 402//402 403//403
f 382//382 403//403 389//389
f 382//382 383//383 390//390
f 382//382 390//390 389//389
f 405//405 407//407 406//406
f 405//405 408//408 407//407
f 382//382 408//408 405//405
f 382//382 405//405 389//389
f 383//383 406//406 407//407
f 383//383 407//407 390//390
f 383//383 384//384 391//391
f 383//383 391//391 390//390
f 409//409 411//411 410//410
f 409//409 412//412 411//411
f 383//383 412//412 409//409
f 383//383 409//409 390//390
f 384//384 410//410 411//411
f 384//384 411//411 391//391
f 384//384 385//385 392//392
f 384//384 392//392 391//391
f 413//413 415//415 414//414
f 413//413 416//416 415//415
f 384//384 416//416 413//413
f 384//384 413//413 391//391
f 385//385 414//414 415//415
f 385//385 415//415 392//392
f 385//385 379//379 386//386
f 385//385 386//386 392//392
f 417//417 419//419 418//418
f 417//417 420//420 419//419
f 385//385 420//420 417//417
f 385//385 417//417 392//392
f 379//379 418//418 419//419
f 379//379 419//419 386//386
f 421//421 422//422 423//423
f 421//421 423//423 424//424
f 421//421 424//424 425//425
f 421//421 425//425 426//426
f 421//421 426//426 427//427
f 421//421 427//427 428//428
f 421//421 428//428 429//429
f 430//430 432//432 431//431
f 430//430 433//433 432//432
f 430//430 434//434 433//433
f 430//430 435//435 434//434
f 430//430 436//436 435//435
f 430//430 437//437 436//436
f 430//430 438//438 437//437
f 421//421 422//422 431//431
f 421//421 431//431 430//430
f 439//439 441//441 440//440
f 439//439 442//442 441//441
f 421//421 442//442 439//439
f 421//421 439//439 430//430
f 422//422 440//440 441//441
f 422//422 441//441 431//431
f 422//422 423//423 432//432
f 422//422 432//432 431//431
f 443//443 445//445 444//444
f 443//443 446//446 445//445
f 422//422 446//446 443//443
f 422//422 443//443 431//431
f 423//423 444//444 445//445
f 423//423 445//445 432//432
f 423//423 424//424 433//433
f 423//423 433//433 432//432
f 447//447 449//449 448//448
f 447//447 450//450 449//449
f 423//423 450//450 447//447
f 423//423 447//447 432//432
f 424//424 448//448 449//449
f 424//424 449//449 433//433
f 424//424 425//425 434//434
f 424//424 434//434 433//433
f 451//451 453//453 452//452
f 451//451 454//454 453//453
f 424//424 454//454 451//451
f 424//424 451//451 433//433
f 425//425 452//452 453//453
f 425//425 453//453 434//434
f 425//425 426//426 435//435
f 425//425 435//435 434//434
f 455//455 457//457 456//456
f 455//455 458//458 457//457
f 425//425 458//458 455//455
f 425//425 455//455 434//434
f 426//426 456//456 457//457
f 426//426 457//457 435//435
f 426//426 427//427 436//436
f 426//426 436//436 435//435
f 459//459 461//461 460//460
f 459//459 462//462 461//461
f 426//426 462//462 459//459
f 426//426 459//459 435//435
f 427//427 460//460 461//461
f 427//427 461//461 436//436
f 427//427 428//428 437//437
f 427//427 437//437 436//436
f 463//463 465//465 464//464
f 463//463 466//466 465//465
f 427//427 466//466 463//463
f 427//427 463//463 436//436
f 428//428 464//464 465//465
f 428//428 465//465 437//437
f 428//428 429//429 438//438
f 428//428 438//438 437//437
f 467//467 469//469 468//468
f 467//467 470//470 469//469
f 428//428 470//470 467//467
f 428//428 467//467 437//437
f 429//429 468//468 469//469
f 429//429 469//469 438//438
f 429//429 421//421 430//430
f 429//429 430//430 438//438
f 471//471 473//473 472//472
f 471//471 474//474 473//473
f 429//429 474//474 471//471
f 429//429 471//471 438//438
f 421//421 472//472 473//473
f 421//421 473//473 430//430
f 475//475 476//476 477//477
f 475//475 477//477 478//478
f 475//475 478//478 479//479
f 475//475 479//479 480//480
f 475//475 480//480 481//481
f 482//482 484//484 483//483
f 482//482 485//485 484//484
f 482//482 486//486 485//485
f 482//482 487//487 486//486
f 482//482 488//488 487//487
f 475//475 476//476 483//483
f 475//475 483//483 482//482
f 489//489 491//491 490//490
f 489//489 492//492 491//491
f 475//475 492//492 489//489
f 475//475 489//489 482//482
f 476//476 490//490 491//491
f 476//476 491//491 483//483
f 476//476 477//477 484//484
f 476//476 484//484 483//483
f 493//493 495//495 494//494
f 493//493 496//496 495//495
f 476//476 496//496 493//493
f 476//476 493//493 483//483
f 477//477 494//494 495//495
f 477//477 495//495 484//484
f 477//477 478//478 485//485
f 477//477 485//485 484//484
f 497//497 499//499 498//498
f 497//497 500//500 499//499
f 477//477 500//500 497//497
f 477//477 497//497 484//484
f 478//478 498//498 499//499
f 478//478 499//499 485//485
f 478//478 479//479 486//486
f 478//478 486//486 485//485
f 501//501 503//503 502//502
f 501//501 504//504 503//503
f 478//478 504//504 501//501
f 478//478 501//501 485//485
f 479//479 502//502 503//503
f 479//479 503//503 486//486
f 479//479 480//480 487//487
f 479//479 487//487 486//486
f 505//505 507//507 506//506
f 505//505 508//508 507//507
f 479//479 508//508 505//505
f 479//479 505//505 486//486
f 480//480 506//506 507//507
f 480//480 507//507 487//487
f 480//480 481//481 488//488
f 480//480 488//488 487//487
f 509//509 511//511 510//510
f 509//509 512//512 511//511
f 480//480 512//512 509//509
f 480//480 509//509 487//487
f 481//481 510//510 511//511
f 481//481 511//511 488//488
f 481//481 475//475 482//482
f 481//481 482//482 488//488
f 513//513 515//515 514//514
f 513//513 516//516 515//515
f 481//481 516//516 513//513
f 481//481 513//513 488//488
f 475//475 514//514 515//515
f 475//475 515//515 482//482
usemtl color_255_228_181
f 517//517 518//518 519//519
f 517//517 519//519 520//520
f 517//517 520//520 521//521
f 517//517 521//521 522//522
f 517//517 522//522 523//523
f 517//517 523//523 524//524
f 525//525 527//527 526//526
f 525//525 528//528 527//527
f 525//525 529//529 528//528
f 525//525 530//530 529//529
f 525//525 531//531 530//530
f 525//525 532//532 531//531
f 517//517 518//518 526//526
f 517//517 526//526 525//525
f 533//533 535//535 534//534
f 533//533 536//536 535//535
f 517//517 536//536 533//533
f 517//517 533//533 525//525
f 518//518 534//534 535//535
f 518//518 535//535 526//526
f 518//518 519//519 527//527
f 518//518 527//527 526//526
f 537//537 539//539 538//538
f 537//537 540//540 539//539
f 518//518 540//540 537//537
f 518//518 537//537 526//526
f 519//519 538//538 539//539
f 519//519 539//539 527//527
f 519//519 520//520 528//528
f 519//519 528//528 527//527
f 541//541 543//543 542//542
f 541//541 544//544 543//543
f 519//519 544//544 541//541
f 519//519 541//541 527//527
f 520//520 542//542 543//543
f 520//520 543//543 528//528
f 520//520 521//521 529//529
f 520//520 529//529 528//528
f 545//545 547//547 546//546
f 545//545 548//548 547//547
f 520//520 548//548 545//545
f 520//520 545//545 528//528
f 521//521 546//546 547//547
f 521//521 547//547 529//529
f 521//521 522//522 530//530
f 521//521 530//530 529//529
f 549//549 551//551 550//550
f 549//549 552//552 551//551
f 521//521 552//552 549//549
f 521//521 549//549 529//529
f 522//522 550//550 551//551
f 522//522 551//551 530//530
f 522//522 523//523 531//531
f 522//522 531//531 530//530
f 553//553 555//555 554//554
f 553//553 556//556 555//555
f 522//522 556//556 553//553
f 522//522 553//553 530//530
f 523//523 554//554 555//555
f 523//523 555//555 531//531
f 523//523 524//524 532//532
f 523//523 532//532 531//531
f 557//557 559//559 558//558
f 557//557 560//560 559//559
f 523//523 560//560 557//557
f 523//523 557//557 531//531
f 524//524 558//558 559//559
f 524//524 559//559 532//532
f 524//524 517//517 525//525
f 524//524 525//525 532//532
f 561//561 563//563 562//562
f 561//561 564//564 563//563
f 524//524 564//564 561//561
f 524//524 561//561 532//532
f 517//517 562//562 563//563
f 517//517 563//563 525//525
f 565//565 566//566 567//567
f 565//565 567//567 568//568
f 565//565 568//568 569//569
f 565//565 569//569 570//570
f 565//565 570//570 571//571
f 572//572 574//574 573//573
f 572//572 575//575 574//574
f 572//572 576//576 575//575
f 572//572 577//577 576//576
f 572//572 578//578 577//577
f 565//565 566//566 573//573
f 565//565 573//573 572//572
f 579//579 581//581 580//580
f 579//579 582//582 581//581
f 565//565 582//582 579//579
f 565//565 579//579 572//572
f 566//566 580//580 581//581
f 566//566 581//581 573//573
f 566//566 567//567 574//574
f 566//566 574//574 573//573
f 583//583 585//585 584//584
f 583//583 586//586 585//585
f 566//566 586//586 583//583
f 566//566 583//583 573//573
f 567//567 584//584 585//585
f 567//567 585//585 574//574
f 567//567 568//568 575//575
f 567//567 575//575 574//574
f 587//587 589//589 588//588
f 587//587 590//590 589//589
f 567//567 590//590 587//587
f 567//567 587//587 574//574
f 568//568 588//588 589//589
f 568//568 589//589 575//575
f 568//568 569//569 576//576
f 568//568 576//576 575//575
f 591//591 593//593 592//592
f 591//591 594//594 593//593
f 568//568 594//594 591//591
f 568//568 591//591 575//575
f 569//569 592//592 593//593
f 569//569 593//593 576//576
f 569//569 570//570 577//577
f 569//569 577//577 576//576
f 595//595 597//597 596//596
f 595//595 598//598 597//597
f 569//569 598//598 595//595
f 569//569 595//595 576//576
f 570//570 596//596 597//597
f 570//570 597//597 577//577
f 570//570 571//571 578//578
f 570//570 578//578 577//577
f 599//599 601//601 600//600
f 599//599 602//602 601//601
f 570//570 602//602 599//599
f 570//570 599//599 577//577
f 571//571 600//600 601//601
f 571//571 601//601 578//578
f 571//571 565//565 572//572
f 571//571 572//572 578//578
f 603//603 605//605 604//604
f 603//603 606//606 605//605
f 571//571 606//606 603//603
f 571//571 603//603 578//578
f 565//565 604//604 605//605
f 565//565 605//605 572//572
f 607//607 608//608 609//609
f 607//607 609//609 610//610
f 607//607 610//610 611//611
f 607//607 611//611 612//612
f 613//613 615//615 614//614
f 613//613 616//616 615//615
f 613//613 617//617 616//616
f 613//613 618//618 617//617
f 607//607 608//608 614//614
f 607//607 614//614 613//613
f 619//619 621//621 620//620
f 619//619 622//622 621//621
f 607//607 622//622 619//619
f 607//607 619//619 613//613
f 608//608 620//620 621//621
f 608//608 621//621 614//614
f 608//608 609//609 615//615
f 608//608 615//615 614//614
f 623//623 625//625 624//624
f 623//623 626//626 625//625
f 608//608 626//626 623//623
f 608//608 623//623 614//614
f 609//609 624//624 625//625
f 609//609 625//625 615//615
f 609//609 610//610 616//616
f 609//609 616//616 615//615
f 627//627 629//629 628//628
f 627//627 630//630 629//629
f 609//609 630//630 627//627
f 609//609 627//627 615//615
f 610//610 628//628 629//629
f 610//610 629//629 616//616
f 610//610 611//611 617//617
f 610//610 617//617 616//616
f 631//631 633//633 632//632
f 631//631 634//634 633//633
f 610//610 634//634 631//631
f 610//610 631//631 616//616
f 611//611 632//632 633//633
f 611//611 633//633 617//617
f 611//611 612//612 618//618
f 611//611 618//618 617//617
f 635//635 637//637 636//636
f 635//635 638//638 637//637
f 611//611 638//638 635//635
f 611//611 635//635 617//617
f 612//612 636//636 637//637
f 612//612 637//637 618//618
f 612//612 607//607 613//613
f 612//612 613//613 618//618
f 639//639 641//641 640//640
f 639//639 642//642 641//641
f 612//612 642//642 639//639
f 612//612 639//639 618//618
f 607//607 640//640 641//641
f 607//607 641//641 613//613
f 643//643 644//644 645//645
f 646//646 648//648 647//647
f 643//643 644//644 647//647
f 643//643 647//647 646//646
f 649//649 651//651 650//650
f 649//649 652//652 651//651
f 643//643 652//652 649//649
f 643//643 649//649 646//646
f 644//644 650//650 651//651
f 644//644 651//651 647//647
f 644//644 645//645 648//648
f 644//644 648//648 647//647
f 653//653 655//655 654//654
f 653//653 656//656 655//655
f 644//644 656//656 653//653
f 644//644 653//653 647//647
f 645//645 654//654 655//655
f 645//645 655//655 648//648
f 645//645 643//643 646//646
f 645//645 646//646 648//648
f 657//657 659//659 658//658
f 657//657 660//660 659//659
f 645//645 660//660 657//657
f 645//645 657//657 648//648
f 643//643 658//658 659//659
f 643//643 659//659 646//646
f 661//661 662//662 663//663
f 661//661 663//663 664//664
f 661//661 664//664 665//665
f 661//661 665//665 666//666
f 661//661 666//666 667//667
f 661//661 667//667 668//668
f 661//661 668//668 669//669
f 670//670 672//672 671//671
f 670//670 673//673 672//672
f 670//670 674//674 673//673
f 670//670 675//675 674//674
f 670//670 676//676 675//675
f 670//670 677//677 676//676
f 670//670 678//678 677//677
f 661//661 662//662 671//671
f 661//661 671//671 670//670
f 679//679 681//681 680//680
f 679//679 682//682 681//681
f 661//661 682//682 679//679
f 661//661 679//679 670//670
f 662//662 680//680 681//681
f 662//662 681//681 671//671
f 662//662 663//663 672//672
f 662//662 672//672 671//671
f 683//683 685//685 684//684
f 683//683 686//686 685//685
f 662//662 686//686 683//683
f 662//662 683//683 671//671
f 663//663 684//684 685//685
f 663//663 685//685 672//672
f 663//663 664//664 673//673
f 663//663 673//673 672//672
f 687//687 689//689 688//688
f 687//687 690//690 689//689
f 663//663 690//690 687//687
f 663//663 687//687 672//672
f 664//664 688//688 689//689
f 664//664 689//689 673//673
f 664//664 665//665 674//674
f 664//664 674//674 673//673
f 691//691 693//693 692//692
f 691//691 694//694 693//693
f 664//664 694//694 691//691
f 664//664 691//691 673//673
f 665//665 692//692 693//693
f 665//665 693//693 674//674
f 665//665 666//666 675//675
f 665//665 675//675 674//674
f 695//695 697//697 696//696
f 695//695 698//698 697//697
f 665//665 698//698 695//695
f 665//665 695//695 674//674
f 666//666 696//696 697//697
f 666//666 697//697 675//675
f 666//666 667//667 676//676
f 666//666 676//676 675//675
f 699//699 701//701 700//700
f 699//699 702//702 701//701
f 666//666 702//702 699//699
f 666//666 699//699 675//675
f 667//667 700//700 701//701
f 667//667 701//701 676//676
f 667//667 668//668 677//677
f 667//667 677//677 676//676
f 703//703 705//705 704//704
f 703//703 706//706 705//705
f 667//667 706//706 703//703
f 667//667 703//703 676//676
f 668//668 704//704 705//705
f 668//668 705//705 677//677
f 668//668 669//669 678//678
f 668//668 678//678 677//677
f 707//707 709//709 708//708
f 707//707 710//710 709//709
f 668//668 710//710 707//707
f 668//668 707//707 677//677
f 669//669 708//708 709//709
f 669//669 709//709 678//678
f 669//669 661//661 670//670
f 669//669 670//670 678//678
f 711//711 713//713 712//712
f 711//711 714//714 713//713
f 669//669 714//714 711//711
f 669//669 711//711 678//678
f 661//661 712//712 713//713
f 661//661 713//713 670//670
f 715//715 716//716 717//717
f 715//715 717//717 718//718
f 715//715 718//718 719//719
f 715//715 719//719 720//720
f 715//715 720//720 721//721
f 715//715 721//721 722//722
f 723//723 725//725 724//724
f 723//723 726//726 725//725
f 723//723 727//727 726//726
f 723//723 728//728 727//727
f 723//723 729//729 728//728
f 723//723 730//730 729//729
f 715//715 716//716 724//724
f 715//715 724//724 723//723
f 731//731 733//733 732//732
f 731//731 734//734 733//733
f 715//715 734//734 731//731
f 715//715 731//731 723//723
f 716//716 732//732 733//733
f 716//716 733//733 724//724
f 716//716 717//717 725//725
f 716//716 725//725 724//724
f 735//735 737//737 736//736
f 735//735 738//738 737//737
f 716//716 738//738 735//735
f 716//716 735//735 724//724
f 717//717 736//736 737//737
f 717//717 737//737 725//725
f 717//717 718//718 726//726
f 717//717 726//726 725//725
f 739//739 741//741 740//740
f 739//739 742//742 741//741
f 717//717 742//742 739//739
f 717//717 739//739 725//725
f 718//718 740//740 741//741
f 718//718 741//741 726//726
f 718//718 719//719 727//727
f 718//718 727//727 726//726
f 743//743 745//745 744//744
f 743//743 746//746 745//745
f 718//718 746//746 743//743
f 718//718 743//743 726//726
f 719//719 744//744 745//745
f 719//719 745//745 727//727
f 719//719 720//720 728//728
f 719//719 728//728 727//727
f 747//747 749//749 748//748
f 747//747 750//750 749//749
f 719//719 750//750 747//747
f 719//719 747//747 727//727
f 720//720 748//748 749//749
f 720//720 749//749 728//728
f 720//720 721//721 729//729
f 720//720 729//729 728//728
f 751//751 753//753 752//752
f 751//751 754//754 753//753
f 720//720 754//754 751//751
f 720//720 751//751 728//728
f 721//721 752//752 753//753
f 721//721 753//753 729//729
f 721//721 722//722 730//730
f 721//721 730//730 729//729
f 755//755 757//757 756//756
f 755//755 758//758 757//757
f 721//721 758//758 755//755
f 721//721 755//755 729//729
f 722//722 756//756 757//757
f 722//722 757//757 730//730
f 722//722 715//715 723//723
f 722//722 723//723 730//730
f 759//759 761//761 760//760
f 759//759 762//762 761//761
f 722//722 762//762 759//759
f 722//722 759//759 730//730
f 715//715 760//760 761//761
f 715//715 761//761 723//723
usemtl color_255_255_224
f 763//763 764//764 765//765
f 763//763 765//765 766//766
f 763//763 766//766 767//767
f 763//763 767//767 768//768
f 769//769 771//771 770//770
f 769//769 772//772 771//771
f 769//769 773//773 772//772
f 769//769 774//774 773//773
f 763//763 764//764 770//770
f 763//763 770//770 769//769
f 775//775 777//777 776//776
f 775//775 778//778 777//777
f 763//763 778//778 775//775
f 763//763 775//775 769//769
f 764//764 776//776 777//777
f 764//764 777//777 770//770
f 764//764 765//765 771//771
f 764//764 771//771 770//770
f 779//779 781//781 780//780
f 779//779 782//782 781//781
f 764//764 782//782 779//779
f 764//764 779//779 770//770
f 765//765 780//780 781//781
f 765//765 781//781 771//771
f 765//765 766//766 772//772
f 765//765 772//772 771//771
f 783//783 785//785 784//784
f 783//783 786//786 785//785
f 765//765 786//786 783//783
f 765//765 783//783 771//771
f 766//766 784//784 785//785
f 766//766 785//785 772//772
f 766//766 767//767 773//773
f 766//766 773//773 772//772
f 787//787 789//789 788//788
f 787//787 790//790 789//789
f 766//766 790//790 787//787
f 766//766 787//787 772//772
f 767//767 788//788 789//789
f 767//767 789//789 773//773
f 767//767 768//768 774//774
f 767//767 774//774 773//773
f 791//791 793//793 792//792
f 791//791 794//794 793//793
f 767//767 794//794 791//791
f 767//767 791//791 773//773
f 768//768 792//792 793//793
f 768//768 793//793 774//774
f 768//768 763//763 769//769
f 768//768 769//769 774//774
f 795//795 797//797 796//796
f 795//795 798//798 797//797
f 768//768 798//798 795//795
f 768//768 795//795 774//774
f 763//763 796//796 797//797
f 763//763 797//797 769//769
usemtl color_160_82_45
f 799//799 800//800 801//801
f 799//799 801//801 802//802
f 799//799 802//802 803//803
f 799//799 803//803 804//804
f 805//805 807//807 806//806
f 805//805 808//808 807//807
f 805//805 809//809 808//808
f 805//805 810//810 809//809
f 799//799 800//800 806//806
f 799//799 806//806 805//805
f 811//811 813//813 812//812
f 811//811 814//814 813//813
f 799//799 814//814 811//811
f 799//799 811//811 805//805
f 800//800 812//812 813//813
f 800//800 813//813 806//806
f 800//800 801//801 807//807
f 800//800 807//807 806//806
f 815//815 817//817 816//816
f 815//815 818//818 817//817
f 800//800 818//818 815//815
f 800//800 815//815 806//806
f 801//801 816//816 817//817
f 801//801 817//817 807//807
f 801//801 802//802 808//808
f 801//801 808//808 807//807
f 819//819 821//821 820//820
f 819//819 822//822 821//821
f 801//801 822//822 819//819
f 801//801 819//819 807//807
f 802//802 820//820 821//821
f 802//802 821//821 808//808
f 802//802 803//803 809//809
f 802//802 809//809 808//808
f 823//823 825//825 824//824
f 823//823 826//826 825//825
f 802//802 826//826 823//823
f 802//802 823//823 808//808
f 803//803 824//824 825//825
f 803//803 825//825 809//809
f 803//803 804//804 810//810
f 803//803 810//810 809//809
f 827//827 829//829 828//828
f 827//827 830//830 829//829
f 803//803 830//830 827//827
f 803//803 827//827 809//809
f 804//804 828//828 829//829
f 804//804 829//829 810//810
f 804//804 799//799 805//805
f 804//804 805//805 810//810
f 831//831 833//833 832//832
f 831//831 834//834 833//833
f 804//804 834//834 831//831
f 804//804 831//831 810//810
f 799//799 832//832 833//833
f 799//799 833//833 805//805
usemtl color_144_238_144
f 835//835 836//836 837//837
f 835//835 837//837 838//838
f 835//835 838//838 839//839
f 835//835 839//839 840//840
f 835//835 840//840 841//841
f 835//835 841//841 842//842
f 835//835 842//842 843//843
f 835//835 843//843 844//844
f 835//835 844//844 845//845
f 835//835 845//845 846//846
f 847//847 849//849 848//848
f 847//847 850//850 849//849
f 847//847 851//851 850//850
f 847//847 852//852 851//851
f 847//847 853//853 852//852
f 847//847 854//854 853//853
f 847//847 855//855 854//854
f 847//847 856//856 855//855
f 847//847 857//857 856//856
f 847//847 858//858 857//857
f 835//835 836//836 848//848
f 835//835 848//848 847//847
f 859//859 861//861 860//860
f 859//859 862//862 861//861
f 835//835 862//862 859//859
f 835//835 859//859 847//847
f 836//836 860//860 861//861
f 836//836 861//861 848//848
f 836//836 837//837 849//849
f 836//836 849//849 848//848
f 863//863 865//865 864//864
f 863//863 866//866 865//865
f 836//836 866//866 863//863
f 836//836 863//863 848//848
f 837//837 864//864 865//865
f 837//837 865//865 849//849
f 837//837 838//838 850//850
f 837//837 850//850 849//849
f 867//867 869//869 868//868
f 867//867 870//870 869//869
f 837//837 870//870 867//867
f 837//837 867//867 849//849
f 838//838 868//868 869//869
f 838//838 869//869 850//850
f 838//838 839//839 851//851
f 838//838 851//851 850//850
f 871//871 873//873 872//872
f 871//871 874//874 873//873
f 838//838 874//874 871//871
f 838//838 871//871 850//850
f 839//839 872//872 873//873
f 839//839 873//873 851//851
f 839//839 840//840 852//852
f 839//839 852//852 851//851
f 875//875 877//877 876//876
f 875//875 878//878 877//877
f 839//839 878//878 875//875
f 839//839 875//875 851//851
f 840//840 876//876 877//877
f 840//840 877//877 852//852
f 840//840 841//841 853//853
f 840//840 853//853 852//852
f 879//879 881//881 880//880
f 879//879 882//882 881//881
f 840//840 882//882 879//879
f 840//840 879//879 852//852
f 841//841 880//880 881//881
f 841//841 881//881 853//853
f 841//841 842//842 854//854
f 841//841 854//854 853//853
f 883//883 885//885 884//884
f 883//883 886//886 885//885
f 841//841 886//886 883//883
f 841//841 883//883 853//853
f 842//842 884//884 885//885
f 842//842 885//885 854//854
f 842//842 843//843 855//855
f 842//842 855//855 854//854
f 887//887 889//889 888//888
f 887//887 890//890 889//889
f 842//842 890//890 887//887
f 842//842 887//887 854//854
f 843//843 888//888 889//889
f 843//843 889//889 855//855
f 843//843 844//844 856//856
f 843//843 856//856 855//855
f 891//891 893//893 892//892
f 891//891 894//894 893//893
f 843//843 894//894 891//891
f 843//843 891//891 855//855
f 844//844 892//892 893//893
f 844//844 893//893 856//856
f 844//844 845//845 857//857
f 844//844 857//857 856//856
f 895//895 897//897 896//896
f 895//895 898//898 897//897
f 844//844 898//898 895//895
f 844//844 895//895 856//856
f 845//845 896//896 897//897
f 845//845 897//897 857//857
f 845//845 846//846 858//858
f 845//845 858//858 857//857
f 899//899 901//901 900//900
f 899//899 902//902 901//901
f 845//845 902//902 899//899
f 845//845 899//899 857//857
f 846//846 900//900 901//901
f 846//846 901//901 858//858
f 846//846 835//835 847//847
f 846//846 847//847 858//858
f 903//903 905//905 904//904
f 903//903 906//906 905//905
f 846//846 906//906 903//903
f 846//846 903//903 858//858
f 835//835 904//904 905//905
f 835//835 905//905 847//847
f 907//907 908//908 909//909
f 907//907 909//909 910//910
f 907//907 910//910 911//911
f 907//907 911//911 912//912
f 907//907 912//912 913//913
f 907//907 913//913 914//914
f 915//915 917//917 916//916
f 915//915 918//918 917//917
f 915//915 919//919 918//918
f 915//915 920//920 919//919
f 915//915 921//921 920//920
f 915//915 922//922 921//921
f 907//907 908//908 916//916
f 907//907 916//916 915//915
f 923//923 925//925 924//924
f 923//923 926//926 925//925
f 907//907 926//926 923//923
f 907//907 923//923 915//915
f 908//908 924//924 925//925
f 908//908 925//925 916//916
f 908//908 909//909 917//917
f 908//908 917//917 916//916
f 927//927 929//929 928//928
f 927//927 930//930 929//929
f 908//908 930//930 927//927
f 908//908 927//927 916//916
f 909//909 928//928 929//929
f 909//909 929//929 917//917
f 909//909 910//910 918//918
f 909//909 918//918 917//917
f 931//931 933//933 932//932
f 931//931 934//934 933//933
f 909//909 934//934 931//931
f 909//909 931//931 917//917
f 910//910 932//932 933//933
f 910//910 933//933 918//918
f 910//910 911//911 919//919
f 910//910 919//919 918//918
f 935//935 937//937 936//936
f 935//935 938//938 937//937
f 910//910 938//938 935//935
f 910//910 935//935 918//918
f 911//911 936//936 937//937
f 911//911 937//937 919//919
f 911//911 912//912 920//920
f 911//911 920//920 919//919
f 939//939 941//941 940//940
f 939//939 942//942 941//941
f 911//911 942//942 939//939
f 911//911 939//939 919//919
f 912//912 940//940 941//941
f 912//912 941//941 920//920
f 912//912 913//913 921//921
f 912//912 921//921 920//920
f 943//943 945//945 944//944
f 943//943 946//946 945//945
f 912//912 946//946 943//943
f 912//912 943//943 920//920
f 913//913 944//944 945//945
f 913//913 945//945 921//921
f 913//913 914//914 922//922
f 913//913 922//922 921//921
f 947//947 949//949 948//948
f 947//947 950//950 949//949
f 913//913 950//950 947//947
f 913//913 947//947 921//921
f 914//914 948//948 949//949
f 914//914 949//949 922//922
f 914//914 907//907 915//915
f 914//914 915//915 922//922
f 951//951 953//953 952//952
f 951//951 954//954 953//953
f 914//914 954//954 951//951
f 914//914 951//951 922//922
f 907//907 952//952 953//953
f 907//907 953//953 915//915
f 955//955 956//956 957//957
f 955//955 957//957 958//958
f 955//955 958//958 959//959
f 955//955 959//959 960//960
f 955//955 960//960 961//961
f 962//962 964//964 963//963
f 962//962 965//965 964//964
f 962//962 966//966 965//965
f 962//962 967//967 966//966
f 962//962 968//968 967//967
f 955//955 956//956 963//963
f 955//955 963//963 962//962
f 969//969 971//971 970//970
f 969//969 972//972 971//971
f 955//955 972//972 969//969
f 955//955 969//969 962//962
f 956//956 970//970 971//971
f 956//956 971//971 963//963
f 956//956 957//957 964//964
f 956//956 964//964 963//963
f 973//973 975//975 974//974
f 973//973 976//976 975//975
f 956//956 976//976 973//973
f 956//956 973//973 963//963
f 957//957 974//974 975//975
f 957//957 975//975 964//964
f 957//957 958//958 965//965
f 957//957 965//965 964//964
f 977//977 979//979 978//978
f 977//977 980//980 979//979
f 957//957 980//980 977//977
f 957//957 977//977 964//964
f 958//958 978//978 979//979
f 958//958 979//979 965//965
f 958//958 959//959 966//966
f 958//958 966//966 965//965
f 981//981 983//983 982//982
f 981//981 984//984 983//983
f 958//958 984//984 981//981
f 958//958 981//981 965//965
f 959//959 982//982 983//983
f 959//959 983//983 966//966
f 959//959 960//960 967//967
f 959//959 967//967 966//966
f 985//985 987//987 986//986
f 985//985 988//988 987//987
f 959//959 988//988 985//985
f 959//959 985//985 966//966
f 960//960 986//986 987//987
f 960//960 987//987 967//967
f 960//960 961//961 968//968
f 960//960 968//968 967//967
f 989//989 991//991 990//990
f 989//989 992//992 991//991
f 960//960 992//992 989//989
f 960//960 989//989 967//967
f 961//961 990//990 991//991
f 961//961 991//991 968//968
f 961//961 955//955 962//962
f 961//961 962//962 968//968
f 993//993 995//995 994//994
f 993//993 996//996 995//995
f 961//961 996//996 993//993
f 961//961 993//993 968//968
f 955//955 994//994 995//995
f 955//955 995//995 962//962
usemtl color_152_251_152
f 997//997 998//998 999//999
f 997//997 999//999 1000//1000
f 997//997 1000//1000 1001//1001
f 997//997 1001//1001 1002//1002
f 997//997 1002//1002 1003//1003
f 1004//1004 1006//1006 1005//1005
f 1004//1004 1007//1007 1006//1006
f 1004//1004 1008//1008 1007//1007
f 1004//1004 1009//1009 1008//1008
f 1004//1004 1010//1010 1009//1009
f 997//997 998//998 1005//1005
f 997//997 1005//1005 1004//1004
f 1011//1011 1013//1013 1012//1012
f 1011//1011 1014//1014 1013//1013
f 997//997 1014//1014 1011//1011
f 997//997 1011//1011 1004//1004
f 998//998 1012//1012 1013//1013
f 998//998 1013//1013 1005//1005
f 998//998 999//999 1006//1006
f 998//998 1006//1006 1005//1005
f 1015//1015 1017//1017 1016//1016
f 1015//1015 1018//1018 1017//1017
f 998//998 1018//1018 1015//1015
f 998//998 1015//1015 1005//1005
f 999//999 1016//1016 1017//1017
f 999//999 1017//1017 1006//1006
f 999//999 1000//1000 1007//1007
f 999//999 1007//1007 1006//1006
f 1019//1019 1021//1021 1020//1020
f 1019//1019 1022//1022 1021//1021
f 999//999 1022//1022 1019//1019
f 999//999 1019//1019 1006//1006
f 1000//1000 1020//1020 1021//1021
f 1000//1000 1021//1021 1007//1007
f 1000//1000 1001//1001 1008//1008
f 1000//1000 1008//1008 1007//1007
f 1023//1023 1025//1025 1024//1024
f 1023//1023 1026//1026 1025//1025
f 1000//1000 1026//1026 1023//1023
f 1000//1000 1023//1023 1007//1007
f 1001//1001 1024//1024 1025//1025
f 1001//1001 1025//1025 1008//1008
f 1001//1001 1002//1002 1009//1009
f 1001//1001 1009//1009 1008//1008
f 1027//1027 1029//1029 1028//1028
f 1027//1027 1030//1030 1029//1029
f 1001//1001 1030//1030 1027//1027
f 1001//1001 1027//1027 1008//1008
f 1002//1002 1028//1028 1029//1029
f 1002//1002 1029//1029 1009//1009
f 1002//1002 1003//1003 1010//1010
f 1002//1002 1010//1010 1009//1009
f 1031//1031 1033//1033 1032//1032
f 1031//1031 1034//1034 1033//1033
f 1002//1002 1034//1034 1031//1031
f 1002//1002 1031//1031 1009//1009
f 1003//1003 1032//1032 1033//1033
f 1003//1003 1033//1033 1010//1010
f 1003//1003 997//997 1004//1004
f 1003//1003 1004//1004 1010//1010
f 1035//1035 1037//1037 1036//1036
f 1035//1035 1038//1038 1037//1037
f 1003//1003 1038//1038 1035//1035
f 1003//1003 1035//1035 1010//1010
f 997//997 1036//1036 1037//1037
f 997//997 1037//1037 1004//1004
f 1039//1039 1040//1040 1041//1041
f 1039//1039 1041//1041 1042//1042
f 1039//1039 1042//1042 1043//1043
f 1039//1039 1043//1043 1044//1044
f 1039//1039 1044//1044 1045//1045
f 1039//1039 1045//1045 1046//1046
f 1039//1039 1046//1046 1047//1047
f 1039//1039 1047//1047 1048//1048
f 1039//1039 1048//1048 1049//1049
f 1039//1039 1049//1049 1050//1050
f 1039//1039 1050//1050 1051//1051
f 1039//1039 1051//1051 1052//1052
f 1053//1053 1055//1055 1054//1054
f 1053//1053 1056//1056 1055//1055
f 1053//1053 1057//1057 1056//1056
f 1053//1053 1058//1058 1057//1057
f 1053//1053 1059//1059 1058//1058
f 1053//1053 1060//1060 1059//1059
f 1053//1053 1061//1061 1060//1060
f 1053//1053 1062//1062 1061//1061
f 1053//1053 1063//1063 1062//1062
f 1053//1053 1064//1064 1063//1063
f 1053//1053 1065//1065 1064//1064
f 1053//1053 1066//1066 1065//1065
f 1039//1039 1040//1040 1054//1054
f 1039//1039 1054//1054 1053//1053
f 1067//1067 1069//1069 1068//1068
f 1067//1067 1070//1070 1069//1069
f 1039//1039 1070//1070 1067//1067
f 1039//1039 1067//1067 1053//1053
f 1040//1040 1068//1068 1069//1069
f 1040//1040 1069//1069 1054//1054
f 1040//1040 1041//1041 1055//1055
f 1040//1040 1055//1055 1054//1054
f 1071//1071 1073//1073 1072//1072
f 1071//1071 1074//1074 1073//1073
f 1040//1040 1074//1074 1071//1071
f 1040//1040 1071//1071 1054//1054
f 1041//1041 1072//1072 1073//1073
f 1041//1041 1073//1073 1055//1055
f 1041//1041 1042//1042 1056//1056
f 1041//1041 1056//1056 1055//1055
f 1075//1075 1077//1077 1076//1076
f 1075//1075 1078//1078 1077//1077
f 1041//1041 1078//1078 1075//1075
f 1041//1041 1075//1075 1055//1055
f 1042//1042 1076//1076 1077//1077
f 1042//1042 1077//1077 1056//1056
f 1042//1042 1043//1043 1057//1057
f 1042//1042 1057//1057 1056//1056
f 1079//1079 1081//1081 1080//1080
f 1079//1079 1082//1082 1081//1081
f 1042//1042 1082//1082 1079//1079
f 1042//1042 1079//1079 1056//1056
f 1043//1043 1080//1080 1081//1081
f 1043//1043 1081//1081 1057//1057
f 1043//1043 1044//1044 1058//1058
f 1043//1043 1058//1058 1057//1057
f 1083//1083 1085//1085 1084//1084
f 1083//1083 1086//1086 1085//1085
f 1043//1043 1086//1086 1083//1083
f 1043//1043 1083//1083 1057//1057
f 1044//1044 1084//1084 1085//1085
f 1044//1044 1085//1085 1058//1058
f 1044//1044 1045//1045 1059//1059
f 1044//1044 1059//1059 1058//1058
f 1087//1087 1089//1089 1088//1088
f 1087//1087 1090//1090 1089//1089
f 1044//1044 1090//1090 1087//1087
f 1044//1044 1087//1087 1058//1058
f 1045//1045 1088//1088 1089//1089
f 1045//1045 1089//1089 1059//1059
f 1045//1045 1046//1046 1060//1060
f 1045//1045 1060//1060 1059//1059
f 1091//1091 1093//1093 1092//1092
f 1091//1091 1094//1094 1093//1093
f 1045//1045 1094//1094 1091//1091
f 1045//1045 1091//1091 1059//1059
f 1046//1046 1092//1092 1093//1093
f 1046//1046 1093//1093 1060//1060
f 1046//1046 1047//1047 1061//1061
f 1046//1046 1061//1061 1060//1060
f 1095//1095 1097//1097 1096//1096
f 1095//1095 1098//1098 1097//1097
f 1046//1046 1098//1098 1095//1095
f 1046//1046 1095//1095 1060//1060
f 1047//1047 1096//1096 1097//1097
f 1047//1047 1097//1097 1061//1061
f 1047//1047 1048//1048 1062//1062
f 1047//1047 1062//1062 1061//1061
f 1099//1099 1101//1101 1100//1100
f 1099//1099 1102//1102 1101//1101
f 1047//1047 1102//1102 1099//1099
f 1047//1047 1099//1099 1061//1061
f 1048//1048 1100//1100 1101//1101
f 1048//1048 1101//1101 1062//1062
f 1048//1048 1049//1049 1063//1063
f 1048//1048 1063//1063 1062//1062
f 1103//1103 1105//1105 1104//1104
f 1103//1103 1106//1106 1105//1105
f 1048//1048 1106//1106 1103//1103
f 1048//1048 1103//1103 1062//1062
f 1049//1049 1104//1104 1105//1105
f 1049//1049 1105//1105 1063//1063
f 1049//1049 1050//1050 1064//1064
f 1049//1049 1064//1064 1063//1063
f 1107//1107 1109//1109 1108//1108
f 1107//1107 1110//1110 1109//1109
f 1049//1049 1110//1110 1107//1107
f 1049//1049 1107//1107 1063//1063
f 1050//1050 1108//1108 1109//1109
f 1050//1050 1109//1109 1064//1064
f 1050//1050 1051//1051 1065//1065
f 1050//1050 1065//1065 1064//1064
f 1111//1111 1113//1113 1112//1112
f 1111//1111 1114//1114 1113//1113
f 1050//1050 1114//1114 1111//1111
f 1050//1050 1111//1111 1064//1064
f 1051//1051 1112//1112 1113//1113
f 1051//1051 1113//1113 1065//1065
f 1051//1051 1052//1052 1066//1066
f 1051//1051 1066//1066 1065//1065
f 1115//1115 1117//1117 1116//1116
f 1115//1115 1118//1118 1117//1117
f 1051//1051 1118//1118 1115//1115
f 1051//1051 1115//1115 1065//1065
f 1052//1052 1116//1116 1117//1117
f 1052//1052 1117//1117 1066//1066
f 1052//1052 1039//1039 1053//1053
f 1052//1052 1053//1053 1066//1066
f 1119//1119 1121//1121 1120//1120
f 1119//1119 1122//1122 1121//1121
f 1052//1052 1122//1122 1119//1119
f 1052//1052 1119//1119 1066//1066
f 1039//1039 1120//1120 1121//1121
f 1039//1039 1121//1121 1053//1053
f 1123//1123 1124//1124 1125//1125
f 1123//1123 1125//1125 1126//1126
f 1123//1123 1126//1126 1127//1127
f 1123//1123 1127//1127 1128//1128
f 1123//1123 1128//1128 1129//1129
f 1123//1123 1129//1129 1130//1130
f 1131//1131 1133//1133 1132//1132
f 1131//1131 1134//1134 1133//1133
f 1131//1131 1135//1135 1134//1134
f 1131//1131 1136//1136 1135//1135
f 1131//1131 1137//1137 1136//1136
f 1131//1131 1138//1138 1137//1137
f 1123//1123 1124//1124 1132//1132
f 1123//1123 1132//1132 1131//1131
f 1139//1139 1141//1141 1140//1140
f 1139//1139 1142//1142 1141//1141
f 1123//1123 1142//1142 1139//1139
f 1123//1123 1139//1139 1131//1131
f 1124//1124 1140//1140 1141//1141
f 1124//1124 1141//1141 1132//1132
f 1124//1124 1125//1125 1133//1133
f 1124//1124 1133//1133 1132//1132
f 1143//1143 1145//1145 1144//1144
f 1143//1143 1146//1146 1145//1145
f 1124//1124 1146//1146 1143//1143
f 1124//1124 1143//1143 1132//1132
f 1125//1125 1144//1144 1145//1145
f 1125//1125 1145//1145 1133//1133
f 1125//1125 1126//1126 1134//1134
f 1125//1125 1134//1134 1133//1133
f 1147//1147 1149//1149 1148//1148
f 1147//1147 1150//1150 1149//1149
f 1125//1125 1150//1150 1147//1147
f 1125//1125 1147//1147 1133//1133
f 1126//1126 1148//1148 1149//1149
f 1126//1126 1149//1149 1134//1134
f 1126//1126 1127//1127 1135//1135
f 1126//1126 1135//1135 1134//1134
f 1151//1151 1153//1153 1152//1152
f 1151//1151 1154//1154 1153//1153
f 1126//1126 1154//1154 1151//1151
f 1126//1126 1151//1151 1134//1134
f 1127//1127 1152//1152 1153//1153
f 1127//1127 1153//1153 1135//1135
f 1127//1127 1128//1128 1136//1136
f 1127//1127 1136//1136 1135//1135
f 1155//1155 1157//1157 1156//1156
f 1155//1155 1158//1158 1157//1157
f 1127//1127 1158//1158 1155//1155
f 1127//1127 1155//1155 1135//1135
f 1128//1128 1156//1156 1157//1157
f 1128//1128 1157//1157 1136//1136
f 1128//1128 1129//1129 1137//1137
f 1128//1128 1137//1137 1136//1136
f 1159//1159 1161//1161 1160//1160
f 1159//1159 1162//1162 1161//1161
f 1128//1128 1162//1162 1159//1159
f 1128//1128 1159//1159 1136//1136
f 1129//1129 1160//1160 1161//1161
f 1129//1129 1161//1161 1137//1137
f 1129//1129 1130//1130 1138//1138
f 1129//1129 1138//1138 1137//1137
f 1163//1163 1165//1165 1164//1164
f 1163//1163 1166//1166 1165//1165
f 1129//1129 1166//1166 1163//1163
f 1129//1129 1163//1163 1137//1137
f 1130//1130 1164//1164 1165//1165
f 1130//1130 1165//1165 1138//1138
f 1130//1130 1123//1123 1131//1131
f 1130//1130 1131//1131 1138//1138
f 1167//1167 1169//1169 1168//1168
f 1167//1167 1170//1170 1169//1169
f 1130//1130 1170//1170 1167//1167
f 1130//1130 1167//1167 1138//1138
f 1123//1123 1168//1168 1169//1169
f 1123//1123 1169//1169 1131//1131
f 1171//1171 1172//1172 1173//1173
f 1171//1171 1173//1173 1174//1174
f 1171//1171 1174//1174 1175//1175
f 1171//1171 1175//1175 1176//1176
f 1171//1171 1176//1176 1177//1177
f 1171//1171 1177//1177 1178//1178
f 1171//1171 1178//1178 1179//1179
f 1180//1180 1182//1182 1181//1181
f 1180//1180 1183//1183 1182//1182
f 1180//1180 1184//1184 1183//1183
f 1180//1180 1185//1185 1184//1184
f 1180//1180 1186//1186 1185//1185
f 1180//1180 1187//1187 1186//1186
f 1180//1180 1188//1188 1187//1187
f 1171//1171 1172//1172 1181//1181
f 1171//1171 1181//1181 1180//1180
f 1189//1189 1191//1191 1190//1190
f 1189//1189 1192//1192 1191//1191
f 1171//1171 1192//1192 1189//1189
f 1171//1171 1189//1189 1180//1180
f 1172//1172 1190//1190 1191//1191
f 1172//1172 1191//1191 1181//1181
f 1172//1172 1173//1173 1182//1182
f 1172//1172 1182//1182 1181//1181
f 1193//1193 1195//1195 1194//1194
f 1193//1193 1196//1196 1195//1195
f 1172//1172 1196//1196 1193//1193
f 1172//1172 1193//1193 1181//1181
f 1173//1173 1194//1194 1195//1195
f 1173//1173 1195//1195 1182//1182
f 1173//1173 1174//1174 1183//1183
f 1173//1173 1183//1183 1182//1182
f 1197//1197 1199//1199 1198//1198
f 1197//1197 1200//1200 1199//1199
f 1173//1173 1200//1200 1197//1197
f 1173//1173 1197//1197 1182//1182
f 1174//1174 1198//1198 1199//1199
f 1174//1174 1199//1199 1183//1183
f 1174//1174 1175//1175 1184//1184
f 1174//1174 1184//1184 1183//1183
f 1201//1201 1203//1203 1202//1202
f 1201//1201 1204//1204 1203//1203
f 1174//1174 1204//1204 1201//1201
f 1174//1174 1201//1201 1183//1183
f 1175//1175 1202//1202 1203//1203
f 1175//1175 1203//1203 1184//1184
f 1175//1175 1176//1176 1185//1185
f 1175//1175 1185//1185 1184//1184
f 1205//1205 1207//1207 1206//1206
f 1205//1205 1208//1208 1207//1207
f 1175//1175 1208//1208 1205//1205
f 1175//1175 1205//1205 1184//1184
f 1176//1176 1206//1206 1207//1207
f 1176//1176 1207//1207 1185//1185
f 1176//1176 1177//1177 1186//1186
f 1176//1176 1186//1186 1185//1185
f 1209//1209 1211//1211 1210//1210
f 1209//1209 1212//1212 1211//1211
f 1176//1176 1212//1212 1209//1209
f 1176//1176 1209//1209 1185//1185
f 1177//1177 1210//1210 1211//1211
f 1177//1177 1211//1211 1186//1186
f 1177//1177 1178//1178 1187//1187
f 1177//1177 1187//1187 1186//1186
f 1213//1213 1215//1215 1214//1214
f 1213//1213 1216//1216 1215//1215
f 1177//1177 1216//1216 1213//1213
f 1177//1177 1213//1213 1186//1186
f 1178//1178 1214//1214 1215//1215
f 1178//1178 1215//1215 1187//1187
f 1178//1178 1179//1179 1188//1188
f 1178//1178 1188//1188 1187//1187
f 1217//1217 1219//1219 1218//1218
f 1217//1217 1220//1220 1219//1219
f 1178//1178 1220//1220 1217//1217
f 1178//1178 1217//1217 1187//1187
f 1179//1179 1218//1218 1219//1219
f 1179//1179 1219//1219 1188//1188
f 1179//1179 1171//1171 1180//1180
f 1179//1179 1180//1180 1188//1188
f 1221//1221 1223//1223 1222//1222
f 1221//1221 1224//1224 1223//1223
f 1179//1179 1224//1224 1221//1221
f 1179//1179 1221//1221 1188//1188
f 1171//1171 1222//1222 1223//1223
f 1171//1171 1223//1223 1180//1180
f 1225//1225 1226//1226 1227//1227
f 1225//1225 1227//1227 1228//1228
f 1225//1225 1228//1228 1229//1229
f 1225//1225 1229//1229 1230//1230
f 1225//1225 1230//1230 1231//1231
f 1225//1225 1231//1231 1232//1232
f 1225//1225 1232//1232 1233//1233
f 1225//1225 1233//1233 1234//1234
f 1225//1225 1234//1234 1235//1235
f 1225//1225 1235//1235 1236//1236
f 1225//1225 1236//1236 1237//1237
f 1238//1238 1240//1240 1239//1239
f 1238//1238 1241//1241 1240//1240
f 1238//1238 1242//1242 1241//1241
f 1238//1238 1243//1243 1242//1242
f 1238//1238 1244//1244 1243//1243
f 1238//1238 1245//1245 1244//1244
f 1238//1238 1246//1246 1245//1245
f 1238//1238 1247//1247 1246//1246
f 1238//1238 1248//1248 1247//1247
f 1238//1238 1249//1249 1248//1248
f 1238//1238 1250//1250 1249//1249
f 1225//1225 1226//1226 1239//1239
f 1225//1225 1239//1239 1238//1238
f 1251//1251 1253//1253 1252//1252
f 1251//1251 1254//1254 1253//1253
f 1225//1225 1254//1254 1251//1251
f 1225//1225 1251//1251 1238//1238
f 1226//1226 1252//1252 1253//1253
f 1226//1226 1253//1253 1239//1239
f 1226//1226 1227//1227 1240//1240
f 1226//1226 1240//1240 1239//1239
f 1255//1255 1257//1257 1256//1256
f 1255//1255 1258//1258 1257//1257
f 1226//1226 1258//1258 1255//1255
f 1226//1226 1255//1255 1239//1239
f 1227//1227 1256//1256 1257//1257
f 1227//1227 1257//1257 1240//1240
f 1227//1227 1228//1228 1241//1241
f 1227//1227 1241//1241 1240//1240
f 1259//1259 1261//1261 1260//1260
f 1259//1259 1262//1262 1261//1261
f 1227//1227 1262//1262 1259//1259
f 1227//1227 1259//1259 1240//1240
f 1228//1228 1260//1260 1261//1261
f 1228//1228 1261//1261 1241//1241
f 1228//1228 1229//1229 1242//1242
f 1228//1228 1242//1242 1241//1241
f 1263//1263 1265//1265 1264//1264
f 1263//1263 1266//1266 1265//1265
f 1228//1228 1266//1266 1263//1263
f 1228//1228 1263//1263 1241//1241
f 1229//1229 1264//1264 1265//1265
f 1229//1229 1265//1265 1242//1242
f 1229//1229 1230//1230 1243//1243
f 1229//1229 1243//1243 1242//1242
f 1267//1267 1269//1269 1268//1268
f 1267//1267 1270//1270 1269//1269
f 1229//1229 1270//1270 1267//1267
f 1229//1229 1267//1267 1242//1242
f 1230//1230 1268//1268 1269//1269
f 1230//1230 1269//1269 1243//1243
f 1230//1230 1231//1231 1244//1244
f 1230//1230 1244//1244 1243//1243
f 1271//1271 1273//1273 1272//1272
f 1271//1271 1274//1274 1273//1273
f 1230//1230 1274//1274 1271//1271
f 1230//1230 1271//1271 1243//1243
f 1231//1231 1272//1272 1273//1273
f 1231//1231 1273//1273 1244//1244
f 1231//1231 1232//1232 1245//1245
f 1231//1231 1245//1245 1244//1244
f 1275//1275 1277//1277 1276//1276
f 1275//1275 1278//1278 1277//1277
f 1231//1231 1278//1278 1275//1275
f 1231//1231 1275//1275 1244//1244
f 1232//1232 1276//1276 1277//1277
f 1232//1232 1277//1277 1245//1245
f 1232//1232 1233//1233 1246//1246
f 1232//1232 1246//1246 1245//1245
f 1279//1279 1281//1281 1280//1280
f 1279//1279 1282//1282 1281//1281
f 1232//1232 1282//1282 1279//1279
f 1232//1232 1279//1279 1245//1245
f 1233//1233 1280//1280 1281//1281
f 1233//1233 1281//1281 1246//1246
f 1233//1233 1234//1234 1247//1247
f 1233//1233 1247//1247 1246//1246
f 1283//1283 1285//1285 1284//1284
f 1283//1283 1286//1286 1285//1285
f 1233//1233 1286//1286 1283//1283
f 1233//1233 1283//1283 1246//1246
f 1234//1234 1284//1284 1285//1285
f 1234//1234 1285//1285 1247//1247
f 1234//1234 1235//1235 1248//1248
f 1234//1234 1248//1248 1247//1247
f 1287//1287 1289//1289 1288//1288
f 1287//1287 1290//1290 1289//1289
f 1234//1234 1290//1290 1287//1287
f 1234//1234 1287//1287 1247//1247
f 1235//1235 1288//1288 1289//1289
f 1235//1235 1289//1289 1248//1248
f 1235//1235 1236//1236 1249//1249
f 1235//1235 1249//1249 1248//1248
f 1291//1291 1293//1293 1292//1292
f 1291//1291 1294//1294 1293//1293
f 1235//1235 1294//1294 1291//1291
f 1235//1235 1291//1291 1248//1248
f 1236//1236 1292//1292 1293//1293
f 1236//1236 1293//1293 1249//1249
f 1236//1236 1237//1237 1250//1250
f 1236//1236 1250//1250 1249//1249
f 1295//1295 1297//1297 1296//1296
f 1295//1295 1298//1298 1297//1297
f 1236//1236 1298//1298 1295//1295
f 1236//1236 1295//1295 1249//1249
f 1237//1237 1296//1296 1297//1297
f 1237//1237 1297//1297 1250//1250
f 1237//1237 1225//1225 1238//1238
f 1237//1237 1238//1238 1250//1250
f 1299//1299 1301//1301 1300//1300
f 1299//1299 1302//1302 1301//1301
f 1237//1237 1302//1302 1299//1299
f 1237//1237 1299//1299 1250//1250
f 1225//1225 1300//1300 1301//1301
f 1225//1225 1301//1301 1238//1238
f 1303//1303 1304//1304 1305//1305
f 1303//1303 1305//1305 1306//1306
f 1303//1303 1306//1306 1307//1307
f 1303//1303 1307//1307 1308//1308
f 1303//1303 1308//1308 1309//1309
f 1303//1303 1309//1309 1310//1310
f 1303//1303 1310//1310 1311//1311
f 1303//1303 1311//1311 1312//1312
f 1303//1303 1312//1312 1313//1313
f 1314//1314 1316//1316 1315//1315
f 1314//1314 1317//1317 1316//1316
f 1314//1314 1318//1318 1317//1317
f 1314//1314 1319//1319 1318//1318
f 1314//1314 1320//1320 1319//1319
f 1314//1314 1321//1321 1320//1320
f 1314//1314 1322//1322 1321//1321
f 1314//1314 1323//1323 1322//1322
f 1314//1314 1324//1324 1323//1323
f 1303//1303 1304//1304 1315//1315
f 1303//1303 1315//1315 1314//1314
f 1325//1325 1327//1327 1326//1326
f 1325//1325 1328//1328 1327//1327
f 1303//1303 1328//1328 1325//1325
f 1303//1303 1325//1325 1314//1314
f 1304//1304 1326//1326 1327//1327
f 1304//1304 1327//1327 1315//1315
f 1304//1304 1305//1305 1316//1316
f 1304//1304 1316//1316 1315//1315
f 1329//1329 1331//1331 1330//1330
f 1329//1329 1332//1332 1331//1331
f 1304//1304 1332//1332 1329//1329
f 1304//1304 1329//1329 1315//1315
f 1305//1305 1330//1330 1331//1331
f 1305//1305 1331//1331 1316//1316
f 1305//1305 1306//1306 1317//1317
f 1305//1305 1317//1317 1316//1316
f 1333//1333 1335//1335 1334//1334
f 1333//1333 1336//1336 1335//1335
f 1305//1305 1336//1336 1333//1333
f 1305//1305 1333//1333 1316//1316
f 1306//1306 1334//1334 1335//1335
f 1306//1306 1335//1335 1317//1317
f 1306//1306 1307//1307 1318//1318
f 1306//1306 1318//1318 1317//1317
f 1337//1337 1339//1339 1338//1338
f 1337//1337 1340//1340 1339//1339
f 1306//1306 1340//1340 1337//1337
f 1306//1306 1337//1337 1317//1317
f 1307//1307 1338//1338 1339//1339
f 1307//1307 1339//1339 1318//1318
f 1307//1307 1308//1308 1319//1319
f 1307//1307 1319//1319 1318//1318
f 1341//1341 1343//1343 1342//1342
f 1341//1341 1344//1344 1343//1343
f 1307//1307 1344//1344 1341//1341
f 1307//1307 1341//1341 1318//1318
f 1308//1308 1342//1342 1343//1343
f 1308//1308 1343//1343 1319//1319
f 1308//1308 1309//1309 1320//1320
f 1308//1308 1320//1320 1319//1319
f 1345//1345 1347//1347 1346//1346
f 1345//1345 1348//1348 1347//1347
f 1308//1308 1348//1348 1345//1345
f 1308//1308 1345//1345 1319//1319
f 1309//1309 1346//1346 1347//1347
f 1309//1309 1347//1347 1320//1320
f 1309//1309 1310//1310 1321//1321
f 1309//1309 1321//1321 1320//1320
f 1349//1349 1351//1351 1350//1350
f 1349//1349 1352//1352 1351//1351
f 1309//1309 1352//1352 1349//1349
f 1309//1309 1349//1349 1320//1320
f 1310//1310 1350//1350 1351//1351
f 1310//1310 1351//1351 1321//1321
f 1310//1310 1311//1311 1322//1322
f 1310//1310 1322//1322 1321//1321
f 1353//1353 1355//1355 1354//1354
f 1353//1353 1356//1356 1355//1355
f 1310//1310 1356//1356 1353//1353
f 1310//1310 1353//1353 1321//1321
f 1311//1311 1354//1354 1355//1355
f 1311//1311 1355//1355 1322//1322
f 1311//1311 1312//1312 1323//1323
f 1311//1311 1323//1323 1322//1322
f 1357//1357 1359//1359 1358//1358
f 1357//1357 1360//1360 1359//1359
f 1311//1311 1360//1360 1357//1357
f 1311//1311 1357//1357 1322//1322
f 1312//1312 1358//1358 1359//1359
f 1312//1312 1359//1359 1323//1323
f 1312//1312 1313//1313 1324//1324
f 1312//1312 1324//1324 1323//1323
f 1361//1361 1363//1363 1362//1362
f 1361//1361 1364//1364 1363//1363
f 1312//1312 1364//1364 1361//1361
f 1312//1312 1361//1361 1323//1323
f 1313//1313 1362//1362 1363//1363
f 1313//1313 1363//1363 1324//1324
f 1313//1313 1303//1303 1314//1314
f 1313//1313 1314//1314 1324//1324
f 1365//1365 1367//1367 1366//1366
f 1365//1365 1368//1368 1367//1367
f 1313//1313 1368//1368 1365//1365
f 1313//1313 1365//1365 1324//1324
f 1303//1303 1366//1366 1367//1367
f 1303//1303 1367//1367 1314//1314
f 1369//1369 1370//1370 1371//1371
f 1369//1369 1371//1371 1372//1372
f 1369//1369 1372//1372 1373//1373
f 1369//1369 1373//1373 1374//1374
f 1369//1369 1374//1374 1375//1375
f 1369//1369 1375//1375 1376//1376
f 1369//1369 1376//1376 1377//1377
f 1378//1378 1380//1380 1379//1379
f 1378//1378 1381//1381 1380//1380
f 1378//1378 1382//1382 1381//1381
f 1378//1378 1383//1383 1382//1382
f 1378//1378 1384//1384 1383//1383
f 1378//1378 1385//1385 1384//1384
f 1378//1378 1386//1386 1385//1385
f 1369//1369 1370//1370 1379//1379
f 1369//1369 1379//1379 1378//1378
f 1387//1387 1389//1389 1388//1388
f 1387//1387 1390//1390 1389//1389
f 1369//1369 1390//1390 1387//1387
f 1369//1369 1387//1387 1378//1378
f 1370//1370 1388//1388 1389//1389
f 1370//1370 1389//1389 1379//1379
f 1370//1370 1371//1371 1380//1380
f 1370//1370 1380//1380 1379//1379
f 1391//1391 1393//1393 1392//1392
f 1391//1391 1394//1394 1393//1393
f 1370//1370 1394//1394 1391//1391
f 1370//1370 1391//1391 1379//1379
f 1371//1371 1392//1392 1393//1393
f 1371//1371 1393//1393 1380//1380
f 1371//1371 1372//1372 1381//1381
f 1371//1371 1381//1381 1380//1380
f 1395//1395 1397//1397 1396//1396
f 1395//1395 1398//1398 1397//1397
f 1371//1371 1398//1398 1395//1395
f 1371//1371 1395//1395 1380//1380
f 1372//1372 1396//1396 1397//1397
f 1372//1372 1397//1397 1381//1381
f 1372//1372 1373//1373 1382//1382
f 1372//1372 1382//1382 1381//1381
f 1399//1399 1401//1401 1400//1400
f 1399//1399 1402//1402 1401//1401
f 1372//1372 1402//1402 1399//1399
f 1372//1372 1399//1399 1381//1381
f 1373//1373 1400//1400 1401//1401
f 1373//1373 1401//1401 1382//1382
f 1373//1373 1374//1374 1383//1383
f 1373//1373 1383//1383 1382//1382
f 1403//1403 1405//1405 1404//1404
f 1403//1403 1406//1406 1405//1405
f 1373//1373 1406//1406 1403//1403
f 1373//1373 1403//1403 1382//1382
f 1374//1374 1404//1404 1405//1405
f 1374//1374 1405//1405 1383//1383
f 1374//1374 1375//1375 1384//1384
f 1374//1374 1384//1384 1383//1383
f 1407//1407 1409//1409 1408//1408
f 1407//1407 1410//1410 1409//1409
f 1374//1374 1410//1410 1407//1407
f 1374//1374 1407//1407 1383//1383
f 1375//1375 1408//1408 1409//1409
f 1375//1375 1409//1409 1384//1384
f 1375//1375 1376//1376 1385//1385
f 1375//1375 1385//1385 1384//1384
f 1411//1411 1413//1413 1412//1412
f 1411//1411 1414//1414 1413//1413
f 1375//1375 1414//1414 1411//1411
f 1375//1375 1411//1411 1384//1384
f 1376//1376 1412//1412 1413//1413
f 1376//1376 1413//1413 1385//1385
f 1376//1376 1377//1377 1386//1386
f 1376//1376 1386//1386 1385//1385
f 1415//1415 1417//1417 1416//1416
f 1415//1415 1418//1418 1417//1417
f 1376//1376 1418//1418 1415//1415
f 1376//1376 1415//1415 1385//1385
f 1377//1377 1416//1416 1417//1417
f 1377//1377 1417//1417 1386//1386
f 1377//1377 1369//1369 1378//1378
f 1377//1377 1378//1378 1386//1386
f 1419//1419 1421//1421 1420//1420
f 1419//1419 1422//1422 1421//1421
f 1377//1377 1422//1422 1419//1419
f 1377//1377 1419//1419 1386//1386
f 1369//1369 1420//1420 1421//1421
f 1369//1369 1421//1421 1378//1378
f 1423//1423 1424//1424 1425//1425
f 1423//1423 1425//1425 1426//1426
f 1423//1423 1426//1426 1427//1427
f 1423//1423 1427//1427 1428//1428
f 1423//1423 1428//1428 1429//1429
f 1423//1423 1429//1429 1430//1430
f 1423//1423 1430//1430 1431//1431
f 1423//1423 1431//1431 1432//1432
f 1423//1423 1432//1432 1433//1433
f 1434//1434 1436//1436 1435//1435
f 1434//1434 1437//1437 1436//1436
f 1434//1434 1438//1438 1437//1437
f 1434//1434 1439//1439 1438//1438
f 1434//1434 1440//1440 1439//1439
f 1434//1434 1441//1441 1440//1440
f 1434//1434 1442//1442 1441//1441
f 1434//1434 1443//1443 1442//1442
f 1434//1434 1444//1444 1443//1443
f 1423//1423 1424//1424 1435//1435
f 1423//1423 1435//1435 1434//1434
f 1445//1445 1447//1447 1446//1446
f 1445//1445 1448//1448 1447//1447
f 1423//1423 1448//1448 1445//1445
f 1423//1423 1445//1445 1434//1434
f 1424//1424 1446//1446 1447//1447
f 1424//1424 1447//1447 1435//1435
f 1424//1424 1425//1425 1436//1436
f 1424//1424 1436//1436 1435//1435
f 1449//1449 1451//1451 1450//1450
f 1449//1449 1452//1452 1451//1451
f 1424//1424 1452//1452 1449//1449
f 1424//1424 1449//1449 1435//1435
f 1425//1425 1450//1450 1451//1451
f 1425//1425 1451//1451 1436//1436
f 1425//1425 1426//1426 1437//1437
f 1425//1425 1437//1437 1436//1436
f 1453//1453 1455//1455 1454//1454
f 1453//1453 1456//1456 1455//1455
f 1425//1425 1456//1456 1453//1453
f 1425//1425 1453//1453 1436//1436
f 1426//1426 1454//1454 1455//1455
f 1426//1426 1455//1455 1437//1437
f 1426//1426 1427//1427 1438//1438
f 1426//1426 1438//1438 1437//1437
f 1457//1457 1459//1459 1458//1458
f 1457//1457 1460//1460 1459//1459
f 1426//1426 1460//1460 1457//1457
f 1426//1426 1457//1457 1437//1437
f 1427//1427 1458//1458 1459//1459
f 1427//1427 1459//1459 1438//1438
f 1427//1427 1428//1428 1439//1439
f 1427//1427 1439//1439 1438//1438
f 1461//1461 1463//1463 1462//1462
f 1461//1461 1464//1464 1463//1463
f 1427//1427 1464//1464 1461//1461
f 1427//1427 1461//1461 1438//1438
f 1428//1428 1462//1462 1463//1463
f 1428//1428 1463//1463 1439//1439
f 1428//1428 1429//1429 1440//1440
f 1428//1428 1440//1440 1439//1439
f 1465//1465 1467//1467 1466//1466
f 1465//1465 1468//1468 1467//1467
f 1428//1428 1468//1468 1465//1465
f 1428//1428 1465//1465 1439//1439
f 1429//1429 1466//1466 1467//1467
f 1429//1429 1467//1467 1440//1440
f 1429//1429 1430//1430 1441//1441
f 1429//1429 1441//1441 1440//1440
f 1469//1469 1471//1471 1470//1470
f 1469//1469 1472//1472 1471//1471
f 1429//1429 1472//1472 1469//1469
f 1429//1429 1469//1469 1440//1440
f 1430//1430 1470//1470 1471//1471
f 1430//1430 1471//1471 1441//1441
f 1430//1430 1431//1431 1442//1442
f 1430//1430 1442//1442 1441//1441
f 1473//1473 1475//1475 1474//1474
f 1473//1473 1476//1476 1475//1475
f 1430//1430 1476//1476 1473//1473
f 1430//1430 1473//1473 1441//1441
f 1431//1431 1474//1474 1475//1475
f 1431//1431 1475//1475 1442//1442
f 1431//1431 1432//1432 1443//1443
f 1431//1431 1443//1443 1442//1442
f 1477//1477 1479//1479 1478//1478
f 1477//1477 1480//1480 1479//1479
f 1431//1431 1480//1480 1477//1477
f 1431//1431 1477//1477 1442//1442
f 1432//1432 1478//1478 1479//1479
f 1432//1432 1479//1479 1443//1443
f 1432//1432 1433//1433 1444//1444
f 1432//1432 1444//1444 1443//1443
f 1481//1481 1483//1483 1482//1482
f 1481//1481 1484//1484 1483//1483
f 1432//1432 1484//1484 1481//1481
f 1432//1432 1481//1481 1443//1443
f 1433//1433 1482//1482 1483//1483
f 1433//1433 1483//1483 1444//1444
f 1433//1433 1423//1423 1434//1434
f 1433//1433 1434//1434 1444//1444
f 1485//1485 1487//1487 1486//1486
f 1485//1485 1488//1488 1487//1487
f 1433//1433 1488//1488 1485//1485
f 1433//1433 1485//1485 1444//1444
f 1423//1423 1486//1486 1487//1487
f 1423//1423 1487//1487 1434//1434
f 1489//1489 1490//1490 1491//1491
f 1489//1489 1491//1491 1492//1492
f 1489//1489 1492//1492 1493//1493
f 1489//1489 1493//1493 1494//1494
f 1489//1489 1494//1494 1495//1495
f 1496//1496 1498//1498 1497//1497
f 1496//1496 1499//1499 1498//1498
f 1496//1496 1500//1500 1499//1499
f 1496//1496 1501//1501 1500//1500
f 1496//1496 1502//1502 1501//1501
f 1489//1489 1490//1490 1497//1497
f 1489//1489 1497//1497 1496//1496
f 1503//1503 1505//1505 1504//1504
f 1503//1503 1506//1506 1505//1505
f 1489//1489 1506//1506 1503//1503
f 1489//1489 1503//1503 1496//1496
f 1490//1490 1504//1504 1505//1505
f 1490//1490 1505//1505 1497//1497
f 1490//1490 1491//1491 1498//1498
f 1490//1490 1498//1498 1497//1497
f 1507//1507 1509//1509 1508//1508
f 1507//1507 1510//1510 1509//1509
f 1490//1490 1510//1510 1507//1507
f 1490//1490 1507//1507 1497//1497
f 1491//1491 1508//1508 1509//1509
f 1491//1491 1509//1509 1498//1498
f 1491//1491 1492//1492 1499//1499
f 1491//1491 1499//1499 1498//1498
f 1511//1511 1513//1513 1512//1512
f 1511//1511 1514//1514 1513//1513
f 1491//1491 1514//1514 1511//1511
f 1491//1491 1511//1511 1498//1498
f 1492//1492 1512//1512 1513//1513
f 1492//1492 1513//1513 1499//1499
f 1492//1492 1493//1493 1500//1500
f 1492//1492 1500//1500 1499//1499
f 1515//1515 1517//1517 1516//1516
f 1515//1515 1518//1518 1517//1517
f 1492//1492 1518//1518 1515//1515
f 1492//1492 1515//1515 1499//1499
f 1493//1493 1516//1516 1517//1517
f 1493//1493 1517//1517 1500//1500
f 1493//1493 1494//1494 1501//1501
f 1493//1493 1501//1501 1500//1500
f 1519//1519 1521//1521 1520//1520
f 1519//1519 1522//1522 1521//1521
f 1493//1493 1522//1522 1519//1519
f 1493//1493 1519//1519 1500//1500
f 1494//1494 1520//1520 1521//1521
f 1494//1494 1521//1521 1501//1501
f 1494//1494 1495//1495 1502//1502
f 1494//1494 1502//1502 1501//1501
f 1523//1523 1525//1525 1524//1524
f 1523//1523 1526//1526 1525//1525
f 1494//1494 1526//1526 1523//1523
f 1494//1494 1523//1523 1501//1501
f 1495//1495 1524//1524 1525//1525
f 1495//1495 1525//1525 1502//1502
f 1495//1495 1489//1489 1496//1496
f 1495//1495 1496//1496 1502//1502
f 1527//1527 1529//1529 1528//1528
f 1527//1527 1530//1530 1529//1529
f 1495//1495 1530//1530 1527//1527
f 1495//1495 1527//1527 1502//1502
f 1489//1489 1528//1528 1529//1529
f 1489//1489 1529//1529 1496//1496
f 1531//1531 1532//1532 1533//1533
f 1531//1531 1533//1533 1534//1534
f 1531//1531 1534//1534 1535//1535
f 1531//1531 1535//1535 1536//1536
f 1531//1531 1536//1536 1537//1537
f 1531//1531 1537//1537 1538//1538
f 1531//1531 1538//1538 1539//1539
f 1540//1540 1542//1542 1541//1541
f 1540//1540 1543//1543 1542//1542
f 1540//1540 1544//1544 1543//1543
f 1540//1540 1545//1545 1544//1544
f 1540//1540 1546//1546 1545//1545
f 1540//1540 1547//1547 1546//1546
f 1540//1540 1548//1548 1547//1547
f 1531//1531 1532//1532 1541//1541
f 1531//1531 1541//1541 1540//1540
f 1549//1549 1551//1551 1550//1550
f 1549//1549 1552//1552 1551//1551
f 1531//1531 1552//1552 1549//1549
f 1531//1531 1549//1549 1540//1540
f 1532//1532 1550//1550 1551//1551
f 1532//1532 1551//1551 1541//1541
f 1532//1532 1533//1533 1542//1542
f 1532//1532 1542//1542 1541//1541
f 1553//1553 1555//1555 1554//1554
f 1553//1553 1556//1556 1555//1555
f 1532//1532 1556//1556 1553//1553
f 1532//1532 1553//1553 1541//1541
f 1533//1533 1554//1554 1555//1555
f 1533//1533 1555//1555 1542//1542
f 1533//1533 1534//1534 1543//1543
f 1533//1533 1543//1543 1542//1542
f 1557//1557 1559//1559 1558//1558
f 1557//1557 1560//1560 1559//1559
f 1533//1533 1560//1560 1557//1557
f 1533//1533 1557//1557 1542//1542
f 1534//1534 1558//1558 1559//1559
f 1534//1534 1559//1559 1543//1543
f 1534//1534 1535//1535 1544//1544
f 1534//1534 1544//1544 1543//1543
f 1561//1561 1563//1563 1562//1562
f 1561//1561 1564//1564 1563//1563
f 1534//1534 1564//1564 1561//1561
f 1534//1534 1561//1561 1543//1543
f 1535//1535 1562//1562 1563//1563
f 1535//1535 1563//1563 1544//1544
f 1535//1535 1536//1536 1545//1545
f 1535//1535 1545//1545 1544//1544
f 1565//1565 1567//1567 1566//1566
f 1565//1565 1568//1568 1567//1567
f 1535//1535 1568//1568 1565//1565
f 1535//1535 1565//1565 1544//1544
f 1536//1536 1566//1566 1567//1567
f 1536//1536 1567//1567 1545//1545
f 1536//1536 1537//1537 1546//1546
f 1536//1536 1546//1546 1545//1545
f 1569//1569 1571//1571 1570//1570
f 1569//1569 1572//1572 1571//1571
f 1536//1536 1572//1572 1569//1569
f 1536//1536 1569//1569 1545//1545
f 1537//1537 1570//1570 1571//1571
f 1537//1537 1571//1571 1546//1546
f 1537//1537 1538//1538 1547//1547
f 1537//1537 1547//1547 1546//1546
f 1573//1573 1575//1575 1574//1574
f 1573//1573 1576//1576 1575//1575
f 1537//1537 1576//1576 1573//1573
f 1537//1537 1573//1573 1546//1546
f 1538//1538 1574//1574 1575//1575
f 1538//1538 1575//1575 1547//1547
f 1538//1538 1539//1539 1548//1548
f 1538//1538 1548//1548 1547//1547
f 1577//1577 1579//1579 1578//1578
f 1577//1577 1580//1580 1579//1579
f 1538//1538 1580//1580 1577//1577
f 1538//1538 1577//1577 1547//1547
f 1539//1539 1578//1578 1579//1579
f 1539//1539 1579//1579 1548//1548
f 1539//1539 1531//1531 1540//1540
f 1539//1539 1540//1540 1548//1548
f 1581//1581 1583//1583 1582//1582
f 1581//1581 1584//1584 1583//1583
f 1539//1539 1584//1584 1581//1581
f 1539//1539 1581//1581 1548//1548
f 1531//1531 1582//1582 1583//1583
f 1531//1531 1583//1583 1540//1540
f 1585//1585 1586//1586 1587//1587
f 1585//1585 1587//1587 1588//1588
f 1585//1585 1588//1588 1589//1589
f 1585//1585 1589//1589 1590//1590
f 1585//1585 1590//1590 1591//1591
f 1592//1592 1594//1594 1593//1593
f 1592//1592 1595//1595 1594//1594
f 1592//1592 1596//1596 1595//1595
f 1592//1592 1597//1597 1596//1596
f 1592//1592 1598//1598 1597//1597
f 1585//1585 1586//1586 1593//1593
f 1585//1585 1593//1593 1592//1592
f 1599//1599 1601//1601 1600//1600
f 1599//1599 1602//1602 1601//1601
f 1585//1585 1602//1602 1599//1599
f 1585//1585 1599//1599 1592//1592
f 1586//1586 1600//1600 1601//1601
f 1586//1586 1601//1601 1593//1593
f 1586//1586 1587//1587 1594//1594
f 1586//1586 1594//1594 1593//1593
f 1603//1603 1605//1605 1604//1604
f 1603//1603 1606//1606 1605//1605
f 1586//1586 1606//1606 1603//1603
f 1586//1586 1603//1603 1593//1593
f 1587//1587 1604//1604 1605//1605
f 1587//1587 1605//1605 1594//1594
f 1587//1587 1588//1588 1595//1595
f 1587//1587 1595//1595 1594//1594
f 1607//1607 1609//1609 1608//1608
f 1607//1607 1610//1610 1609//1609
f 1587//1587 1610//1610 1607//1607
f 1587//1587 1607//1607 1594//1594
f 1588//1588 1608//1608 1609//1609
f 1588//1588 1609//1609 1595//1595
f 1588//1588 1589//1589 1596//1596
f 1588//1588 1596//1596 1595//1595
f 1611//1611 1613//1613 1612//1612
f 1611//1611 1614//1614 1613//1613
f 1588//1588 1614//1614 1611//1611
f 1588//1588 1611//1611 1595//1595
f 1589//1589 1612//1612 1613//1613
f 1589//1589 1613//1613 1596//1596
f 1589//1589 1590//1590 1597//1597
f 1589//1589 1597//1597 1596//1596
f 1615//1615 1617//1617 1616//1616
f 1615//1615 1618//1618 1617//1617
f 1589//1589 1618//1618 1615//1615
f 1589//1589 1615//1615 1596//1596
f 1590//1590 1616//1616 1617//1617
f 1590//1590 1617//1617 1597//1597
f 1590//1590 1591//1591 1598//1598
f 1590//1590 1598//1598 1597//1597
f 1619//1619 1621//1621 1620//1620
f 1619//1619 1622//1622 1621//1621
f 1590//1590 1622//1622 1619//1619
f 1590//1590 1619//1619 1597//1597
f 1591//1591 1620//1620 1621//1621
f 1591//1591 1621//1621 1598//1598
f 1591//1591 1585//1585 1592//1592
f 1591//1591 1592//1592 1598//1598
f 1623//1623 1625//1625 1624//1624
f 1623//1623 1626//1626 1625//1625
f 1591//1591 1626//1626 1623//1623
f 1591//1591 1623//1623 1598//1598
f 1585//1585 1624//1624 1625//1625
f 1585//1585 1625//1625 1592//1592
f 1627//1627 1628//1628 1629//1629
f 1627//1627 1629//1629 1630//1630
f 1627//1627 1630//1630 1631//1631
f 1627//1627 1631//1631 1632//1632
f 1627//1627 1632//1632 1633//1633
f 1634//1634 1636//1636 1635//1635
f 1634//1634 1637//1637 1636//1636
f 1634//1634 1638//1638 1637//1637
f 1634//1634 1639//1639 1638//1638
f 1634//1634 1640//1640 1639//1639
f 1627//1627 1628//1628 1635//1635
f 1627//1627 1635//1635 1634//1634
f 1641//1641 1643//1643 1642//1642
f 1641//1641 1644//1644 1643//1643
f 1627//1627 1644//1644 1641//1641
f 1627//1627 1641//1641 1634//1634
f 1628//1628 1642//1642 1643//1643
f 1628//1628 1643//1643 1635//1635
f 1628//1628 1629//1629 1636//1636
f 1628//1628 1636//1636 1635//1635
f 1645//1645 1647//1647 1646//1646
f 1645//1645 1648//1648 1647//1647
f 1628//1628 1648//1648 1645//1645
f 1628//1628 1645//1645 1635//1635
f 1629//1629 1646//1646 1647//1647
f 1629//1629 1647//1647 1636//1636
f 1629//1629 1630//1630 1637//1637
f 1629//1629 1637//1637 1636//1636
f 1649//1649 1651//1651 1650//1650
f 1649//1649 1652//1652 1651//1651
f 1629//1629 1652//1652 1649//1649
f 1629//1629 1649//1649 1636//1636
f 1630//1630 1650//1650 1651//1651
f 1630//1630 1651//1651 1637//1637
f 1630//1630 1631//1631 1638//1638
f 1630//1630 1638//1638 1637//1637
f 1653//1653 1655//1655 1654//1654
f 1653//1653 1656//1656 1655//1655
f 1630//1630 1656//1656 1653//1653
f 1630//1630 1653//1653 1637//1637
f 1631//1631 1654//1654 1655//1655
f 1631//1631 1655//1655 1638//1638
f 1631//1631 1632//1632 1639//1639
f 1631//1631 1639//1639 1638//1638
f 1657//1657 1659//1659 1658//1658
f 1657//1657 1660//1660 1659//1659
f 1631//1631 1660//1660 1657//1657
f 1631//1631 1657//1657 1638//1638
f 1632//1632 1658//1658 1659//1659
f 1632//1632 1659//1659 1639//1639
f 1632//1632 1633//1633 1640//1640
f 1632//1632 1640//1640 1639//1639
f 1661//1661 1663//1663 1662//1662
f 1661//1661 1664//1664 1663//1663
f 1632//1632 1664//1664 1661//1661
f 1632//1632 1661//1661 1639//1639
f 1633//1633 1662//1662 1663//1663
f 1633//1633 1663//1663 1640//1640
f 1633//1633 1627//1627 1634//1634
f 1633//1633 1634//1634 1640//1640
f 1665//1665 1667//1667 1666//1666
f 1665//1665 1668//1668 1667//1667
f 1633//1633 1668//1668 1665//1665
f 1633//1633 1665//1665 1640//1640
f 1627//1627 1666//1666 1667//1667
f 1627//1627 1667//1667 1634//1634
usemtl color_169_169_169
f 1669//1669 1670//1670 1671//1671
f 1669//1669 1671//1671 1672//1672
f 1669//1669 1672//1672 1673//1673
f 1669//1669 1673//1673 1674//1674
f 1669//1669 1674//1674 1675//1675
f 1669//1669 1675//1675 1676//1676
f 1669//1669 1676//1676 1677//1677
f 1678//1678 1680//1680 1679//1679
f 1678//1678 1681//1681 1680//1680
f 1678//1678 1682//1682 1681//1681
f 1678//1678 1683//1683 1682//1682
f 1678//1678 1684//1684 1683//1683
f 1678//1678 1685//1685 1684//1684
f 1678//1678 1686//1686 1685//1685
f 1669//1669 1670//1670 1679//1679
f 1669//1669 1679//1679 1678//1678
f 1687//1687 1689//1689 1688//1688
f 1687//1687 1690//1690 1689//1689
f 1669//1669 1690//1690 1687//1687
f 1669//1669 1687//1687 1678//1678
f 1670//1670 1688//1688 1689//1689
f 1670//1670 1689//1689 1679//1679
f 1670//1670 1671//1671 1680//1680
f 1670//1670 1680//1680 1679//1679
f 1691//1691 1693//1693 1692//1692
f 1691//1691 1694//1694 1693//1693
f 1670//1670 1694//1694 1691//1691
f 1670//1670 1691//1691 1679//1679
f 1671//1671 1692//1692 1693//1693
f 1671//1671 1693//1693 1680//1680
f 1671//1671 1672//1672 1681//1681
f 1671//1671 1681//1681 1680//1680
f 1695//1695 1697//1697 1696//1696
f 1695//1695 1698//1698 1697//1697
f 1671//1671 1698//1698 1695//1695
f 1671//1671 1695//1695 1680//1680
f 1672//1672 1696//1696 1697//1697
f 1672//1672 1697//1697 1681//1681
f 1672//1672 1673//1673 1682//1682
f 1672//1672 1682//1682 1681//1681
f 1699//1699 1701//1701 1700//1700
f 1699//1699 1702//1702 1701//1701
f 1672//1672 1702//1702 1699//1699
f 1672//1672 1699//1699 1681//1681
f 1673//1673 1700//1700 1701//1701
f 1673//1673 1701//1701 1682//1682
f 1673//1673 1674//1674 1683//1683
f 1673//1673 1683//1683 1682//1682
f 1703//1703 1705//1705 1704//1704
f 1703//1703 1706//1706 1705//1705
f 1673//1673 1706//1706 1703//1703
f 1673//1673 1703//1703 1682//1682
f 1674//1674 1704//1704 1705//1705
f 1674//1674 1705//1705 1683//1683
f 1674//1674 1675//1675 1684//1684
f 1674//1674 1684//1684 1683//1683
f 1707//1707 1709//1709 1708//1708
f 1707//1707 1710//1710 1709//1709
f 1674//1674 1710//1710 1707//1707
f 1674//1674 1707//1707 1683//1683
f 1675//1675 1708//1708 1709//1709
f 1675//1675 1709//1709 1684//1684
f 1675//1675 1676//1676 1685//1685
f 1675//1675 1685//1685 1684//1684
f 1711//1711 1713//1713 1712//1712
f 1711//1711 1714//1714 1713//1713
f 1675//1675 1714//1714 1711//1711
f 1675//1675 1711//1711 1684//1684
f 1676//1676 1712//1712 1713//1713
f 1676//1676 1713//1713 1685//1685
f 1676//1676 1677//1677 1686//1686
f 1676//1676 1686//1686 1685//1685
f 1715//1715 1717//1717 1716//1716
f 1715//1715 1718//1718 1717//1717
f 1676//1676 1718//1718 1715//1715
f 1676//1676 1715//1715 1685//1685
f 1677//1677 1716//1716 1717//1717
f 1677//1677 1717//1717 1686//1686
f 1677//1677 1669//1669 1678//1678
f 1677//1677 1678//1678 1686//1686
f 1719//1719 1721//1721 1720//1720
f 1719//1719 1722//1722 1721//1721
f 1677//1677 1722//1722 1719//1719
f 1677//1677 1719//1719 1686//1686
f 1669//1669 1720//1720 1721//1721
f 1669//1669 1721//1721 1678//1678
f 1723//1723 1724//1724 1725//1725
f 1723//1723 1725//1725 1726//1726
f 1723//1723 1726//1726 1727//1727
f 1723//1723 1727//1727 1728//1728
f 1723//1723 1728//1728 1729//1729
f 1723//1723 1729//1729 1730//1730
f 1723//1723 1730//1730 1731//1731
f 1723//1723 1731//1731 1732//1732
f 1733//1733 1735//1735 1734//1734
f 1733//1733 1736//1736 1735//1735
f 1733//1733 1737//1737 1736//1736
f 1733//1733 1738//1738 1737//1737
f 1733//1733 1739//1739 1738//1738
f 1733//1733 1740//1740 1739//1739
f 1733//1733 1741//1741 1740//1740
f 1733//1733 1742//1742 1741//1741
f 1723//1723 1724//1724 1734//1734
f 1723//1723 1734//1734 1733//1733
f 1743//1743 1745//1745 1744//1744
f 1743//1743 1746//1746 1745//1745
f 1723//1723 1746//1746 1743//1743
f 1723//1723 1743//1743 1733//1733
f 1724//1724 1744//1744 1745//1745
f 1724//1724 1745//1745 1734//1734
f 1724//1724 1725//1725 1735//1735
f 1724//1724 1735//1735 1734//1734
f 1747//1747 1749//1749 1748//1748
f 1747//1747 1750//1750 1749//1749
f 1724//1724 1750//1750 1747//1747
f 1724//1724 1747//1747 1734//1734
f 1725//1725 1748//1748 1749//1749
f 1725//1725 1749//1749 1735//1735
f 1725//1725 1726//1726 1736//1736
f 1725//1725 1736//1736 1735//1735
f 1751//1751 1753//1753 1752//1752
f 1751//1751 1754//1754 1753//1753
f 1725//1725 1754//1754 1751//1751
f 1725//1725 1751//1751 1735//1735
f 1726//1726 1752//1752 1753//1753
f 1726//1726 1753//1753 1736//1736
f 1726//1726 1727//1727 1737//1737
f 1726//1726 1737//1737 1736//1736
f 1755//1755 1757//1757 1756//1756
f 1755//1755 1758//1758 1757//1757
f 1726//1726 1758//1758 1755//1755
f 1726//1726 1755//1755 1736//1736
f 1727//1727 1756//1756 1757//1757
f 1727//1727 1757//1757 1737//1737
f 1727//1727 1728//1728 1738//1738
f 1727//1727 1738//1738 1737//1737
f 1759//1759 1761//1761 1760//1760
f 1759//1759 1762//1762 1761//1761
f 1727//1727 1762//1762 1759//1759
f 1727//1727 1759//1759 1737//1737
f 1728//1728 1760//1760 1761//1761
f 1728//1728 1761//1761 1738//1738
f 1728//1728 1729//1729 1739//1739
f 1728//1728 1739//1739 1738//1738
f 1763//1763 1765//1765 1764//1764
f 1763//1763 1766//1766 1765//1765
f 1728//1728 1766//1766 1763//1763
f 1728//1728 1763//1763 1738//1738
f 1729//1729 1764//1764 1765//1765
f 1729//1729 1765//1765 1739//1739
f 1729//1729 1730//1730 1740//1740
f 1729//1729 1740//1740 1739//1739
f 1767//1767 1769//1769 1768//1768
f 1767//1767 1770//1770 1769//1769
f 1729//1729 1770//1770 1767//1767
f 1729//1729 1767//1767 1739//1739
f 1730//1730 1768//1768 1769//1769
f 1730//1730 1769//1769 1740//1740
f 1730//1730 1731//1731 1741//1741
f 1730//1730 1741//1741 1740//1740
f 1771//1771 1773//1773 1772//1772
f 1771//1771 1774//1774 1773//1773
f 1730//1730 1774//1774 1771//1771
f 1730//1730 1771//1771 1740//1740
f 1731//1731 1772//1772 1773//1773
f 1731//1731 1773//1773 1741//1741
f 1731//1731 1732//1732 1742//1742
f 1731//1731 1742//1742 1741//1741
f 1775//1775 1777//1777 1776//1776
f 1775//1775 1778//1778 1777//1777
f 1731//1731 1778//1778 1775//1775
f 1731//1731 1775//1775 1741//1741
f 1732//1732 1776//1776 1777//1777
f 1732//1732 1777//1777 1742//1742
f 1732//1732 1723//1723 1733//1733
f 1732//1732 1733//1733 1742//1742
f 1779//1779 1781//1781 1780//1780
f 1779//1779 1782//1782 1781//1781
f 1732//1732 1782//1782 1779//1779
f 1732//1732 1779//1779 1742//1742
f 1723//1723 1780//1780 1781//1781
f 1723//1723 1781//1781 1733//1733
f 1783//1783 1784//1784 1785//1785
f 1783//1783 1785//1785 1786//1786
f 1783//1783 1786//1786 1787//1787
f 1783//1783 1787//1787 1788//1788
f 1789//1789 1791//1791 1790//1790
f 1789//1789 1792//1792 1791//1791
f 1789//1789 1793//1793 1792//1792
f 1789//1789 1794//1794 1793//1793
f 1783//1783 1784//1784 1790//1790
f 1783//1783 1790//1790 1789//1789
f 1795//1795 1797//1797 1796//1796
f 1795//1795 1798//1798 1797//1797
f 1783//1783 1798//1798 1795//1795
f 1783//1783 1795//1795 1789//1789
f 1784//1784 1796//1796 1797//1797
f 1784//1784 1797//1797 1790//1790
f 1784//1784 1785//1785 1791//1791
f 1784//1784 1791//1791 1790//1790
f 1799//1799 1801//1801 1800//1800
f 1799//1799 1802//1802 1801//1801
f 1784//1784 1802//1802 1799//1799
f 1784//1784 1799//1799 1790//1790
f 1785//1785 1800//1800 1801//1801
f 1785//1785 1801//1801 1791//1791
f 1785//1785 1786//1786 1792//1792
f 1785//1785 1792//1792 1791//1791
f 1803//1803 1805//1805 1804//1804
f 1803//1803 1806//1806 1805//1805
f 1785//1785 1806//1806 1803//1803
f 1785//1785 1803//1803 1791//1791
f 1786//1786 1804//1804 1805//1805
f 1786//1786 1805//1805 1792//1792
f 1786//1786 1787//1787 1793//1793
f 1786//1786 1793//1793 1792//1792
f 1807//1807 1809//1809 1808//1808
f 1807//1807 1810//1810 1809//1809
f 1786//1786 1810//1810 1807//1807
f 1786//1786 1807//1807 1792//1792
f 1787//1787 1808//1808 1809//1809
f 1787//1787 1809//1809 1793//1793
f 1787//1787 1788//1788 1794//1794
f 1787//1787 1794//1794 1793//1793
f 1811//1811 1813//1813 1812//1812
f 1811//1811 1814//1814 1813//1813
f 1787//1787 1814//1814 1811//1811
f 1787//1787 1811//1811 1793//1793
f 1788//1788 1812//1812 1813//1813
f 1788//1788 1813//1813 1794//1794
f 1788//1788 1783//1783 1789//1789
f 1788//1788 1789//1789 1794//1794
f 1815//1815 1817//1817 1816//1816
f 1815//1815 1818//1818 1817//1817
f 1788//1788 1818//1818 1815//1815
f 1788//1788 1815//1815 1794//1794
f 1783//1783 1816//1816 1817//1817
f 1783//1783 1817//1817 1789//1789
usemtl color_211_211_211
f 1819//1819 1820//1820 1821//1821
f 1819//1819 1821//1821 1822//1822
f 1819//1819 1822//1822 1823//1823
f 1819//1819 1823//1823 1824//1824
f 1825//1825 1827//1827 1826//1826
f 1825//1825 1828//1828 1827//1827
f 1825//1825 1829//1829 1828//1828
f 1825//1825 1830//1830 1829//1829
f 1819//1819 1820//1820 1826//1826
f 1819//1819 1826//1826 1825//1825
f 1831//1831 1833//1833 1832//1832
f 1831//1831 1834//1834 1833//1833
f 1819//1819 1834//1834 1831//1831
f 1819//1819 1831//1831 1825//1825
f 1820//1820 1832//1832 1833//1833
f 1820//1820 1833//1833 1826//1826
f 1820//1820 1821//1821 1827//1827
f 1820//1820 1827//1827 1826//1826
f 1835//1835 1837//1837 1836//1836
f 1835//1835 1838//1838 1837//1837
f 1820//1820 1838//1838 1835//1835
f 1820//1820 1835//1835 1826//1826
f 1821//1821 1836//1836 1837//1837
f 1821//1821 1837//1837 1827//1827
f 1821//1821 1822//1822 1828//1828
f 1821//1821 1828//1828 1827//1827
f 1839//1839 1841//1841 1840//1840
f 1839//1839 1842//1842 1841//1841
f 1821//1821 1842//1842 1839//1839
f 1821//1821 1839//1839 1827//1827
f 1822//1822 1840//1840 1841//1841
f 1822//1822 1841//1841 1828//1828
f 1822//1822 1823//1823 1829//1829
f 1822//1822 1829//1829 1828//1828
f 1843//1843 1845//1845 1844//1844
f 1843//1843 1846//1846 1845//1845
f 1822//1822 1846//1846 1843//1843
f 1822//1822 1843//1843 1828//1828
f 1823//1823 1844//1844 1845//1845
f 1823//1823 1845//1845 1829//1829
f 1823//1823 1824//1824 1830//1830
f 1823//1823 1830//1830 1829//1829
f 1847//1847 1849//1849 1848//1848
f 1847//1847 1850//1850 1849//1849
f 1823//1823 1850//1850 1847//1847
f 1823//1823 1847//1847 1829//1829
f 1824//1824 1848//1848 1849//1849
f 1824//1824 1849//1849 1830//1830
f 1824//1824 1819//1819 1825//1825
f 1824//1824 1825//1825 1830//1830
f 1851//1851 1853//1853 1852//1852
f 1851//1851 1854//1854 1853//1853
f 1824//1824 1854//1854 1851//1851
f 1824//1824 1851//1851 1830//1830
f 1819//1819 1852//1852 1853//1853
f 1819//1819 1853//1853 1825//1825
f 1855//1855 1856//1856 1857//1857
f 1855//1855 1857//1857 1858//1858
f 1855//1855 1858//1858 1859//1859
f 1855//1855 1859//1859 1860//1860
f 1855//1855 1860//1860 1861//1861
f 1862//1862 1864//1864 1863//1863
f 1862//1862 1865//1865 1864//1864
f 1862//1862 1866//1866 1865//1865
f 1862//1862 1867//1867 1866//1866
f 1862//1862 1868//1868 1867//1867
f 1855//1855 1856//1856 1863//1863
f 1855//1855 1863//1863 1862//1862
f 1869//1869 1871//1871 1870//1870
f 1869//1869 1872//1872 1871//1871
f 1855//1855 1872//1872 1869//1869
f 1855//1855 1869//1869 1862//1862
f 1856//1856 1870//1870 1871//1871
f 1856//1856 1871//1871 1863//1863
f 1856//1856 1857//1857 1864//1864
f 1856//1856 1864//1864 1863//1863
f 1873//1873 1875//1875 1874//1874
f 1873//1873 1876//1876 1875//1875
f 1856//1856 1876//1876 1873//1873
f 1856//1856 1873//1873 1863//1863
f 1857//1857 1874//1874 1875//1875
f 1857//1857 1875//1875 1864//1864
f 1857//1857 1858//1858 1865//1865
f 1857//1857 1865//1865 1864//1864
f 1877//1877 1879//1879 1878//1878
f 1877//1877 1880//1880 1879//1879
f 1857//1857 1880//1880 1877//1877
f 1857//1857 1877//1877 1864//1864
f 1858//1858 1878//1878 1879//1879
f 1858//1858 1879//1879 1865//1865
f 1858//1858 1859//1859 1866//1866
f 1858//1858 1866//1866 1865//1865
f 1881//1881 1883//1883 1882//1882
f 1881//1881 1884//1884 1883//1883
f 1858//1858 1884//1884 1881//1881
f 1858//1858 1881//1881 1865//1865
f 1859//1859 1882//1882 1883//1883
f 1859//1859 1883//1883 1866//1866
f 1859//1859 1860//1860 1867//1867
f 1859//1859 1867//1867 1866//1866
f 1885//1885 1887//1887 1886//1886
f 1885//1885 1888//1888 1887//1887
f 1859//1859 1888//1888 1885//1885
f 1859//1859 1885//1885 1866//1866
f 1860//1860 1886//1886 1887//1887
f 1860//1860 1887//1887 1867//1867
f 1860//1860 1861//1861 1868//1868
f 1860//1860 1868//1868 1867//1867
f 1889//1889 1891//1891 1890//1890
f 1889//1889 1892//1892 1891//1891
f 1860//1860 1892//1892 1889//1889
f 1860//1860 1889//1889 1867//1867
f 1861//1861 1890//1890 1891//1891
f 1861//1861 1891//1891 1868//1868
f 1861//1861 1855//1855 1862//1862
f 1861//1861 1862//1862 1868//1868
f 1893//1893 1895//1895 1894//1894
f 1893//1893 1896//1896 1895//1895
f 1861//1861 1896//1896 1893//1893
f 1861//1861 1893//1893 1868//1868
f 1855//1855 1894//1894 1895//1895
f 1855//1855 1895//1895 1862//1862
f 1897//1897 1898//1898 1899//1899
f 1897//1897 1899//1899 1900//1900
f 1897//1897 1900//1900 1901//1901
f 1897//1897 1901//1901 1902//1902
f 1897//1897 1902//1902 1903//1903
f 1904//1904 1906//1906 1905//1905
f 1904//1904 1907//1907 1906//1906
f 1904//1904 1908//1908 1907//1907
f 1904//1904 1909//1909 1908//1908
f 1904//1904 1910//1910 1909//1909
f 1897//1897 1898//1898 1905//1905
f 1897//1897 1905//1905 1904//1904
f 1911//1911 1913//1913 1912//1912
f 1911//1911 1914//1914 1913//1913
f 1897//1897 1914//1914 1911//1911
f 1897//1897 1911//1911 1904//1904
f 1898//1898 1912//1912 1913//1913
f 1898//1898 1913//1913 1905//1905
f 1898//1898 1899//1899 1906//1906
f 1898//1898 1906//1906 1905//1905
f 1915//1915 1917//1917 1916//1916
f 1915//1915 1918//1918 1917//1917
f 1898//1898 1918//1918 1915//1915
f 1898//1898 1915//1915 1905//1905
f 1899//1899 1916//1916 1917//1917
f 1899//1899 1917//1917 1906//1906
f 1899//1899 1900//1900 1907//1907
f 1899//1899 1907//1907 1906//1906
f 1919//1919 1921//1921 1920//1920
f 1919//1919 1922//1922 1921//1921
f 1899//1899 1922//1922 1919//1919
f 1899//1899 1919//1919 1906//1906
f 1900//1900 1920//1920 1921//1921
f 1900//1900 1921//1921 1907//1907
f 1900//1900 1901//1901 1908//1908
f 1900//1900 1908//1908 1907//1907
f 1923//1923 1925//1925 1924//1924
f 1923//1923 1926//1926 1925//1925
f 1900//1900 1926//1926 1923//1923
f 1900//1900 1923//1923 1907//1907
f 1901//1901 1924//1924 1925//1925
f 1901//1901 1925//1925 1908//1908
f 1901//1901 1902//1902 1909//1909
f 1901//1901 1909//1909 1908//1908
f 1927//1927 1929//1929 1928//1928
f 1927//1927 1930//1930 1929//1929
f 1901//1901 1930//1930 1927//1927
f 1901//1901 1927//1927 1908//1908
f 1902//1902 1928//1928 1929//1929
f 1902//1902 1929//1929 1909//1909
f 1902//1902 1903//1903 1910//1910
f 1902//1902 1910//1910 1909//1909
f 1931//1931 1933//1933 1932//1932
f 1931//1931 1934//1934 1933//1933
f 1902//1902 1934//1934 1931//1931
f 1902//1902 1931//1931 1909//1909
f 1903//1903 1932//1932 1933//1933
f 1903//1903 1933//1933 1910//1910
f 1903//1903 1897//1897 1904//1904
f 1903//1903 1904//1904 1910//1910
f 1935//1935 1937//1937 1936//1936
f 1935//1935 1938//1938 1937//1937
f 1903//1903 1938//1938 1935//1935
f 1903//1903 1935//1935 1910//1910
f 1897//1897 1936//1936 1937//1937
f 1897//1897 1937//1937 1904//1904
f 1939//1939 1940//1940 1941//1941
f 1939//1939 1941//1941 1942//1942
f 1939//1939 1942//1942 1943//1943
f 1939//1939 1943//1943 1944//1944
f 1939//1939 1944//1944 1945//1945
f 1946//1946 1948//1948 1947//1947
f 1946//1946 1949//1949 1948//1948
f 1946//1946 1950//1950 1949//1949
f 1946//1946 1951//1951 1950//1950
f 1946//1946 1952//1952 1951//1951
f 1939//1939 1940//1940 1947//1947
f 1939//1939 1947//1947 1946//1946
f 1953//1953 1955//1955 1954//1954
f 1953//1953 1956//1956 1955//1955
f 1939//1939 1956//1956 1953//1953
f 1939//1939 1953//1953 1946//1946
f 1940//1940 1954//1954 1955//1955
f 1940//1940 1955//1955 1947//1947
f 1940//1940 1941//1941 1948//1948
f 1940//1940 1948//1948 1947//1947
f 1957//1957 1959//1959 1958//1958
f 1957//1957 1960//1960 1959//1959
f 1940//1940 1960//1960 1957//1957
f 1940//1940 1957//1957 1947//1947
f 1941//1941 1958//1958 1959//1959
f 1941//1941 1959//1959 1948//1948
f 1941//1941 1942//1942 1949//1949
f 1941//1941 1949//1949 1948//1948
f 1961//1961 1963//1963 1962//1962
f 1961//1961 1964//1964 1963//1963
f 1941//1941 1964//1964 1961//1961
f 1941//1941 1961//1961 1948//1948
f 1942//1942 1962//1962 1963//1963
f 1942//1942 1963//1963 1949//1949
f 1942//1942 1943//1943 1950//1950
f 1942//1942 1950//1950 1949//1949
f 1965//1965 1967//1967 1966//1966
f 1965//1965 1968//1968 1967//1967
f 1942//1942 1968//1968 1965//1965
f 1942//1942 1965//1965 1949//1949
f 1943//1943 1966//1966 1967//1967
f 1943//1943 1967//1967 1950//1950
f 1943//1943 1944//1944 1951//1951
f 1943//1943 1951//1951 1950//1950
f 1969//1969 1971//1971 1970//1970
f 1969//1969 1972//1972 1971//1971
f 1943//1943 1972//1972 1969//1969
f 1943//1943 1969//1969 1950//1950
f 1944//1944 1970//1970 1971//1971
f 1944//1944 1971//1971 1951//1951
f 1944//1944 1945//1945 1952//1952
f 1944//1944 1952//1952 1951//1951
f 1973//1973 1975//1975 1974//1974
f 1973//1973 1976//1976 1975//1975
f 1944//1944 1976//1976 1973//1973
f 1944//1944 1973//1973 1951//1951
f 1945//1945 1974//1974 1975//1975
f 1945//1945 1975//1975 1952//1952
f 1945//1945 1939//1939 1946//1946
f 1945//1945 1946//1946 1952//1952
f 1977//1977 1979//1979 1978//1978
f 1977//1977 1980//1980 1979//1979
f 1945//1945 1980//1980 1977//1977
f 1945//1945 1977//1977 1952//1952
f 1939//1939 1978//1978 1979//1979
f 1939//1939 1979//1979 1946//1946
f 1981//1981 1982//1982 1983//1983
f 1981//1981 1983//1983 1984//1984
f 1981//1981 1984//1984 1985//1985
f 1986//1986 1988//1988 1987//1987
f 1986//1986 1989//1989 1988//1988
f 1986//1986 1990//1990 1989//1989
f 1981//1981 1982//1982 1987//1987
f 1981//1981 1987//1987 1986//1986
f 1991//1991 1993//1993 1992//1992
f 1991//1991 1994//1994 1993//1993
f 1981//1981 1994//1994 1991//1991
f 1981//1981 1991//1991 1986//1986
f 1982//1982 1992//1992 1993//1993
f 1982//1982 1993//1993 1987//1987
f 1982//1982 1983//1983 1988//1988
f 1982//1982 1988//1988 1987//1987
f 1995//1995 1997//1997 1996//1996
f 1995//1995 1998//1998 1997//1997
f 1982//1982 1998//1998 1995//1995
f 1982//1982 1995//1995 1987//1987
f 1983//1983 1996//1996 1997//1997
f 1983//1983 1997//1997 1988//1988
f 1983//1983 1984//1984 1989//1989
f 1983//1983 1989//1989 1988//1988
f 1999//1999 2001//2001 2000//2000
f 1999//1999 2002//2002 2001//2001
f 1983//1983 2002//2002 1999//1999
f 1983//1983 1999//1999 1988//1988
f 1984//1984 2000//2000 2001//2001
f 1984//1984 2001//2001 1989//1989
f 1984//1984 1985//1985 1990//1990
f 1984//1984 1990//1990 1989//1989
f 2003//2003 2005//2005 2004//2004
f 2003//2003 2006//2006 2005//2005
f 1984//1984 2006//2006 2003//2003
f 1984//1984 2003//2003 1989//1989
f 1985//1985 2004//2004 2005//2005
f 1985//1985 2005//2005 1990//1990
f 1985//1985 1981//1981 1986//1986
f 1985//1985 1986//1986 1990//1990
f 2007//2007 2009//2009 2008//2008
f 2007//2007 2010//2010 2009//2009
f 1985//1985 2010//2010 2007//2007
f 1985//1985 2007//2007 1990//1990
f 1981//1981 2008//2008 2009//2009
f 1981//1981 2009//2009 1986//1986
f 2011//2011 2012//2012 2013//2013
f 2011//2011 2013//2013 2014//2014
f 2011//2011 2014//2014 2015//2015
f 2016//2016 2018//2018 2017//2017
f 2016//2016 2019//2019 2018//2018
f 2016//2016 2020//2020 2019//2019
f 2011//2011 2012//2012 2017//2017
f 2011//2011 2017//2017 2016//2016
f 2021//2021 2023//2023 2022//2022
f 2021//2021 2024//2024 2023//2023
f 2011//2011 2024//2024 2021//2021
f 2011//2011 2021//2021 2016//2016
f 2012//2012 2022//2022 2023//2023
f 2012//2012 2023//2023 2017//2017
f 2012//2012 2013//2013 2018//2018
f 2012//2012 2018//2018 2017//2017
f 2025//2025 2027//2027 2026//2026
f 2025//2025 2028//2028 2027//2027
f 2012//2012 2028//2028 2025//2025
f 2012//2012 2025//2025 2017//2017
f 2013//2013 2026//2026 2027//2027
f 2013//2013 2027//2027 2018//2018
f 2013//2013 2014//2014 2019//2019
f 2013//2013 2019//2019 2018//2018
f 2029//2029 2031//2031 2030//2030
f 2029//2029 2032//2032 2031//2031
f 2013//2013 2032//2032 2029//2029
f 2013//2013 2029//2029 2018//2018
f 2014//2014 2030//2030 2031//2031
f 2014//2014 2031//2031 2019//2019
f 2014//2014 2015//2015 2020//2020
f 2014//2014 2020//2020 2019//2019
f 2033//2033 2035//2035 2034//2034
f 2033//2033 2036//2036 2035//2035
f 2014//2014 2036//2036 2033//2033
f 2014//2014 2033//2033 2019//2019
f 2015//2015 2034//2034 2035//2035
f 2015//2015 2035//2035 2020//2020
f 2015//2015 2011//2011 2016//2016
f 2015//2015 2016//2016 2020//2020
f 2037//2037 2039//2039 2038//2038
f 2037//2037 2040//2040 2039//2039
f 2015//2015 2040//2040 2037//2037
f 2015//2015 2037//2037 2020//2020
f 2011//2011 2038//2038 2039//2039
f 2011//2011 2039//2039 2016//2016