# OBJ File - 3D Floor Plan Model
# Generated by export_obj.py
# Vertices: 2040
# Faces: 3224

mtllib diagnostic.mtl

# Vertices
v 8.390698 7.016611 0.000000
v 7.952159 9.881728 0.000000
v 16.664452 11.138870 0.000000
v 16.752159 5.905648 0.000000
v 13.068439 5.554817 0.000000
v 12.629900 6.490365 0.000000
v 10.554153 5.613289 0.000000
v 8.390698 7.016611 2.500000
v 7.952159 9.881728 2.500000
v 16.664452 11.138870 2.500000
v 16.752159 5.905648 2.500000
v 13.068439 5.554817 2.500000
v 12.629900 6.490365 2.500000
v 10.554153 5.613289 2.500000
v 8.291849 7.001481 0.000000
v 7.853311 9.866598 0.000000
v 7.853311 9.866598 2.500000
v 8.291849 7.001481 2.500000
v 7.937878 9.980702 0.000000
v 16.650170 11.237845 0.000000
v 16.650170 11.237845 2.500000
v 7.937878 9.980702 2.500000
v 16.764438 11.140546 0.000000
v 16.852145 5.907324 0.000000
v 16.852145 5.907324 2.500000
v 16.764438 11.140546 2.500000
v 16.761640 5.806098 0.000000
v 13.077919 5.455268 0.000000
v 13.077919 5.455268 2.500000
v 16.761640 5.806098 2.500000
v 12.977893 5.512374 0.000000
v 12.539354 6.447922 0.000000
v 12.539354 6.447922 2.500000
v 12.977893 5.512374 2.500000
v 12.668822 6.398251 0.000000
v 10.593074 5.521174 0.000000
v 10.593074 5.521174 2.500000
v 12.668822 6.398251 2.500000
v 10.499734 5.529393 0.000000
v 8.336279 6.932715 0.000000
v 8.336279 6.932715 2.500000
v 10.499734 5.529393 2.500000
v 31.136213 23.651827 0.000000
v 30.931561 24.002658 0.000000
v 30.931561 24.441196 0.000000
v 31.136213 24.675083 0.000000
v 31.136213 25.084385 0.000000
v 31.457807 25.376744 0.000000
v 31.545515 24.090365 0.000000
v 31.457807 23.710299 0.000000
v 31.136213 23.651827 2.500000
v 30.931561 24.002658 2.500000
v 30.931561 24.441196 2.500000
v 31.136213 24.675083 2.500000
v 31.136213 25.084385 2.500000
v 31.457807 25.376744 2.500000
v 31.545515 24.090365 2.500000
v 31.457807 23.710299 2.500000
v 31.049835 23.601440 0.000000
v 30.845184 23.952271 0.000000
v 30.845184 23.952271 2.500000
v 31.049835 23.601440 2.500000
v 30.831561 24.002658 0.000000
v 30.831561 24.441196 0.000000
v 30.831561 24.441196 2.500000
v 30.831561 24.002658 2.500000
v 30.856304 24.507046 0.000000
v 31.060955 24.740934 0.000000
v 31.060955 24.740934 2.500000
v 30.856304 24.507046 2.500000
v 31.036213 24.675083 0.000000
v 31.036213 25.084385 0.000000
v 31.036213 25.084385 2.500000
v 31.036213 24.675083 2.500000
v 31.068945 25.158379 0.000000
v 31.390540 25.450738 0.000000
v 31.390540 25.450738 2.500000
v 31.068945 25.158379 2.500000
v 31.557576 25.383547 0.000000
v 31.645283 24.097168 0.000000
v 31.645283 24.097168 2.500000
v 31.557576 25.383547 2.500000
v 31.642954 24.067879 0.000000
v 31.555246 23.687813 0.000000
v 31.555246 23.687813 2.500000
v 31.642954 24.067879 2.500000
v 31.475696 23.611912 0.000000
v 31.154101 23.553440 0.000000
v 31.154101 23.553440 2.500000
v 31.475696 23.611912 2.500000
v 19.646512 23.856478 0.000000
v 10.641860 23.944186 0.000000
v 10.554153 32.714950 0.000000
v 19.558804 32.714950 0.000000
v 19.646512 23.856478 2.500000
v 10.641860 23.944186 2.500000
v 10.554153 32.714950 2.500000
v 19.558804 32.714950 2.500000
v 19.645538 23.756483 0.000000
v 10.640886 23.844191 0.000000
v 10.640886 23.844191 2.500000
v 19.645538 23.756483 2.500000
v 10.541865 23.943186 0.000000
v 10.454158 32.713950 0.000000
v 10.454158 32.713950 2.500000
v 10.541865 23.943186 2.500000
v 10.554153 32.814950 0.000000
v 19.558804 32.814950 0.000000
v 19.558804 32.814950 2.500000
v 10.554153 32.814950 2.500000
v 19.658799 32.715940 0.000000
v 19.746507 23.857468 0.000000
v 19.746507 23.857468 2.500000
v 19.658799 32.715940 2.500000
v 30.376080 23.710299 0.000000
v 21.196013 24.002658 0.000000
v 21.108306 32.481063 0.000000
v 30.200664 33.153488 0.000000
v 30.376080 23.710299 2.500000
v 21.196013 24.002658 2.500000
v 21.108306 32.481063 2.500000
v 30.200664 33.153488 2.500000
v 30.372897 23.610350 0.000000
v 21.192830 23.902708 0.000000
v 21.192830 23.902708 2.500000
v 30.372897 23.610350 2.500000
v 21.096019 24.001623 0.000000
v 21.008311 32.480029 0.000000
v 21.008311 32.480029 2.500000
v 21.096019 24.001623 2.500000
v 21.100930 32.580791 0.000000
v 30.193289 33.253216 0.000000
v 30.193289 33.253216 2.500000
v 21.100930 32.580791 2.500000
v 30.300647 33.155346 0.000000
v 30.476062 23.712156 0.000000
v 30.476062 23.712156 2.500000
v 30.300647 33.155346 2.500000
v 32.890365 5.613289 0.000000
v 23.184053 5.905648 0.000000
v 23.534884 17.190698 0.000000
v 33.182724 16.459801 0.000000
v 32.890365 5.613289 2.500000
v 23.184053 5.905648 2.500000
v 23.534884 17.190698 2.500000
v 33.182724 16.459801 2.500000
v 32.887355 5.513334 0.000000
v 23.181042 5.805693 0.000000
v 23.181042 5.805693 2.500000
v 32.887355 5.513334 2.500000
v 23.084101 5.908755 0.000000
v 23.434932 17.193805 0.000000
v 23.434932 17.193805 2.500000
v 23.084101 5.908755 2.500000
v 23.542438 17.290412 0.000000
v 33.190278 16.559515 0.000000
v 33.190278 16.559515 2.500000
v 23.542438 17.290412 2.500000
v 33.282688 16.457106 0.000000
v 32.990329 5.610595 0.000000
v 32.990329 5.610595 2.500000
v 33.282688 16.457106 2.500000
v 10.115615 34.147508 0.000000
v 10.115615 35.433887 0.000000
v 26.136877 35.053821 0.000000
v 26.049169 33.855150 0.000000
v 10.115615 34.147508 2.500000
v 10.115615 35.433887 2.500000
v 26.136877 35.053821 2.500000
v 26.049169 33.855150 2.500000
v 10.015615 34.147508 0.000000
v 10.015615 35.433887 0.000000
v 10.015615 35.433887 2.500000
v 10.015615 34.147508 2.500000
v 10.117986 35.533859 0.000000
v 26.139249 35.153792 0.000000
v 26.139249 35.153792 2.500000
v 10.117986 35.533859 2.500000
v 26.236610 35.046523 0.000000
v 26.148903 33.847852 0.000000
v 26.148903 33.847852 2.500000
v 26.236610 35.046523 2.500000
v 26.047335 33.755166 0.000000
v 10.113780 34.047525 0.000000
v 10.113780 34.047525 2.500000
v 26.047335 33.755166 2.500000
v 17.570764 22.160797 0.000000
v 17.512292 22.160797 0.000000
v 17.395349 22.306977 0.000000
v 17.307641 22.306977 0.000000
v 17.307641 22.423920 0.000000
v 17.219934 22.453156 0.000000
v 17.132226 22.716279 0.000000
v 17.395349 22.657807 0.000000
v 17.395349 22.540864 0.000000
v 17.570764 22.423920 0.000000
v 17.570764 22.160797 2.500000
v 17.512292 22.160797 2.500000
v 17.395349 22.306977 2.500000
v 17.307641 22.306977 2.500000
v 17.307641 22.423920 2.500000
v 17.219934 22.453156 2.500000
v 17.132226 22.716279 2.500000
v 17.395349 22.657807 2.500000
v 17.395349 22.540864 2.500000
v 17.570764 22.423920 2.500000
v 17.570764 22.060797 0.000000
v 17.512292 22.060797 0.000000
v 17.512292 22.060797 2.500000
v 17.570764 22.060797 2.500000
v 17.434205 22.098328 0.000000
v 17.317262 22.244507 0.000000
v 17.317262 22.244507 2.500000
v 17.434205 22.098328 2.500000
v 17.395349 22.206977 0.000000
v 17.307641 22.206977 0.000000
v 17.307641 22.206977 2.500000
v 17.395349 22.206977 2.500000
v 17.207641 22.306977 0.000000
v 17.207641 22.423920 0.000000
v 17.207641 22.423920 2.500000
v 17.207641 22.306977 2.500000
v 17.276018 22.329052 0.000000
v 17.188311 22.358288 0.000000
v 17.188311 22.358288 2.500000
v 17.276018 22.329052 2.500000
v 17.125065 22.421533 0.000000
v 17.037358 22.684656 0.000000
v 17.037358 22.684656 2.500000
v 17.125065 22.421533 2.500000
v 17.153919 22.813898 0.000000
v 17.417042 22.755426 0.000000
v 17.417042 22.755426 2.500000
v 17.153919 22.813898 2.500000
v 17.495349 22.657807 0.000000
v 17.495349 22.540864 0.000000
v 17.495349 22.540864 2.500000
v 17.495349 22.657807 2.500000
v 17.450819 22.624069 0.000000
v 17.626234 22.507125 0.000000
v 17.626234 22.507125 2.500000
v 17.450819 22.624069 2.500000
v 17.670764 22.423920 0.000000
v 17.670764 22.160797 0.000000
v 17.670764 22.160797 2.500000
v 17.670764 22.423920 2.500000
v 28.592691 17.658472 0.000000
v 28.592691 17.716944 0.000000
v 28.504983 17.746179 0.000000
v 28.504983 17.921595 0.000000
v 28.563455 17.921595 0.000000
v 28.592691 18.009302 0.000000
v 28.738870 18.067774 0.000000
v 28.738870 17.950831 0.000000
v 28.826578 17.921595 0.000000
v 28.826578 17.746179 0.000000
v 28.768106 17.746179 0.000000
v 28.738870 17.658472 0.000000
v 28.592691 17.658472 2.500000
v 28.592691 17.716944 2.500000
v 28.504983 17.746179 2.500000
v 28.504983 17.921595 2.500000
v 28.563455 17.921595 2.500000
v 28.592691 18.009302 2.500000
v 28.738870 18.067774 2.500000
v 28.738870 17.950831 2.500000
v 28.826578 17.921595 2.500000
v 28.826578 17.746179 2.500000
v 28.768106 17.746179 2.500000
v 28.738870 17.658472 2.500000
v 28.492691 17.658472 0.000000
v 28.492691 17.716944 0.000000
v 28.492691 17.716944 2.500000
v 28.492691 17.658472 2.500000
v 28.561068 17.622075 0.000000
v 28.473361 17.651311 0.000000
v 28.473361 17.651311 2.500000
v 28.561068 17.622075 2.500000
v 28.404983 17.746179 0.000000
v 28.404983 17.921595 0.000000
v 28.404983 17.921595 2.500000
v 28.404983 17.746179 2.500000
v 28.504983 18.021595 0.000000
v 28.563455 18.021595 0.000000
v 28.563455 18.021595 2.500000
v 28.504983 18.021595 2.500000
v 28.468587 17.953217 0.000000
v 28.497823 18.040925 0.000000
v 28.497823 18.040925 2.500000
v 28.468587 17.953217 2.500000
v 28.555552 18.102150 0.000000
v 28.701731 18.160622 0.000000
v 28.701731 18.160622 2.500000
v 28.555552 18.102150 2.500000
v 28.838870 18.067774 0.000000
v 28.838870 17.950831 0.000000
v 28.838870 17.950831 2.500000
v 28.838870 18.067774 2.500000
v 28.770493 18.045699 0.000000
v 28.858201 18.016463 0.000000
v 28.858201 18.016463 2.500000
v 28.770493 18.045699 2.500000
v 28.926578 17.921595 0.000000
v 28.926578 17.746179 0.000000
v 28.926578 17.746179 2.500000
v 28.926578 17.921595 2.500000
v 28.826578 17.646179 0.000000
v 28.768106 17.646179 0.000000
v 28.768106 17.646179 2.500000
v 28.826578 17.646179 2.500000
v 28.862975 17.714557 0.000000
v 28.833739 17.626849 0.000000
v 28.833739 17.626849 2.500000
v 28.862975 17.714557 2.500000
v 28.738870 17.558472 0.000000
v 28.592691 17.558472 0.000000
v 28.592691 17.558472 2.500000
v 28.738870 17.558472 2.500000
v 17.044518 13.068439 0.000000
v 16.956811 13.331561 0.000000
v 17.015282 13.331561 0.000000
v 17.044518 13.419269 0.000000
v 17.190698 13.419269 0.000000
v 17.307641 13.565449 0.000000
v 17.483056 13.565449 0.000000
v 17.483056 13.360797 0.000000
v 17.307641 13.302326 0.000000
v 17.278405 13.214618 0.000000
v 17.044518 13.068439 2.500000
v 16.956811 13.331561 2.500000
v 17.015282 13.331561 2.500000
v 17.044518 13.419269 2.500000
v 17.190698 13.419269 2.500000
v 17.307641 13.565449 2.500000
v 17.483056 13.565449 2.500000
v 17.483056 13.360797 2.500000
v 17.307641 13.302326 2.500000
v 17.278405 13.214618 2.500000
v 16.949650 13.036816 0.000000
v 16.861942 13.299939 0.000000
v 16.861942 13.299939 2.500000
v 16.949650 13.036816 2.500000
v 16.956811 13.431561 0.000000
v 17.015282 13.431561 0.000000
v 17.015282 13.431561 2.500000
v 16.956811 13.431561 2.500000
v 16.920414 13.363184 0.000000
v 16.949650 13.450892 0.000000
v 16.949650 13.450892 2.500000
v 16.920414 13.363184 2.500000
v 17.044518 13.519269 0.000000
v 17.190698 13.519269 0.000000
v 17.190698 13.519269 2.500000
v 17.044518 13.519269 2.500000
v 17.112611 13.481739 0.000000
v 17.229554 13.627918 0.000000
v 17.229554 13.627918 2.500000
v 17.112611 13.481739 2.500000
v 17.307641 13.665448 0.000000
v 17.483056 13.665448 0.000000
v 17.483056 13.665448 2.500000
v 17.307641 13.665448 2.500000
v 17.583056 13.565449 0.000000
v 17.583056 13.360797 0.000000
v 17.583056 13.360797 2.500000
v 17.583056 13.565449 2.500000
v 17.514679 13.265929 0.000000
v 17.339264 13.207457 0.000000
v 17.339264 13.207457 2.500000
v 17.514679 13.265929 2.500000
v 17.402510 13.270703 0.000000
v 17.373274 13.182995 0.000000
v 17.373274 13.182995 2.500000
v 17.402510 13.270703 2.500000
v 17.331405 13.129818 0.000000
v 17.097518 12.983639 0.000000
v 17.097518 12.983639 2.500000
v 17.331405 13.129818 2.500000
v 12.717608 12.249834 0.000000
v 12.951495 12.542193 0.000000
v 13.068439 12.396013 0.000000
v 14.237874 12.454485 0.000000
v 15.319601 12.103654 0.000000
v 13.448505 11.752824 0.000000
v 13.068439 11.811296 0.000000
v 12.717608 12.249834 2.500000
v 12.951495 12.542193 2.500000
v 13.068439 12.396013 2.500000
v 14.237874 12.454485 2.500000
v 15.319601 12.103654 2.500000
v 13.448505 11.752824 2.500000
v 13.068439 11.811296 2.500000
v 12.639521 12.312303 0.000000
v 12.873408 12.604662 0.000000
v 12.873408 12.604662 2.500000
v 12.639521 12.312303 2.500000
v 13.029582 12.604662 0.000000
v 13.146525 12.458483 0.000000
v 13.146525 12.458483 2.500000
v 13.029582 12.604662 2.500000
v 13.063445 12.495889 0.000000
v 14.232880 12.554360 0.000000
v 14.232880 12.554360 2.500000
v 13.063445 12.495889 2.500000
v 14.268724 12.549607 0.000000
v 15.350452 12.198777 0.000000
v 15.350452 12.198777 2.500000
v 14.268724 12.549607 2.500000
v 15.338030 12.005367 0.000000
v 13.466934 11.654537 0.000000
v 13.466934 11.654537 2.500000
v 15.338030 12.005367 2.500000
v 13.433299 11.653987 0.000000
v 13.053233 11.712459 0.000000
v 13.053233 11.712459 2.500000
v 13.433299 11.653987 2.500000
v 12.990352 11.748826 0.000000
v 12.639521 12.187364 0.000000
v 12.639521 12.187364 2.500000
v 12.990352 11.748826 2.500000
v 17.044518 5.700997 0.000000
v 18.038538 22.657807 0.000000
v 32.276412 23.184053 0.000000
v 33.358140 33.065781 0.000000
v 35.697010 16.108970 0.000000
v 29.411296 22.599336 0.000000
v 28.037209 17.219934 0.000000
v 20.552824 15.845847 0.000000
v 20.640532 5.993355 0.000000
v 17.044518 5.700997 2.500000
v 18.038538 22.657807 2.500000
v 32.276412 23.184053 2.500000
v 33.358140 33.065781 2.500000
v 35.697010 16.108970 2.500000
v 29.411296 22.599336 2.500000
v 28.037209 17.219934 2.500000
v 20.552824 15.845847 2.500000
v 20.640532 5.993355 2.500000
v 16.944690 5.706849 0.000000
v 17.938710 22.663659 0.000000
v 17.938710 22.663659 2.500000
v 16.944690 5.706849 2.500000
v 18.034845 22.757739 0.000000
v 32.272718 23.283985 0.000000
v 32.272718 23.283985 2.500000
v 18.034845 22.757739 2.500000
v 32.177006 23.194935 0.000000
v 33.258733 33.076662 0.000000
v 33.258733 33.076662 2.500000
v 32.177006 23.194935 2.500000
v 33.457202 33.079444 0.000000
v 35.796072 16.122634 0.000000
v 35.796072 16.122634 2.500000
v 33.457202 33.079444 2.500000
v 35.625176 16.039401 0.000000
v 29.339462 22.529766 0.000000
v 29.339462 22.529766 2.500000
v 35.625176 16.039401 2.500000
v 29.508185 22.574587 0.000000
v 28.134098 17.195185 0.000000
v 28.134098 17.195185 2.500000
v 29.508185 22.574587 2.500000
v 28.055267 17.121577 0.000000
v 20.570881 15.747491 0.000000
v 20.570881 15.747491 2.500000
v 28.055267 17.121577 2.500000
v 20.652820 15.846737 0.000000
v 20.740528 5.994246 0.000000
v 20.740528 5.994246 2.500000
v 20.652820 15.846737 2.500000
v 20.648635 5.893684 0.000000
v 17.052622 5.601326 0.000000
v 17.052622 5.601326 2.500000
v 20.648635 5.893684 2.500000
v 10.086379 5.700997 0.000000
v 5.233223 6.344186 0.000000
v 4.882392 10.612625 0.000000
v 6.314950 13.799336 0.000000
v 13.945515 11.489701 0.000000
v 7.922924 9.881728 0.000000
v 8.361462 7.016611 0.000000
v 10.086379 5.700997 2.500000
v 5.233223 6.344186 2.500000
v 4.882392 10.612625 2.500000
v 6.314950 13.799336 2.500000
v 13.945515 11.489701 2.500000
v 7.922924 9.881728 2.500000
v 8.361462 7.016611 2.500000
v 10.073241 5.601863 0.000000
v 5.220084 6.245053 0.000000
v 5.220084 6.245053 2.500000
v 10.073241 5.601863 2.500000
v 5.133559 6.335994 0.000000
v 4.782728 10.604433 0.000000
v 4.782728 10.604433 2.500000
v 5.133559 6.335994 2.500000
v 4.791184 10.653626 0.000000
v 6.223742 13.840337 0.000000
v 6.223742 13.840337 2.500000
v 4.791184 10.653626 2.500000
v 6.343920 13.895047 0.000000
v 13.974485 11.585413 0.000000
v 13.974485 11.585413 2.500000
v 6.343920 13.895047 2.500000
v 13.971310 11.393085 0.000000
v 7.948719 9.785112 0.000000
v 7.948719 9.785112 2.500000
v 13.971310 11.393085 2.500000
v 8.021772 9.896857 0.000000
v 8.460311 7.031741 0.000000
v 8.460311 7.031741 2.500000
v 8.021772 9.896857 2.500000
v 8.422107 7.096124 0.000000
v 10.147024 5.780509 0.000000
v 10.147024 5.780509 2.500000
v 8.422107 7.096124 2.500000
v 33.270432 33.095017 0.000000
v 31.487043 32.598007 0.000000
v 30.902326 33.475083 0.000000
v 27.072425 33.182724 0.000000
v 26.078405 33.767442 0.000000
v 25.815282 35.521595 0.000000
v 32.802658 35.872425 0.000000
v 33.533555 35.141528 0.000000
v 33.270432 33.095017 2.500000
v 31.487043 32.598007 2.500000
v 30.902326 33.475083 2.500000
v 27.072425 33.182724 2.500000
v 26.078405 33.767442 2.500000
v 25.815282 35.521595 2.500000
v 32.802658 35.872425 2.500000
v 33.533555 35.141528 2.500000
v 33.297278 32.998687 0.000000
v 31.513889 32.501678 0.000000
v 31.513889 32.501678 2.500000
v 33.297278 32.998687 2.500000
v 31.403838 32.542537 0.000000
v 30.819121 33.419613 0.000000
v 30.819121 33.419613 2.500000
v 31.403838 32.542537 2.500000
v 30.909937 33.375373 0.000000
v 27.080037 33.083014 0.000000
v 27.080037 33.083014 2.500000
v 30.909937 33.375373 2.500000
v 27.021723 33.096531 0.000000
v 26.027703 33.681248 0.000000
v 26.027703 33.681248 2.500000
v 27.021723 33.096531 2.500000
v 25.979512 33.752608 0.000000
v 25.716389 35.506761 0.000000
v 25.716389 35.506761 2.500000
v 25.979512 33.752608 2.500000
v 25.810268 35.621469 0.000000
v 32.797643 35.972299 0.000000
v 32.797643 35.972299 2.500000
v 25.810268 35.621469 2.500000
v 32.873368 35.943136 0.000000
v 33.604265 35.212239 0.000000
v 33.604265 35.212239 2.500000
v 32.873368 35.943136 2.500000
v 33.632738 35.128776 0.000000
v 33.369615 33.082264 0.000000
v 33.369615 33.082264 2.500000
v 33.632738 35.128776 2.500000
v 8.215282 23.505648 0.000000
v 7.484385 24.295017 0.000000
v 7.572093 35.141528 0.000000
v 8.800000 35.726246 0.000000
v 10.261794 35.229236 0.000000
v 10.875748 33.007309 0.000000
v 10.700332 24.002658 0.000000
v 8.215282 23.505648 2.500000
v 7.484385 24.295017 2.500000
v 7.572093 35.141528 2.500000
v 8.800000 35.726246 2.500000
v 10.261794 35.229236 2.500000
v 10.875748 33.007309 2.500000
v 10.700332 24.002658 2.500000
v 8.141906 23.437707 0.000000
v 7.411009 24.227076 0.000000
v 7.411009 24.227076 2.500000
v 8.141906 23.437707 2.500000
v 7.384389 24.295825 0.000000
v 7.472096 35.142337 0.000000
v 7.472096 35.142337 2.500000
v 7.384389 24.295825 2.500000
v 7.529100 35.231814 0.000000
v 8.757007 35.816532 0.000000
v 8.757007 35.816532 2.500000
v 7.529100 35.231814 2.500000
v 8.832190 35.820923 0.000000
v 10.293984 35.323913 0.000000
v 10.293984 35.323913 2.500000
v 8.832190 35.820923 2.500000
v 10.358182 35.255869 0.000000
v 10.972136 33.033943 0.000000
v 10.972136 33.033943 2.500000
v 10.358182 35.255869 2.500000
v 10.975729 33.005361 0.000000
v 10.800313 24.000710 0.000000
v 10.800313 24.000710 2.500000
v 10.975729 33.005361 2.500000
v 10.719944 23.904600 0.000000
v 8.234894 23.407590 0.000000
v 8.234894 23.407590 2.500000
v 10.719944 23.904600 2.500000
v 22.160797 14.764120 0.000000
v 22.073090 14.851827 0.000000
v 21.371429 14.851827 0.000000
v 21.371429 15.348837 0.000000
v 21.809967 15.495017 0.000000
v 22.160797 15.056478 0.000000
v 22.160797 14.764120 2.500000
v 22.073090 14.851827 2.500000
v 21.371429 14.851827 2.500000
v 21.371429 15.348837 2.500000
v 21.809967 15.495017 2.500000
v 22.160797 15.056478 2.500000
v 22.090087 14.693409 0.000000
v 22.002379 14.781117 0.000000
v 22.002379 14.781117 2.500000
v 22.090087 14.693409 2.500000
v 22.073090 14.751827 0.000000
v 21.371429 14.751827 0.000000
v 21.371429 14.751827 2.500000
v 22.073090 14.751827 2.500000
v 21.271429 14.851827 0.000000
v 21.271429 15.348837 0.000000
v 21.271429 15.348837 2.500000
v 21.271429 14.851827 2.500000
v 21.339806 15.443706 0.000000
v 21.778344 15.589885 0.000000
v 21.778344 15.589885 2.500000
v 21.339806 15.443706 2.500000
v 21.888054 15.557486 0.000000
v 22.238884 15.118948 0.000000
v 22.238884 15.118948 2.500000
v 21.888054 15.557486 2.500000
v 22.260797 15.056478 0.000000
v 22.260797 14.764120 0.000000
v 22.260797 14.764120 2.500000
v 22.260797 15.056478 2.500000
v 17.190698 12.600664 0.000000
v 16.752159 12.103654 0.000000
v 13.448505 12.425249 0.000000
v 17.190698 12.600664 2.500000
v 16.752159 12.103654 2.500000
v 13.448505 12.425249 2.500000
v 17.265681 12.534502 0.000000
v 16.827143 12.037492 0.000000
v 16.827143 12.037492 2.500000
v 17.265681 12.534502 2.500000
v 16.742471 12.004125 0.000000
v 13.438816 12.325720 0.000000
v 13.438816 12.325720 2.500000
v 16.742471 12.004125 2.500000
v 13.443823 12.525139 0.000000
v 17.186015 12.700555 0.000000
v 17.186015 12.700555 2.500000
v 13.443823 12.525139 2.500000
v 5.145515 11.460465 0.000000
v 5.057807 11.635880 0.000000
v 5.233223 11.899003 0.000000
v 5.320930 12.542193 0.000000
v 5.730233 12.542193 0.000000
v 5.730233 12.103654 0.000000
v 5.934884 11.899003 0.000000
v 5.759468 11.899003 0.000000
v 5.554817 11.606645 0.000000
v 5.145515 11.460465 2.500000
v 5.057807 11.635880 2.500000
v 5.233223 11.899003 2.500000
v 5.320930 12.542193 2.500000
v 5.730233 12.542193 2.500000
v 5.730233 12.103654 2.500000
v 5.934884 11.899003 2.500000
v 5.759468 11.899003 2.500000
v 5.554817 11.606645 2.500000
v 5.056072 11.415744 0.000000
v 4.968365 11.591159 0.000000
v 4.968365 11.591159 2.500000
v 5.056072 11.415744 2.500000
v 4.974602 11.691350 0.000000
v 5.150018 11.954473 0.000000
v 5.150018 11.954473 2.500000
v 4.974602 11.691350 2.500000
v 5.134140 11.912515 0.000000
v 5.221847 12.555704 0.000000
v 5.221847 12.555704 2.500000
v 5.134140 11.912515 2.500000
v 5.320930 12.642193 0.000000
v 5.730233 12.642193 0.000000
v 5.730233 12.642193 2.500000
v 5.320930 12.642193 2.500000
v 5.830233 12.542193 0.000000
v 5.830233 12.103654 0.000000
v 5.830233 12.103654 2.500000
v 5.830233 12.542193 2.500000
v 5.800943 12.174365 0.000000
v 6.005594 11.969714 0.000000
v 6.005594 11.969714 2.500000
v 5.800943 12.174365 2.500000
v 5.934884 11.799003 0.000000
v 5.759468 11.799003 0.000000
v 5.759468 11.799003 2.500000
v 5.934884 11.799003 2.500000
v 5.841392 11.841657 0.000000
v 5.636740 11.549298 0.000000
v 5.636740 11.549298 2.500000
v 5.841392 11.841657 2.500000
v 5.588451 11.512470 0.000000
v 5.179149 11.366291 0.000000
v 5.179149 11.366291 2.500000
v 5.588451 11.512470 2.500000
v 20.026578 5.759468 0.000000
v 20.669767 5.993355 0.000000
v 20.026578 7.689037 0.000000
v 20.377409 11.635880 0.000000
v 22.160797 11.723588 0.000000
v 22.891694 9.940199 0.000000
v 23.154817 12.074419 0.000000
v 23.154817 5.993355 0.000000
v 20.026578 5.759468 2.500000
v 20.669767 5.993355 2.500000
v 20.026578 7.689037 2.500000
v 20.377409 11.635880 2.500000
v 22.160797 11.723588 2.500000
v 22.891694 9.940199 2.500000
v 23.154817 12.074419 2.500000
v 23.154817 5.993355 2.500000
v 19.992404 5.853448 0.000000
v 20.635593 6.087335 0.000000
v 20.635593 6.087335 2.500000
v 19.992404 5.853448 2.500000
v 20.576268 5.957890 0.000000
v 19.933078 7.653571 0.000000
v 19.933078 7.653571 2.500000
v 20.576268 5.957890 2.500000
v 19.926971 7.697891 0.000000
v 20.277801 11.644734 0.000000
v 20.277801 11.644734 2.500000
v 19.926971 7.697891 2.500000
v 20.372497 11.735760 0.000000
v 22.155885 11.823467 0.000000
v 22.155885 11.823467 2.500000
v 20.372497 11.735760 2.500000
v 22.253328 11.761510 0.000000
v 22.984225 9.978122 0.000000
v 22.984225 9.978122 2.500000
v 22.253328 11.761510 2.500000
v 22.792446 9.952435 0.000000
v 23.055569 12.086655 0.000000
v 23.055569 12.086655 2.500000
v 22.792446 9.952435 2.500000
v 23.254817 12.074419 0.000000
v 23.254817 5.993355 0.000000
v 23.254817 5.993355 2.500000
v 23.254817 12.074419 2.500000
v 23.162273 5.893634 0.000000
v 20.034034 5.659747 0.000000
v 20.034034 5.659747 2.500000
v 23.162273 5.893634 2.500000
v 33.358140 16.839867 0.000000
v 28.768106 17.132226 0.000000
v 27.686379 18.097010 0.000000
v 29.323588 22.511628 0.000000
v 34.059801 20.962126 0.000000
v 34.264452 18.038538 0.000000
v 33.358140 16.839867 2.500000
v 28.768106 17.132226 2.500000
v 27.686379 18.097010 2.500000
v 29.323588 22.511628 2.500000
v 34.059801 20.962126 2.500000
v 34.264452 18.038538 2.500000
v 33.351783 16.740069 0.000000
v 28.761750 17.032428 0.000000
v 28.761750 17.032428 2.500000
v 33.351783 16.740069 2.500000
v 28.701545 17.057596 0.000000
v 27.619817 18.022380 0.000000
v 27.619817 18.022380 2.500000
v 28.701545 17.057596 2.500000
v 27.592619 18.131782 0.000000
v 29.229828 22.546400 0.000000
v 29.229828 22.546400 2.500000
v 27.592619 18.131782 2.500000
v 29.354682 22.606671 0.000000
v 34.090895 21.057169 0.000000
v 34.090895 21.057169 2.500000
v 29.354682 22.606671 2.500000
v 34.159557 20.969109 0.000000
v 34.364208 18.045521 0.000000
v 34.364208 18.045521 2.500000
v 34.159557 20.969109 2.500000
v 34.344218 17.978227 0.000000
v 33.437905 16.779556 0.000000
v 33.437905 16.779556 2.500000
v 34.344218 17.978227 2.500000
v 17.395349 13.594684 0.000000
v 13.068439 12.425249 0.000000
v 6.665781 14.851827 0.000000
v 8.039867 23.534884 0.000000
v 17.015282 23.476412 0.000000
v 18.652492 18.652492 0.000000
v 17.395349 13.594684 2.500000
v 13.068439 12.425249 2.500000
v 6.665781 14.851827 2.500000
v 8.039867 23.534884 2.500000
v 17.015282 23.476412 2.500000
v 18.652492 18.652492 2.500000
v 17.421440 13.498148 0.000000
v 13.094529 12.328713 0.000000
v 13.094529 12.328713 2.500000
v 17.421440 13.498148 2.500000
v 13.032999 12.331740 0.000000
v 6.630341 14.758318 0.000000
v 6.630341 14.758318 2.500000
v 13.032999 12.331740 2.500000
v 6.567010 14.867458 0.000000
v 7.941096 23.550514 0.000000
v 7.941096 23.550514 2.500000
v 6.567010 14.867458 2.500000
v 8.040519 23.634882 0.000000
v 17.015934 23.576410 0.000000
v 17.015934 23.576410 2.500000
v 8.040519 23.634882 2.500000
v 17.109977 23.508551 0.000000
v 18.747186 18.684631 0.000000
v 18.747186 18.684631 2.500000
v 17.109977 23.508551 2.500000
v 18.749539 18.628370 0.000000
v 17.492396 13.570563 0.000000
v 17.492396 13.570563 2.500000
v 18.749539 18.628370 2.500000
v 16.693688 12.863787 0.000000
v 16.693688 12.980731 0.000000
v 16.605980 13.009967 0.000000
v 16.605980 13.126910 0.000000
v 16.752159 13.126910 0.000000
v 16.781395 13.185382 0.000000
v 17.015282 13.185382 0.000000
v 17.015282 13.068439 0.000000
v 17.102990 13.039203 0.000000
v 17.102990 12.922259 0.000000
v 16.869103 12.922259 0.000000
v 16.839867 12.863787 0.000000
v 16.693688 12.863787 2.500000
v 16.693688 12.980731 2.500000
v 16.605980 13.009967 2.500000
v 16.605980 13.126910 2.500000
v 16.752159 13.126910 2.500000
v 16.781395 13.185382 2.500000
v 17.015282 13.185382 2.500000
v 17.015282 13.068439 2.500000
v 17.102990 13.039203 2.500000
v 17.102990 12.922259 2.500000
v 16.869103 12.922259 2.500000
v 16.839867 12.863787 2.500000
v 16.593688 12.863787 0.000000
v 16.593688 12.980731 0.000000
v 16.593688 12.980731 2.500000
v 16.593688 12.863787 2.500000
v 16.662065 12.885863 0.000000
v 16.574357 12.915098 0.000000
v 16.574357 12.915098 2.500000
v 16.662065 12.885863 2.500000
v 16.505980 13.009967 0.000000
v 16.505980 13.126910 0.000000
v 16.505980 13.126910 2.500000
v 16.505980 13.009967 2.500000
v 16.605980 13.226910 0.000000
v 16.752159 13.226910 0.000000
v 16.752159 13.226910 2.500000
v 16.605980 13.226910 2.500000
v 16.662717 13.171632 0.000000
v 16.691953 13.230103 0.000000
v 16.691953 13.230103 2.500000
v 16.662717 13.171632 2.500000
v 16.781395 13.285382 0.000000
v 17.015282 13.285382 0.000000
v 17.015282 13.285382 2.500000
v 16.781395 13.285382 2.500000
v 17.115282 13.185382 0.000000
v 17.115282 13.068439 0.000000
v 17.115282 13.068439 2.500000
v 17.115282 13.185382 2.500000
v 17.046905 13.163307 0.000000
v 17.134613 13.134071 0.000000
v 17.134613 13.134071 2.500000
v 17.046905 13.163307 2.500000
v 17.202990 13.039203 0.000000
v 17.202990 12.922259 0.000000
v 17.202990 12.922259 2.500000
v 17.202990 13.039203 2.500000
v 17.102990 12.822259 0.000000
v 16.869103 12.822259 0.000000
v 16.869103 12.822259 2.500000
v 17.102990 12.822259 2.500000
v 16.958546 12.877538 0.000000
v 16.929310 12.819066 0.000000
v 16.929310 12.819066 2.500000
v 16.958546 12.877538 2.500000
v 16.839867 12.763787 0.000000
v 16.693688 12.763787 0.000000
v 16.693688 12.763787 2.500000
v 16.839867 12.763787 2.500000
v 20.932890 10.407973 0.000000
v 21.108306 10.846512 0.000000
v 21.371429 10.671096 0.000000
v 21.634551 10.671096 0.000000
v 22.073090 10.466445 0.000000
v 21.809967 10.349502 0.000000
v 21.196013 10.349502 0.000000
v 21.166777 10.261794 0.000000
v 20.932890 10.407973 2.500000
v 21.108306 10.846512 2.500000
v 21.371429 10.671096 2.500000
v 21.634551 10.671096 2.500000
v 22.073090 10.466445 2.500000
v 21.809967 10.349502 2.500000
v 21.196013 10.349502 2.500000
v 21.166777 10.261794 2.500000
v 20.840043 10.445112 0.000000
v 21.015458 10.883651 0.000000
v 21.015458 10.883651 2.500000
v 20.840043 10.445112 2.500000
v 21.163776 10.929717 0.000000
v 21.426899 10.754301 0.000000
v 21.426899 10.754301 2.500000
v 21.163776 10.929717 2.500000
v 21.371429 10.771096 0.000000
v 21.634551 10.771096 0.000000
v 21.634551 10.771096 2.500000
v 21.371429 10.771096 2.500000
v 21.676840 10.761715 0.000000
v 22.115378 10.557063 0.000000
v 22.115378 10.557063 2.500000
v 21.676840 10.761715 2.500000
v 22.113704 10.375064 0.000000
v 21.850581 10.258121 0.000000
v 21.850581 10.258121 2.500000
v 22.113704 10.375064 2.500000
v 21.809967 10.249502 0.000000
v 21.196013 10.249502 0.000000
v 21.196013 10.249502 2.500000
v 21.809967 10.249502 2.500000
v 21.290882 10.317879 0.000000
v 21.261646 10.230171 0.000000
v 21.261646 10.230171 2.500000
v 21.290882 10.317879 2.500000
v 21.113778 10.176994 0.000000
v 20.879890 10.323174 0.000000
v 20.879890 10.323174 2.500000
v 21.113778 10.176994 2.500000
v 22.891694 9.969435 0.000000
v 22.160797 11.752824 0.000000
v 20.494352 11.811296 0.000000
v 20.026578 14.471761 0.000000
v 20.757475 16.079734 0.000000
v 22.540864 16.810631 0.000000
v 23.154817 16.372093 0.000000
v 22.891694 9.969435 2.500000
v 22.160797 11.752824 2.500000
v 20.494352 11.811296 2.500000
v 20.026578 14.471761 2.500000
v 20.757475 16.079734 2.500000
v 22.540864 16.810631 2.500000
v 23.154817 16.372093 2.500000
v 22.799164 9.931513 0.000000
v 22.068267 11.714902 0.000000
v 22.068267 11.714902 2.500000
v 22.799164 9.931513 2.500000
v 22.157291 11.652885 0.000000
v 20.490846 11.711357 0.000000
v 20.490846 11.711357 2.500000
v 22.157291 11.652885 2.500000
v 20.395863 11.793979 0.000000
v 19.928089 14.454444 0.000000
v 19.928089 14.454444 2.500000
v 20.395863 11.793979 2.500000
v 19.935541 14.513141 0.000000
v 20.666438 16.121115 0.000000
v 20.666438 16.121115 2.500000
v 19.935541 14.513141 2.500000
v 20.719553 16.172265 0.000000
v 22.502941 16.903162 0.000000
v 22.502941 16.903162 2.500000
v 20.719553 16.172265 2.500000
v 22.598988 16.892005 0.000000
v 23.212941 16.453466 0.000000
v 23.212941 16.453466 2.500000
v 22.598988 16.892005 2.500000
v 23.254733 16.367987 0.000000
v 22.991610 9.965329 0.000000
v 22.991610 9.965329 2.500000
v 23.254733 16.367987 2.500000
v 33.007309 28.154153 0.000000
v 33.007309 28.651163 0.000000
v 33.387375 29.118937 0.000000
v 33.211960 29.849834 0.000000
v 33.358140 30.990033 0.000000
v 33.708970 30.493023 0.000000
v 33.621262 28.212625 0.000000
v 33.007309 28.154153 2.500000
v 33.007309 28.651163 2.500000
v 33.387375 29.118937 2.500000
v 33.211960 29.849834 2.500000
v 33.358140 30.990033 2.500000
v 33.708970 30.493023 2.500000
v 33.621262 28.212625 2.500000
v 32.907309 28.154153 0.000000
v 32.907309 28.651163 0.000000
v 32.907309 28.651163 2.500000
v 32.907309 28.154153 2.500000
v 32.929698 28.714222 0.000000
v 33.309764 29.181996 0.000000
v 33.309764 29.181996 2.500000
v 32.929698 28.714222 2.500000
v 33.290137 29.095600 0.000000
v 33.114721 29.826497 0.000000
v 33.114721 29.826497 2.500000
v 33.290137 29.095600 2.500000
v 33.112772 29.862550 0.000000
v 33.258951 31.002750 0.000000
v 33.258951 31.002750 2.500000
v 33.112772 29.862550 2.500000
v 33.439836 31.047702 0.000000
v 33.790667 30.550692 0.000000
v 33.790667 30.550692 2.500000
v 33.439836 31.047702 2.500000
v 33.808896 30.489180 0.000000
v 33.721189 28.208781 0.000000
v 33.721189 28.208781 2.500000
v 33.808896 30.489180 2.500000
v 33.630743 28.113075 0.000000
v 33.016790 28.054603 0.000000
v 33.016790 28.054603 2.500000
v 33.630743 28.113075 2.500000
v 33.475083 25.639867 0.000000
v 33.475083 25.698339 0.000000
v 33.387375 25.727575 0.000000
v 33.387375 26.049169 0.000000
v 33.475083 26.078405 0.000000
v 33.475083 26.195349 0.000000
v 33.533555 26.195349 0.000000
v 33.562791 26.283056 0.000000
v 33.708970 26.341528 0.000000
v 33.708970 26.166113 0.000000
v 33.621262 26.136877 0.000000
v 33.621262 25.932226 0.000000
v 33.533555 25.902990 0.000000
v 33.533555 25.639867 0.000000
v 33.475083 25.639867 2.500000
v 33.475083 25.698339 2.500000
v 33.387375 25.727575 2.500000
v 33.387375 26.049169 2.500000
v 33.475083 26.078405 2.500000
v 33.475083 26.195349 2.500000
v 33.533555 26.195349 2.500000
v 33.562791 26.283056 2.500000
v 33.708970 26.341528 2.500000
v 33.708970 26.166113 2.500000
v 33.621262 26.136877 2.500000
v 33.621262 25.932226 2.500000
v 33.533555 25.902990 2.500000
v 33.533555 25.639867 2.500000
v 33.375083 25.639867 0.000000
v 33.375083 25.698339 0.000000
v 33.375083 25.698339 2.500000
v 33.375083 25.639867 2.500000
v 33.443460 25.603471 0.000000
v 33.355753 25.632706 0.000000
v 33.355753 25.632706 2.500000
v 33.443460 25.603471 2.500000
v 33.287375 25.727575 0.000000
v 33.287375 26.049169 0.000000
v 33.287375 26.049169 2.500000
v 33.287375 25.727575 2.500000
v 33.355753 26.144038 0.000000
v 33.443460 26.173274 0.000000
v 33.443460 26.173274 2.500000
v 33.355753 26.144038 2.500000
v 33.375083 26.078405 0.000000
v 33.375083 26.195349 0.000000
v 33.375083 26.195349 2.500000
v 33.375083 26.078405 2.500000
v 33.475083 26.295349 0.000000
v 33.533555 26.295349 0.000000
v 33.533555 26.295349 2.500000
v 33.475083 26.295349 2.500000
v 33.438686 26.226972 0.000000
v 33.467922 26.314679 0.000000
v 33.467922 26.314679 2.500000
v 33.438686 26.226972 2.500000
v 33.525652 26.375904 0.000000
v 33.671831 26.434376 0.000000
v 33.671831 26.434376 2.500000
v 33.525652 26.375904 2.500000
v 33.808970 26.341528 0.000000
v 33.808970 26.166113 0.000000
v 33.808970 26.166113 2.500000
v 33.808970 26.341528 2.500000
v 33.740593 26.071245 0.000000
v 33.652885 26.042009 0.000000
v 33.652885 26.042009 2.500000
v 33.740593 26.071245 2.500000
v 33.721262 26.136877 0.000000
v 33.721262 25.932226 0.000000
v 33.721262 25.932226 2.500000
v 33.721262 26.136877 2.500000
v 33.652885 25.837358 0.000000
v 33.565178 25.808122 0.000000
v 33.565178 25.808122 2.500000
v 33.652885 25.837358 2.500000
v 33.633555 25.902990 0.000000
v 33.633555 25.639867 0.000000
v 33.633555 25.639867 2.500000
v 33.633555 25.902990 2.500000
v 33.533555 25.539867 0.000000
v 33.475083 25.539867 0.000000
v 33.475083 25.539867 2.500000
v 33.533555 25.539867 2.500000
v 33.007309 22.687043 0.000000
v 32.744186 23.242525 0.000000
v 33.211960 23.944186 0.000000
v 33.211960 24.792027 0.000000
v 33.387375 25.172093 0.000000
v 33.796678 25.172093 0.000000
v 33.621262 24.002658 0.000000
v 34.264452 23.125581 0.000000
v 33.007309 22.687043 2.500000
v 32.744186 23.242525 2.500000
v 33.211960 23.944186 2.500000
v 33.211960 24.792027 2.500000
v 33.387375 25.172093 2.500000
v 33.796678 25.172093 2.500000
v 33.621262 24.002658 2.500000
v 34.264452 23.125581 2.500000
v 32.916935 22.644235 0.000000
v 32.653812 23.199716 0.000000
v 32.653812 23.199716 2.500000
v 32.916935 22.644235 2.500000
v 32.660981 23.297995 0.000000
v 33.128755 23.999656 0.000000
v 33.128755 23.999656 2.500000
v 32.660981 23.297995 2.500000
v 33.111960 23.944186 0.000000
v 33.111960 24.792027 0.000000
v 33.111960 24.792027 2.500000
v 33.111960 23.944186 2.500000
v 33.121164 24.833932 0.000000
v 33.296579 25.213999 0.000000
v 33.296579 25.213999 2.500000
v 33.121164 24.833932 2.500000
v 33.387375 25.272093 0.000000
v 33.796678 25.272093 0.000000
v 33.796678 25.272093 2.500000
v 33.387375 25.272093 2.500000
v 33.895571 25.157259 0.000000
v 33.720156 23.987824 0.000000
v 33.720156 23.987824 2.500000
v 33.895571 25.157259 2.500000
v 33.701903 24.061794 0.000000
v 34.345092 23.184718 0.000000
v 34.345092 23.184718 2.500000
v 33.701903 24.061794 2.500000
v 34.297389 23.031161 0.000000
v 33.040246 22.592623 0.000000
v 33.040246 22.592623 2.500000
v 34.297389 23.031161 2.500000
v 10.641860 33.328904 0.000000
v 27.130897 33.358140 0.000000
v 21.079070 32.481063 0.000000
v 20.991362 24.295017 0.000000
v 29.469767 23.242525 0.000000
v 30.902326 33.445847 0.000000
v 31.282392 23.067110 0.000000
v 17.775415 21.722259 0.000000
v 19.675748 32.627243 0.000000
v 10.641860 33.328904 2.500000
v 27.130897 33.358140 2.500000
v 21.079070 32.481063 2.500000
v 20.991362 24.295017 2.500000
v 29.469767 23.242525 2.500000
v 30.902326 33.445847 2.500000
v 31.282392 23.067110 2.500000
v 17.775415 21.722259 2.500000
v 19.675748 32.627243 2.500000
v 10.641683 33.428903 0.000000
v 27.130720 33.458139 0.000000
v 27.130720 33.458139 2.500000
v 10.641683 33.428903 2.500000
v 27.145240 33.259173 0.000000
v 21.093413 32.382097 0.000000
v 21.093413 32.382097 2.500000
v 27.145240 33.259173 2.500000
v 21.179064 32.479992 0.000000
v 21.091356 24.293945 0.000000
v 21.091356 24.293945 2.500000
v 21.179064 32.479992 2.500000
v 21.003681 24.394255 0.000000
v 29.482087 23.341763 0.000000
v 29.482087 23.341763 2.500000
v 21.003681 24.394255 2.500000
v 29.370739 23.256429 0.000000
v 30.803297 33.459751 0.000000
v 30.803297 33.459751 2.500000
v 29.370739 23.256429 2.500000
v 31.002259 33.449507 0.000000
v 31.382325 23.070769 0.000000
v 31.382325 23.070769 2.500000
v 31.002259 33.449507 2.500000
v 31.292300 22.967602 0.000000
v 17.785323 21.622751 0.000000
v 17.785323 21.622751 2.500000
v 31.292300 22.967602 2.500000
v 17.676900 21.739427 0.000000
v 19.577232 32.644410 0.000000
v 19.577232 32.644410 2.500000
v 17.676900 21.739427 2.500000
v 19.668004 32.527543 0.000000
v 10.634117 33.229204 0.000000
v 10.634117 33.229204 2.500000
v 19.668004 32.527543 2.500000
v 33.387375 21.196013 0.000000
v 33.358140 21.283721 0.000000
v 33.124252 21.429900 0.000000
v 33.124252 21.546844 0.000000
v 33.182724 21.546844 0.000000
v 33.211960 21.634551 0.000000
v 33.358140 21.634551 0.000000
v 33.445847 21.693023 0.000000
v 33.445847 21.429900 0.000000
v 33.533555 21.400664 0.000000
v 33.533555 21.342193 0.000000
v 33.475083 21.342193 0.000000
v 33.445847 21.196013 0.000000
v 33.387375 21.196013 2.500000
v 33.358140 21.283721 2.500000
v 33.124252 21.429900 2.500000
v 33.124252 21.546844 2.500000
v 33.182724 21.546844 2.500000
v 33.211960 21.634551 2.500000
v 33.358140 21.634551 2.500000
v 33.445847 21.693023 2.500000
v 33.445847 21.429900 2.500000
v 33.533555 21.400664 2.500000
v 33.533555 21.342193 2.500000
v 33.475083 21.342193 2.500000
v 33.445847 21.196013 2.500000
v 33.292507 21.164391 0.000000
v 33.263271 21.252098 0.000000
v 33.263271 21.252098 2.500000
v 33.292507 21.164391 2.500000
v 33.305140 21.198921 0.000000
v 33.071253 21.345101 0.000000
v 33.071253 21.345101 2.500000
v 33.305140 21.198921 2.500000
v 33.024253 21.429900 0.000000
v 33.024253 21.546844 0.000000
v 33.024253 21.546844 2.500000
v 33.024253 21.429900 2.500000
v 33.124252 21.646844 0.000000
v 33.182724 21.646844 0.000000
v 33.182724 21.646844 2.500000
v 33.124252 21.646844 2.500000
v 33.087856 21.578467 0.000000
v 33.117092 21.666174 0.000000
v 33.117092 21.666174 2.500000
v 33.087856 21.578467 2.500000
v 33.211960 21.734551 0.000000
v 33.358140 21.734551 0.000000
v 33.358140 21.734551 2.500000
v 33.211960 21.734551 2.500000
v 33.302670 21.717757 0.000000
v 33.390377 21.776228 0.000000
v 33.390377 21.776228 2.500000
v 33.302670 21.717757 2.500000
v 33.545847 21.693023 0.000000
v 33.545847 21.429900 0.000000
v 33.545847 21.429900 2.500000
v 33.545847 21.693023 2.500000
v 33.477470 21.524769 0.000000
v 33.565178 21.495533 0.000000
v 33.565178 21.495533 2.500000
v 33.477470 21.524769 2.500000
v 33.633555 21.400664 0.000000
v 33.633555 21.342193 0.000000
v 33.633555 21.342193 2.500000
v 33.633555 21.400664 2.500000
v 33.533555 21.242193 0.000000
v 33.475083 21.242193 0.000000
v 33.475083 21.242193 2.500000
v 33.533555 21.242193 2.500000
v 33.573141 21.322581 0.000000
v 33.543905 21.176402 0.000000
v 33.543905 21.176402 2.500000
v 33.573141 21.322581 2.500000
v 33.445847 21.096013 0.000000
v 33.387375 21.096013 0.000000
v 33.387375 21.096013 2.500000
v 33.445847 21.096013 2.500000
v 34.615282 20.552824 0.000000
v 34.556811 20.552824 0.000000
v 34.527575 20.465116 0.000000
v 34.381395 20.465116 0.000000
v 34.352159 20.552824 0.000000
v 34.205980 20.611296 0.000000
v 34.205980 20.728239 0.000000
v 34.089037 20.757475 0.000000
v 34.089037 20.874419 0.000000
v 34.527575 20.815947 0.000000
v 34.527575 20.611296 0.000000
v 34.615282 20.552824 2.500000
v 34.556811 20.552824 2.500000
v 34.527575 20.465116 2.500000
v 34.381395 20.465116 2.500000
v 34.352159 20.552824 2.500000
v 34.205980 20.611296 2.500000
v 34.205980 20.728239 2.500000
v 34.089037 20.757475 2.500000
v 34.089037 20.874419 2.500000
v 34.527575 20.815947 2.500000
v 34.527575 20.611296 2.500000
v 34.615282 20.452824 0.000000
v 34.556811 20.452824 0.000000
v 34.556811 20.452824 2.500000
v 34.615282 20.452824 2.500000
v 34.651679 20.521201 0.000000
v 34.622443 20.433494 0.000000
v 34.622443 20.433494 2.500000
v 34.651679 20.521201 2.500000
v 34.527575 20.365116 0.000000
v 34.381395 20.365116 0.000000
v 34.381395 20.365116 2.500000
v 34.527575 20.365116 2.500000
v 34.286527 20.433494 0.000000
v 34.257291 20.521201 0.000000
v 34.257291 20.521201 2.500000
v 34.286527 20.433494 2.500000
v 34.315020 20.459976 0.000000
v 34.168841 20.518448 0.000000
v 34.168841 20.518448 2.500000
v 34.315020 20.459976 2.500000
v 34.105980 20.611296 0.000000
v 34.105980 20.728239 0.000000
v 34.105980 20.728239 2.500000
v 34.105980 20.611296 2.500000
v 34.181727 20.631225 0.000000
v 34.064783 20.660461 0.000000
v 34.064783 20.660461 2.500000
v 34.181727 20.631225 2.500000
v 33.989037 20.757475 0.000000
v 33.989037 20.874419 0.000000
v 33.989037 20.874419 2.500000
v 33.989037 20.757475 2.500000
v 34.102253 20.973541 0.000000
v 34.540791 20.915070 0.000000
v 34.540791 20.915070 2.500000
v 34.102253 20.973541 2.500000
v 34.627575 20.815947 0.000000
v 34.627575 20.611296 0.000000
v 34.627575 20.611296 2.500000
v 34.627575 20.815947 2.500000
v 34.583045 20.694501 0.000000
v 34.670752 20.636029 0.000000
v 34.670752 20.636029 2.500000
v 34.583045 20.694501 2.500000
v 26.136877 17.804651 0.000000
v 25.873754 17.600000 0.000000
v 25.698339 17.600000 0.000000
v 25.259801 17.892359 0.000000
v 25.172093 18.155482 0.000000
v 25.405980 18.213953 0.000000
v 25.435216 18.301661 0.000000
v 25.873754 18.301661 0.000000
v 26.136877 18.067774 0.000000
v 26.136877 17.804651 2.500000
v 25.873754 17.600000 2.500000
v 25.698339 17.600000 2.500000
v 25.259801 17.892359 2.500000
v 25.172093 18.155482 2.500000
v 25.405980 18.213953 2.500000
v 25.435216 18.301661 2.500000
v 25.873754 18.301661 2.500000
v 26.136877 18.067774 2.500000
v 26.198271 17.725716 0.000000
v 25.935148 17.521065 0.000000
v 25.935148 17.521065 2.500000
v 26.198271 17.725716 2.500000
v 25.873754 17.500000 0.000000
v 25.698339 17.500000 0.000000
v 25.698339 17.500000 2.500000
v 25.873754 17.500000 2.500000
v 25.642869 17.516795 0.000000
v 25.204331 17.809154 0.000000
v 25.204331 17.809154 2.500000
v 25.642869 17.516795 2.500000
v 25.164932 17.860736 0.000000
v 25.077225 18.123859 0.000000
v 25.077225 18.123859 2.500000
v 25.164932 17.860736 2.500000
v 25.147839 18.252496 0.000000
v 25.381727 18.310968 0.000000
v 25.381727 18.310968 2.500000
v 25.147839 18.252496 2.500000
v 25.311112 18.245576 0.000000
v 25.340348 18.333284 0.000000
v 25.340348 18.333284 2.500000
v 25.311112 18.245576 2.500000
v 25.435216 18.401661 0.000000
v 25.873754 18.401661 0.000000
v 25.873754 18.401661 2.500000
v 25.435216 18.401661 2.500000
v 25.940191 18.376402 0.000000
v 26.203313 18.142515 0.000000
v 26.203313 18.142515 2.500000
v 25.940191 18.376402 2.500000
v 26.236877 18.067774 0.000000
v 26.236877 17.804651 0.000000
v 26.236877 17.804651 2.500000
v 26.236877 18.067774 2.500000
v 28.388040 17.073754 0.000000
v 27.978738 17.132226 0.000000
v 28.066445 17.336877 0.000000
v 27.978738 17.366113 0.000000
v 27.891030 17.775415 0.000000
v 27.774086 17.804651 0.000000
v 27.774086 18.009302 0.000000
v 28.037209 18.009302 0.000000
v 28.212625 17.863123 0.000000
v 28.212625 17.658472 0.000000
v 28.388040 17.395349 0.000000
v 28.388040 17.073754 2.500000
v 27.978738 17.132226 2.500000
v 28.066445 17.336877 2.500000
v 27.978738 17.366113 2.500000
v 27.891030 17.775415 2.500000
v 27.774086 17.804651 2.500000
v 27.774086 18.009302 2.500000
v 28.037209 18.009302 2.500000
v 28.212625 17.863123 2.500000
v 28.212625 17.658472 2.500000
v 28.388040 17.395349 2.500000
v 28.373898 16.974759 0.000000
v 27.964595 17.033231 0.000000
v 27.964595 17.033231 2.500000
v 28.373898 16.974759 2.500000
v 27.886823 17.171618 0.000000
v 27.974531 17.376269 0.000000
v 27.974531 17.376269 2.500000
v 27.886823 17.171618 2.500000
v 28.034822 17.242009 0.000000
v 27.947115 17.271245 0.000000
v 27.947115 17.271245 2.500000
v 28.034822 17.242009 2.500000
v 27.880957 17.345160 0.000000
v 27.793250 17.754462 0.000000
v 27.793250 17.754462 2.500000
v 27.880957 17.345160 2.500000
v 27.866776 17.678401 0.000000
v 27.749833 17.707637 0.000000
v 27.749833 17.707637 2.500000
v 27.866776 17.678401 2.500000
v 27.674086 17.804651 0.000000
v 27.674086 18.009302 0.000000
v 27.674086 18.009302 2.500000
v 27.674086 17.804651 2.500000
v 27.774086 18.109302 0.000000
v 28.037209 18.109302 0.000000
v 28.037209 18.109302 2.500000
v 27.774086 18.109302 2.500000
v 28.101228 18.086124 0.000000
v 28.276643 17.939945 0.000000
v 28.276643 17.939945 2.500000
v 28.101228 18.086124 2.500000
v 28.312625 17.863123 0.000000
v 28.312625 17.658472 0.000000
v 28.312625 17.658472 2.500000
v 28.312625 17.863123 2.500000
v 28.295830 17.713942 0.000000
v 28.471245 17.450819 0.000000
v 28.471245 17.450819 2.500000
v 28.295830 17.713942 2.500000
v 28.488040 17.395349 0.000000
v 28.488040 17.073754 0.000000
v 28.488040 17.073754 2.500000
v 28.488040 17.395349 2.500000
v 17.775415 14.413289 0.000000
v 17.687708 15.787375 0.000000
v 17.833887 16.138206 0.000000
v 17.921595 15.728904 0.000000
v 18.184718 15.495017 0.000000
v 18.184718 15.144186 0.000000
v 17.833887 14.968771 0.000000
v 17.775415 14.413289 2.500000
v 17.687708 15.787375 2.500000
v 17.833887 16.138206 2.500000
v 17.921595 15.728904 2.500000
v 18.184718 15.495017 2.500000
v 18.184718 15.144186 2.500000
v 17.833887 14.968771 2.500000
v 17.675618 14.406919 0.000000
v 17.587911 15.781005 0.000000
v 17.587911 15.781005 2.500000
v 17.675618 14.406919 2.500000
v 17.595400 15.825837 0.000000
v 17.741579 16.176668 0.000000
v 17.741579 16.176668 2.500000
v 17.595400 15.825837 2.500000
v 17.931667 16.159159 0.000000
v 18.019375 15.749857 0.000000
v 18.019375 15.749857 2.500000
v 17.931667 16.159159 2.500000
v 17.988031 15.803645 0.000000
v 18.251154 15.569758 0.000000
v 18.251154 15.569758 2.500000
v 17.988031 15.803645 2.500000
v 18.284718 15.495017 0.000000
v 18.284718 15.144186 0.000000
v 18.284718 15.144186 2.500000
v 18.284718 15.495017 2.500000
v 18.229439 15.054743 0.000000
v 17.878608 14.879328 0.000000
v 17.878608 14.879328 2.500000
v 18.229439 15.054743 2.500000
v 17.933338 14.958302 0.000000
v 17.874866 14.402821 0.000000
v 17.874866 14.402821 2.500000
v 17.933338 14.958302 2.500000
v 33.884385 14.179402 0.000000
v 33.738206 14.179402 0.000000
v 33.738206 14.384053 0.000000
v 33.475083 14.617940 0.000000
v 33.299668 15.553488 0.000000
v 33.796678 15.553488 0.000000
v 33.972093 15.348837 0.000000
v 33.796678 14.910299 0.000000
v 33.972093 14.384053 0.000000
v 33.884385 14.179402 2.500000
v 33.738206 14.179402 2.500000
v 33.738206 14.384053 2.500000
v 33.475083 14.617940 2.500000
v 33.299668 15.553488 2.500000
v 33.796678 15.553488 2.500000
v 33.972093 15.348837 2.500000
v 33.796678 14.910299 2.500000
v 33.972093 14.384053 2.500000
v 33.884385 14.079402 0.000000
v 33.738206 14.079402 0.000000
v 33.738206 14.079402 2.500000
v 33.884385 14.079402 2.500000
v 33.638206 14.179402 0.000000
v 33.638206 14.384053 0.000000
v 33.638206 14.384053 2.500000
v 33.638206 14.179402 2.500000
v 33.671770 14.309312 0.000000
v 33.408647 14.543199 0.000000
v 33.408647 14.543199 2.500000
v 33.671770 14.309312 2.500000
v 33.376796 14.599511 0.000000
v 33.201381 15.535060 0.000000
v 33.201381 15.535060 2.500000
v 33.376796 14.599511 2.500000
v 33.299668 15.653488 0.000000
v 33.796678 15.653488 0.000000
v 33.796678 15.653488 2.500000
v 33.299668 15.653488 2.500000
v 33.872603 15.618568 0.000000
v 34.048019 15.413916 0.000000
v 34.048019 15.413916 2.500000
v 33.872603 15.618568 2.500000
v 34.064941 15.311698 0.000000
v 33.889525 14.873160 0.000000
v 33.889525 14.873160 2.500000
v 34.064941 15.311698 2.500000
v 33.891546 14.941922 0.000000
v 34.066961 14.415676 0.000000
v 34.066961 14.415676 2.500000
v 33.891546 14.941922 2.500000
v 34.064008 14.344661 0.000000
v 33.976300 14.140010 0.000000
v 33.976300 14.140010 2.500000
v 34.064008 14.344661 2.500000
v 9.384718 12.776080 0.000000
v 9.560133 13.126910 0.000000
v 9.823256 13.185382 0.000000
v 10.554153 13.039203 0.000000
v 11.080399 13.126910 0.000000
v 11.168106 12.893023 0.000000
v 11.080399 12.717608 0.000000
v 9.384718 12.776080 2.500000
v 9.560133 13.126910 2.500000
v 9.823256 13.185382 2.500000
v 10.554153 13.039203 2.500000
v 11.080399 13.126910 2.500000
v 11.168106 12.893023 2.500000
v 11.080399 12.717608 2.500000
v 9.295275 12.820801 0.000000
v 9.470690 13.171632 0.000000
v 9.470690 13.171632 2.500000
v 9.295275 12.820801 2.500000
v 9.538440 13.224529 0.000000
v 9.801563 13.283001 0.000000
v 9.801563 13.283001 2.500000
v 9.538440 13.224529 2.500000
v 9.842867 13.283440 0.000000
v 10.573764 13.137261 0.000000
v 10.573764 13.137261 2.500000
v 9.842867 13.283440 2.500000
v 10.537713 13.137842 0.000000
v 11.063959 13.225550 0.000000
v 11.063959 13.225550 2.500000
v 10.537713 13.137842 2.500000
v 11.174032 13.162023 0.000000
v 11.261739 12.928136 0.000000
v 11.261739 12.928136 2.500000
v 11.174032 13.162023 2.500000
v 11.257549 12.848302 0.000000
v 11.169841 12.672887 0.000000
v 11.169841 12.672887 2.500000
v 11.257549 12.848302 2.500000
v 11.076952 12.617667 0.000000
v 9.381271 12.676139 0.000000
v 9.381271 12.676139 2.500000
v 11.076952 12.617667 2.500000
v 12.951495 11.899003 0.000000
v 12.279070 11.899003 0.000000
v 12.366777 12.396013 0.000000
v 12.191362 12.688372 0.000000
v 12.366777 12.834551 0.000000
v 12.512957 12.834551 0.000000
v 12.425249 12.191362 0.000000
v 12.951495 11.899003 2.500000
v 12.279070 11.899003 2.500000
v 12.366777 12.396013 2.500000
v 12.191362 12.688372 2.500000
v 12.366777 12.834551 2.500000
v 12.512957 12.834551 2.500000
v 12.425249 12.191362 2.500000
v 12.951495 11.799003 0.000000
v 12.279070 11.799003 0.000000
v 12.279070 11.799003 2.500000
v 12.951495 11.799003 2.500000
v 12.180591 11.916382 0.000000
v 12.268299 12.413392 0.000000
v 12.268299 12.413392 2.500000
v 12.180591 11.916382 2.500000
v 12.281028 12.344564 0.000000
v 12.105613 12.636923 0.000000
v 12.105613 12.636923 2.500000
v 12.281028 12.344564 2.500000
v 12.127344 12.765194 0.000000
v 12.302759 12.911374 0.000000
v 12.302759 12.911374 2.500000
v 12.127344 12.765194 2.500000
v 12.366777 12.934551 0.000000
v 12.512957 12.934551 0.000000
v 12.512957 12.934551 2.500000
v 12.366777 12.934551 2.500000
v 12.612040 12.821040 0.000000
v 12.524332 12.177851 0.000000
v 12.524332 12.177851 2.500000
v 12.612040 12.821040 2.500000
v 12.473813 12.278778 0.000000
v 13.000059 11.986419 0.000000
v 13.000059 11.986419 2.500000
v 12.473813 12.278778 2.500000
v 35.609302 23.417940 0.000000
v 35.346179 23.213289 0.000000
v 34.966113 23.417940 0.000000
v 34.293688 23.359468 0.000000
v 33.650498 24.002658 0.000000
v 33.738206 24.645847 0.000000
v 34.644518 25.084385 0.000000
v 35.258472 24.938206 0.000000
v 35.697010 24.499668 0.000000
v 35.609302 23.417940 2.500000
v 35.346179 23.213289 2.500000
v 34.966113 23.417940 2.500000
v 34.293688 23.359468 2.500000
v 33.650498 24.002658 2.500000
v 33.738206 24.645847 2.500000
v 34.644518 25.084385 2.500000
v 35.258472 24.938206 2.500000
v 35.697010 24.499668 2.500000
v 35.670696 23.339005 0.000000
v 35.407573 23.134354 0.000000
v 35.407573 23.134354 2.500000
v 35.670696 23.339005 2.500000
v 35.298769 23.125242 0.000000
v 34.918703 23.329893 0.000000
v 34.918703 23.329893 2.500000
v 35.298769 23.125242 2.500000
v 34.974776 23.318316 0.000000
v 34.302351 23.259844 0.000000
v 34.302351 23.259844 2.500000
v 34.974776 23.318316 2.500000
v 34.222977 23.288758 0.000000
v 33.579788 23.931947 0.000000
v 33.579788 23.931947 2.500000
v 34.222977 23.288758 2.500000
v 33.551415 24.016169 0.000000
v 33.639123 24.659358 0.000000
v 33.639123 24.659358 2.500000
v 33.551415 24.016169 2.500000
v 33.694650 24.735863 0.000000
v 34.600962 25.174401 0.000000
v 34.600962 25.174401 2.500000
v 33.694650 24.735863 2.500000
v 34.667680 25.181666 0.000000
v 35.281634 25.035487 0.000000
v 35.281634 25.035487 2.500000
v 34.667680 25.181666 2.500000
v 35.329182 25.008917 0.000000
v 35.767721 24.570378 0.000000
v 35.767721 24.570378 2.500000
v 35.329182 25.008917 2.500000
v 35.796683 24.491586 0.000000
v 35.708975 23.409859 0.000000
v 35.708975 23.409859 2.500000
v 35.796683 24.491586 2.500000
v 34.469103 13.682392 0.000000
v 33.913621 14.413289 0.000000
v 34.001329 15.348837 0.000000
v 34.381395 15.436545 0.000000
v 34.469103 15.845847 0.000000
v 35.697010 16.079734 0.000000
v 35.346179 15.495017 0.000000
v 35.697010 14.910299 0.000000
v 35.609302 14.267110 0.000000
v 34.878405 13.682392 0.000000
v 34.469103 13.682392 2.500000
v 33.913621 14.413289 2.500000
v 34.001329 15.348837 2.500000
v 34.381395 15.436545 2.500000
v 34.469103 15.845847 2.500000
v 35.697010 16.079734 2.500000
v 35.346179 15.495017 2.500000
v 35.697010 14.910299 2.500000
v 35.609302 14.267110 2.500000
v 34.878405 13.682392 2.500000
v 34.389487 13.621884 0.000000
v 33.834005 14.352781 0.000000
v 33.834005 14.352781 2.500000
v 34.389487 13.621884 2.500000
v 33.814058 14.422623 0.000000
v 33.901765 15.358171 0.000000
v 33.901765 15.358171 2.500000
v 33.814058 14.422623 2.500000
v 33.978843 15.446276 0.000000
v 34.358909 15.533984 0.000000
v 34.358909 15.533984 2.500000
v 33.978843 15.446276 2.500000
v 34.283615 15.457498 0.000000
v 34.371323 15.866800 0.000000
v 34.371323 15.866800 2.500000
v 34.283615 15.457498 2.500000
v 34.450392 15.944081 0.000000
v 35.678299 16.177968 0.000000
v 35.678299 16.177968 2.500000
v 34.450392 15.944081 2.500000
v 35.782759 16.028285 0.000000
v 35.431929 15.443567 0.000000
v 35.431929 15.443567 2.500000
v 35.782759 16.028285 2.500000
v 35.431929 15.546466 0.000000
v 35.782759 14.961749 0.000000
v 35.782759 14.961749 2.500000
v 35.431929 15.546466 2.500000
v 35.796093 14.896788 0.000000
v 35.708385 14.253598 0.000000
v 35.708385 14.253598 2.500000
v 35.796093 14.896788 2.500000
v 35.671772 14.189023 0.000000
v 34.940875 13.604305 0.000000
v 34.940875 13.604305 2.500000
v 35.671772 14.189023 2.500000
v 34.878405 13.582392 0.000000
v 34.469103 13.582392 0.000000
v 34.469103 13.582392 2.500000
v 34.878405 13.582392 2.500000
v 3.332890 10.407973 0.000000
v 2.982060 10.934219 0.000000
v 3.069767 11.928239 0.000000
v 3.712957 12.542193 0.000000
v 5.291694 12.542193 0.000000
v 4.853156 10.495681 0.000000
v 3.332890 10.407973 2.500000
v 2.982060 10.934219 2.500000
v 3.069767 11.928239 2.500000
v 3.712957 12.542193 2.500000
v 5.291694 12.542193 2.500000
v 4.853156 10.495681 2.500000
v 3.249685 10.352503 0.000000
v 2.898855 10.878749 0.000000
v 2.898855 10.878749 2.500000
v 3.249685 10.352503 2.500000
v 2.882447 10.943009 0.000000
v 2.970154 11.937029 0.000000
v 2.970154 11.937029 2.500000
v 2.882447 10.943009 2.500000
v 3.000720 12.000575 0.000000
v 3.643909 12.614528 0.000000
v 3.643909 12.614528 2.500000
v 3.000720 12.000575 2.500000
v 3.712957 12.642193 0.000000
v 5.291694 12.642193 0.000000
v 5.291694 12.642193 2.500000
v 3.712957 12.642193 2.500000
v 5.389475 12.521240 0.000000
v 4.950936 10.474728 0.000000
v 4.950936 10.474728 2.500000
v 5.389475 12.521240 2.500000
v 4.858916 10.395847 0.000000
v 3.338650 10.308139 0.000000
v 3.338650 10.308139 2.500000
v 4.858916 10.395847 2.500000
v 33.708970 30.522259 0.000000
v 33.299668 31.019269 0.000000
v 33.475083 32.334884 0.000000
v 33.621262 32.334884 0.000000
v 33.621262 31.837874 0.000000
v 33.796678 31.662458 0.000000
v 33.708970 30.522259 2.500000
v 33.299668 31.019269 2.500000
v 33.475083 32.334884 2.500000
v 33.621262 32.334884 2.500000
v 33.621262 31.837874 2.500000
v 33.796678 31.662458 2.500000
v 33.631777 30.458688 0.000000
v 33.222475 30.955698 0.000000
v 33.222475 30.955698 2.500000
v 33.631777 30.458688 2.500000
v 33.200545 31.032485 0.000000
v 33.375960 32.348100 0.000000
v 33.375960 32.348100 2.500000
v 33.200545 31.032485 2.500000
v 33.475083 32.434884 0.000000
v 33.621262 32.434884 0.000000
v 33.621262 32.434884 2.500000
v 33.475083 32.434884 2.500000
v 33.721262 32.334884 0.000000
v 33.721262 31.837874 0.000000
v 33.721262 31.837874 2.500000
v 33.721262 32.334884 2.500000
v 33.691973 31.908584 0.000000
v 33.867388 31.733169 0.000000
v 33.867388 31.733169 2.500000
v 33.691973 31.908584 2.500000
v 33.896383 31.654789 0.000000
v 33.808676 30.514589 0.000000
v 33.808676 30.514589 2.500000
v 33.896383 31.654789 2.500000
v 6.578073 18.623256 0.000000
v 6.578073 20.201993 0.000000
v 6.841196 20.289701 0.000000
v 7.192027 19.997342 0.000000
v 7.279734 19.149502 0.000000
v 7.104319 19.032558 0.000000
v 7.016611 18.623256 0.000000
v 6.578073 18.623256 2.500000
v 6.578073 20.201993 2.500000
v 6.841196 20.289701 2.500000
v 7.192027 19.997342 2.500000
v 7.279734 19.149502 2.500000
v 7.104319 19.032558 2.500000
v 7.016611 18.623256 2.500000
v 6.478073 18.623256 0.000000
v 6.478073 20.201993 0.000000
v 6.478073 20.201993 2.500000
v 6.478073 18.623256 2.500000
v 6.546450 20.296862 0.000000
v 6.809573 20.384569 0.000000
v 6.809573 20.384569 2.500000
v 6.546450 20.296862 2.500000
v 6.905214 20.366523 0.000000
v 7.256045 20.074164 0.000000
v 7.256045 20.074164 2.500000
v 6.905214 20.366523 2.500000
v 7.291496 20.007632 0.000000
v 7.379203 19.159792 0.000000
v 7.379203 19.159792 2.500000
v 7.291496 20.007632 2.500000
v 7.335204 19.066297 0.000000
v 7.159789 18.949353 0.000000
v 7.159789 18.949353 2.500000
v 7.335204 19.066297 2.500000
v 7.202099 19.011605 0.000000
v 7.114392 18.602303 0.000000
v 7.114392 18.602303 2.500000
v 7.202099 19.011605 2.500000
v 7.016611 18.523256 0.000000
v 6.578073 18.523256 0.000000
v 6.578073 18.523256 2.500000
v 7.016611 18.523256 2.500000
v 33.387375 7.542857 0.000000
v 33.211960 11.577409 0.000000
v 33.475083 13.711628 0.000000
v 34.059801 14.296346 0.000000
v 34.439867 13.682392 0.000000
v 33.621262 12.893023 0.000000
v 33.884385 9.677076 0.000000
v 33.387375 7.542857 2.500000
v 33.211960 11.577409 2.500000
v 33.475083 13.711628 2.500000
v 34.059801 14.296346 2.500000
v 34.439867 13.682392 2.500000
v 33.621262 12.893023 2.500000
v 33.884385 9.677076 2.500000
v 33.287470 7.538513 0.000000
v 33.112055 11.573065 0.000000
v 33.112055 11.573065 2.500000
v 33.287470 7.538513 2.500000
v 33.112712 11.589645 0.000000
v 33.375834 13.723864 0.000000
v 33.375834 13.723864 2.500000
v 33.112712 11.589645 2.500000
v 33.404372 13.782339 0.000000
v 33.989090 14.367056 0.000000
v 33.989090 14.367056 2.500000
v 33.404372 13.782339 2.500000
v 34.144827 14.348981 0.000000
v 34.524894 13.735027 0.000000
v 34.524894 13.735027 2.500000
v 34.144827 14.348981 2.500000
v 34.509281 13.610408 0.000000
v 33.690676 12.821039 0.000000
v 33.690676 12.821039 2.500000
v 34.509281 13.610408 2.500000
v 33.720929 12.901178 0.000000
v 33.984052 9.685231 0.000000
v 33.984052 9.685231 2.500000
v 33.720929 12.901178 2.500000
v 33.981779 9.654396 0.000000
v 33.484769 7.520176 0.000000
v 33.484769 7.520176 2.500000
v 33.981779 9.654396 2.500000
v 12.980731 5.320930 0.000000
v 12.980731 5.525581 0.000000
v 13.711628 5.584053 0.000000
v 14.676412 5.437874 0.000000
v 14.676412 5.320930 0.000000
v 14.062458 5.320930 0.000000
v 13.857807 5.174751 0.000000
v 12.980731 5.320930 2.500000
v 12.980731 5.525581 2.500000
v 13.711628 5.584053 2.500000
v 14.676412 5.437874 2.500000
v 14.676412 5.320930 2.500000
v 14.062458 5.320930 2.500000
v 13.857807 5.174751 2.500000
v 12.880731 5.320930 0.000000
v 12.880731 5.525581 0.000000
v 12.880731 5.525581 2.500000
v 12.880731 5.320930 2.500000
v 12.972756 5.625263 0.000000
v 13.703653 5.683735 0.000000
v 13.703653 5.683735 2.500000
v 12.972756 5.625263 2.500000
v 13.726608 5.682925 0.000000
v 14.691392 5.536745 0.000000
v 14.691392 5.536745 2.500000
v 13.726608 5.682925 2.500000
v 14.776412 5.437874 0.000000
v 14.776412 5.320930 0.000000
v 14.776412 5.320930 2.500000
v 14.776412 5.437874 2.500000
v 14.676412 5.220930 0.000000
v 14.062458 5.220930 0.000000
v 14.062458 5.220930 2.500000
v 14.676412 5.220930 2.500000
v 14.120582 5.239557 0.000000
v 13.915931 5.093377 0.000000
v 13.915931 5.093377 2.500000
v 14.120582 5.239557 2.500000
v 13.841367 5.076111 0.000000
v 12.964291 5.222291 0.000000
v 12.964291 5.222291 2.500000
v 13.841367 5.076111 2.500000
v 20.348173 5.233223 0.000000
v 19.997342 5.028571 0.000000
v 18.038538 5.379402 0.000000
v 17.863123 5.730233 0.000000
v 20.348173 5.671761 0.000000
v 20.348173 5.233223 2.500000
v 19.997342 5.028571 2.500000
v 18.038538 5.379402 2.500000
v 17.863123 5.730233 2.500000
v 20.348173 5.671761 2.500000
v 20.398560 5.146845 0.000000
v 20.047729 4.942194 0.000000
v 20.047729 4.942194 2.500000
v 20.398560 5.146845 2.500000
v 19.979712 4.930138 0.000000
v 18.020908 5.280968 0.000000
v 18.020908 5.280968 2.500000
v 19.979712 4.930138 2.500000
v 17.949095 5.334681 0.000000
v 17.773680 5.685511 0.000000
v 17.773680 5.685511 2.500000
v 17.949095 5.334681 2.500000
v 17.865475 5.830205 0.000000
v 20.350525 5.771733 0.000000
v 20.350525 5.771733 2.500000
v 17.865475 5.830205 2.500000
v 20.448173 5.671761 0.000000
v 20.448173 5.233223 0.000000
v 20.448173 5.233223 2.500000
v 20.448173 5.671761 2.500000
v 25.435216 5.233223 0.000000
v 25.902990 5.671761 0.000000
v 30.902326 5.525581 0.000000
v 30.551495 4.882392 0.000000
v 26.984718 4.794684 0.000000
v 25.435216 5.233223 2.500000
v 25.902990 5.671761 2.500000
v 30.902326 5.525581 2.500000
v 30.551495 4.882392 2.500000
v 26.984718 4.794684 2.500000
v 25.366822 5.306176 0.000000
v 25.834596 5.744715 0.000000
v 25.834596 5.744715 2.500000
v 25.366822 5.306176 2.500000
v 25.905913 5.771718 0.000000
v 30.905248 5.625539 0.000000
v 30.905248 5.625539 2.500000
v 25.905913 5.771718 2.500000
v 30.990115 5.477696 0.000000
v 30.639285 4.834507 0.000000
v 30.639285 4.834507 2.500000
v 30.990115 5.477696 2.500000
v 30.553953 4.782422 0.000000
v 26.987176 4.694715 0.000000
v 26.987176 4.694715 2.500000
v 30.553953 4.782422 2.500000
v 26.957485 4.698464 0.000000
v 25.407984 5.137002 0.000000
v 25.407984 5.137002 2.500000
v 26.957485 4.698464 2.500000

# Normals
vn 0.000000 0.000000 -1.000000
vn 0.000000 0.000000 -1.000000
vn 0.000000 0.000000 -1.000000
vn 0.000000 0.000000 -1.000000
vn 0.000000 0.000000 -1.000000
vn 0.000000 0.000000 -1.000000
vn 0.000000 0.000000 -1.000000
vn 0.000000 0.000000 1.000000
vn 0.000000 0.000000 1.000000
vn 0.000000 0.000000 1.000000
vn 0.000000 0.000000 1.000000
vn 0.000000 0.000000 1.000000
vn 0.000000 0.000000 1.000000
vn 0.000000 0.000000 1.000000
vn 0.988488 0.151299 -0.000000
vn 0.988488 0.151299 -0.000000
vn 0.988488 0.151299 -0.000000
vn 0.988488 0.151299 -0.000000
vn 0.142816 -0.989749 -0.000000
vn 0.142816 -0.989749 -0.000000
vn 0.142816 -0.989749 -0.000000
vn 0.142816 -0.989749 -0.000000
vn -0.999860 -0.016757 -0.000000
vn -0.999860 -0.016757 -0.000000
vn -0.999860 -0.016757 -0.000000
vn -0.999860 -0.016757 -0.000000
vn -0.094809 0.995495 -0.000000
vn -0.094809 0.995495 -0.000000
vn -0.094809 0.995495 -0.000000
vn -0.094809 0.995495 -0.000000
vn 0.905459 0.424434 -0.000000
vn 0.905459 0.424434 -0.000000
vn 0.905459 0.424434 -0.000000
vn 0.905459 0.424434 -0.000000
vn -0.389217 0.921146 -0.000000
vn -0.389217 0.921146 -0.000000
vn -0.389217 0.921146 -0.000000
vn -0.389217 0.921146 -0.000000
vn 0.544191 0.838961 -0.000000
vn 0.544191 0.838961 -0.000000
vn 0.544191 0.838961 -0.000000
vn 0.544191 0.838961 -0.000000
vn 0.000000 0.000000 -1.000000
vn 0.000000 0.000000 -1.000000
vn 0.000000 0.000000 -1.000000
vn 0.000000 0.000000 -1.000000
vn 0.000000 0.000000 -1.000000
vn 0.000000 0.000000 -1.000000
vn 0.000000 0.000000 -1.000000
vn 0.000000 0.000000 -1.000000
vn 0.000000 0.000000 1.000000
vn 0.000000 0.000000 1.000000
vn 0.000000 0.000000 1.000000
vn 0.000000 0.000000 1.000000
vn 0.000000 0.000000 1.000000
vn 0.000000 0.000000 1.000000
vn 0.000000 0.000000 1.000000
vn 0.000000 0.000000 1.000000
vn 0.863779 0.503871 -0.000000
vn 0.863779 0.503871 -0.000000
vn 0.863779 0.503871 -0.000000
vn 0.863779 0.503871 -0.000000
vn 1.000000 -0.000000 -0.000000
vn 1.000000 -0.000000 -0.000000
vn 1.000000 -0.000000 -0.000000
vn 1.000000 -0.000000 -0.000000
vn 0.752577 -0.658505 -0.000000
vn 0.752577 -0.658505 -0.000000
vn 0.752577 -0.658505 -0.000000
vn 0.752577 -0.658505 -0.000000
vn 1.000000 -0.000000 -0.000000
vn 1.000000 -0.000000 -0.000000
vn 1.000000 -0.000000 -0.000000
vn 1.000000 -0.000000 -0.000000
vn 0.672673 -0.739940 -0.000000
vn 0.672673 -0.739940 -0.000000
vn 0.672673 -0.739940 -0.000000
vn 0.672673 -0.739940 -0.000000
vn -0.997684 -0.068024 -0.000000
vn -0.997684 -0.068024 -0.000000
vn -0.997684 -0.068024 -0.000000
vn -0.997684 -0.068024 -0.000000
vn -0.974391 0.224860 -0.000000
vn -0.974391 0.224860 -0.000000
vn -0.974391 0.224860 -0.000000
vn -0.974391 0.224860 -0.000000
vn -0.178885 0.983870 -0.000000
vn -0.178885 0.983870 -0.000000
vn -0.178885 0.983870 -0.000000
vn -0.178885 0.983870 -0.000000
vn 0.000000 0.000000 -1.000000
vn 0.000000 0.000000 -1.000000
vn 0.000000 0.000000 -1.000000
vn 0.000000 0.000000 -1.000000
vn 0.000000 0.000000 1.000000
vn 0.000000 0.000000 1.000000
vn 0.000000 0.000000 1.000000
vn 0.000000 0.000000 1.000000
vn 0.009740 0.999953 -0.000000
vn 0.009740 0.999953 -0.000000
vn 0.009740 0.999953 -0.000000
vn 0.009740 0.999953 -0.000000
vn 0.999950 0.010000 -0.000000
vn 0.999950 0.010000 -0.000000
vn 0.999950 0.010000 -0.000000
vn 0.999950 0.010000 -0.000000
vn 0.000000 -1.000000 -0.000000
vn 0.000000 -1.000000 -0.000000
vn 0.000000 -1.000000 -0.000000
vn 0.000000 -1.000000 -0.000000
vn -0.999951 -0.009901 -0.000000
vn -0.999951 -0.009901 -0.000000
vn -0.999951 -0.009901 -0.000000
vn -0.999951 -0.009901 -0.000000
vn 0.000000 0.000000 -1.000000
vn 0.000000 0.000000 -1.000000
vn 0.000000 0.000000 -1.000000
vn 0.000000 0.000000 -1.000000
vn 0.000000 0.000000 1.000000
vn 0.000000 0.000000 1.000000
vn 0.000000 0.000000 1.000000
vn 0.000000 0.000000 1.000000
vn 0.031831 0.999493 -0.000000
vn 0.031831 0.999493 -0.000000
vn 0.031831 0.999493 -0.000000
vn 0.031831 0.999493 -0.000000
vn 0.999946 0.010344 -0.000000
vn 0.999946 0.010344 -0.000000
vn 0.999946 0.010344 -0.000000
vn 0.999946 0.010344 -0.000000
vn 0.073754 -0.997276 -0.000000
vn 0.073754 -0.997276 -0.000000
vn 0.073754 -0.997276 -0.000000
vn 0.073754 -0.997276 -0.000000
vn -0.999828 -0.018573 -0.000000
vn -0.999828 -0.018573 -0.000000
vn -0.999828 -0.018573 -0.000000
vn -0.999828 -0.018573 -0.000000
vn 0.000000 0.000000 -1.000000
vn 0.000000 0.000000 -1.000000
vn 0.000000 0.000000 -1.000000
vn 0.000000 0.000000 -1.000000
vn 0.000000 0.000000 1.000000
vn 0.000000 0.000000 1.000000
vn 0.000000 0.000000 1.000000
vn 0.000000 0.000000 1.000000
vn 0.030107 0.999547 -0.000000
vn 0.030107 0.999547 -0.000000
vn 0.030107 0.999547 -0.000000
vn 0.030107 0.999547 -0.000000
vn 0.999517 -0.031073 -0.000000
vn 0.999517 -0.031073 -0.000000
vn 0.999517 -0.031073 -0.000000
vn 0.999517 -0.031073 -0.000000
vn -0.075541 -0.997143 -0.000000
vn -0.075541 -0.997143 -0.000000
vn -0.075541 -0.997143 -0.000000
vn -0.075541 -0.997143 -0.000000
vn -0.999637 0.026944 -0.000000
vn -0.999637 0.026944 -0.000000
vn -0.999637 0.026944 -0.000000
vn -0.999637 0.026944 -0.000000
vn 0.000000 0.000000 -1.000000
vn 0.000000 0.000000 -1.000000
vn 0.000000 0.000000 -1.000000
vn 0.000000 0.000000 -1.000000
vn 0.000000 0.000000 1.000000
vn 0.000000 0.000000 1.000000
vn 0.000000 0.000000 1.000000
vn 0.000000 0.000000 1.000000
vn 1.000000 -0.000000 -0.000000
vn 1.000000 -0.000000 -0.000000
vn 1.000000 -0.000000 -0.000000
vn 1.000000 -0.000000 -0.000000
vn -0.023716 -0.999719 -0.000000
vn -0.023716 -0.999719 -0.000000
vn -0.023716 -0.999719 -0.000000
vn -0.023716 -0.999719 -0.000000
vn -0.997334 0.072976 -0.000000
vn -0.997334 0.072976 -0.000000
vn -0.997334 0.072976 -0.000000
vn -0.997334 0.072976 -0.000000
vn 0.018346 0.999832 -0.000000
vn 0.018346 0.999832 -0.000000
vn 0.018346 0.999832 -0.000000
vn 0.018346 0.999832 -0.000000
vn 0.000000 0.000000 -1.000000
vn 0.000000 0.000000 -1.000000
vn 0.000000 0.000000 -1.000000
vn 0.000000 0.000000 -1.000000
vn 0.000000 0.000000 -1.000000
vn 0.000000 0.000000 -1.000000
vn 0.000000 0.000000 -1.000000
vn 0.000000 0.000000 -1.000000
vn 0.000000 0.000000 -1.000000
vn 0.000000 0.000000 -1.000000
vn 0.000000 0.000000 1.000000
vn 0.000000 0.000000 1.000000
vn 0.000000 0.000000 1.000000
vn 0.000000 0.000000 1.000000
vn 0.000000 0.000000 1.000000
vn 0.000000 0.000000 1.000000
vn 0.000000 0.000000 1.000000
vn 0.000000 0.000000 1.000000
vn 0.000000 0.000000 1.000000
vn 0.000000 0.000000 1.000000
vn 0.000000 1.000000 -0.000000
vn 0.000000 1.000000 -0.000000
vn 0.000000 1.000000 -0.000000
vn 0.000000 1.000000 -0.000000
vn 0.780869 0.624695 -0.000000
vn 0.780869 0.624695 -0.000000
vn 0.780869 0.624695 -0.000000
vn 0.780869 0.624695 -0.000000
vn 0.000000 1.000000 -0.000000
vn 0.000000 1.000000 -0.000000
vn 0.000000 1.000000 -0.000000
vn 0.000000 1.000000 -0.000000
vn 1.000000 -0.000000 -0.000000
vn 1.000000 -0.000000 -0.000000
vn 1.000000 -0.000000 -0.000000
vn 1.000000 -0.000000 -0.000000
vn 0.316228 0.948683 -0.000000
vn 0.316228 0.948683 -0.000000
vn 0.316228 0.948683 -0.000000
vn 0.316228 0.948683 -0.000000
vn 0.948683 0.316228 -0.000000
vn 0.948683 0.316228 -0.000000
vn 0.948683 0.316228 -0.000000
vn 0.948683 0.316228 -0.000000
vn -0.216930 -0.976187 -0.000000
vn -0.216930 -0.976187 -0.000000
vn -0.216930 -0.976187 -0.000000
vn -0.216930 -0.976187 -0.000000
vn -1.000000 -0.000000 -0.000000
vn -1.000000 -0.000000 -0.000000
vn -1.000000 -0.000000 -0.000000
vn -1.000000 -0.000000 -0.000000
vn -0.554700 -0.832050 -0.000000
vn -0.554700 -0.832050 -0.000000
vn -0.554700 -0.832050 -0.000000
vn -0.554700 -0.832050 -0.000000
vn -1.000000 -0.000000 -0.000000
vn -1.000000 -0.000000 -0.000000
vn -1.000000 -0.000000 -0.000000
vn -1.000000 -0.000000 -0.000000
vn 0.000000 0.000000 -1.000000
vn 0.000000 0.000000 -1.000000
vn 0.000000 0.000000 -1.000000
vn 0.000000 0.000000 -1.000000
vn 0.000000 0.000000 -1.000000
vn 0.000000 0.000000 -1.000000
vn 0.000000 0.000000 -1.000000
vn 0.000000 0.000000 -1.000000
vn 0.000000 0.000000 -1.000000
vn 0.000000 0.000000 -1.000000
vn 0.000000 0.000000 -1.000000
vn 0.000000 0.000000 -1.000000
vn 0.000000 0.000000 1.000000
vn 0.000000 0.000000 1.000000
vn 0.000000 0.000000 1.000000
vn 0.000000 0.000000 1.000000
vn 0.000000 0.000000 1.000000
vn 0.000000 0.000000 1.000000
vn 0.000000 0.000000 1.000000
vn 0.000000 0.000000 1.000000
vn 0.000000 0.000000 1.000000
vn 0.000000 0.000000 1.000000
vn 0.000000 0.000000 1.000000
vn 0.000000 0.000000 1.000000
vn 1.000000 -0.000000 -0.000000
vn 1.000000 -0.000000 -0.000000
vn 1.000000 -0.000000 -0.000000
vn 1.000000 -0.000000 -0.000000
vn 0.316228 0.948683 -0.000000
vn 0.316228 0.948683 -0.000000
vn 0.316228 0.948683 -0.000000
vn 0.316228 0.948683 -0.000000
vn 1.000000 -0.000000 -0.000000
vn 1.000000 -0.000000 -0.000000
vn 1.000000 -0.000000 -0.000000
vn 1.000000 -0.000000 -0.000000
vn 0.000000 -1.000000 -0.000000
vn 0.000000 -1.000000 -0.000000
vn 0.000000 -1.000000 -0.000000
vn 0.000000 -1.000000 -0.000000
vn 0.948683 -0.316228 -0.000000
vn 0.948683 -0.316228 -0.000000
vn 0.948683 -0.316228 -0.000000
vn 0.948683 -0.316228 -0.000000
vn 0.371391 -0.928477 -0.000000
vn 0.371391 -0.928477 -0.000000
vn 0.371391 -0.928477 -0.000000
vn 0.371391 -0.928477 -0.000000
vn -1.000000 -0.000000 -0.000000
vn -1.000000 -0.000000 -0.000000
vn -1.000000 -0.000000 -0.000000
vn -1.000000 -0.000000 -0.000000
vn -0.316228 -0.948683 -0.000000
vn -0.316228 -0.948683 -0.000000
vn -0.316228 -0.948683 -0.000000
vn -0.316228 -0.948683 -0.000000
vn -1.000000 -0.000000 -0.000000
vn -1.000000 -0.000000 -0.000000
vn -1.000000 -0.000000 -0.000000
vn -1.000000 -0.000000 -0.000000
vn 0.000000 1.000000 -0.000000
vn 0.000000 1.000000 -0.000000
vn 0.000000 1.000000 -0.000000
vn 0.000000 1.000000 -0.000000
vn -0.948683 0.316228 -0.000000
vn -0.948683 0.316228 -0.000000
vn -0.948683 0.316228 -0.000000
vn -0.948683 0.316228 -0.000000
vn 0.000000 1.000000 -0.000000
vn 0.000000 1.000000 -0.000000
vn 0.000000 1.000000 -0.000000
vn 0.000000 1.000000 -0.000000
vn 0.000000 0.000000 -1.000000
vn 0.000000 0.000000 -1.000000
vn 0.000000 0.000000 -1.000000
vn 0.000000 0.000000 -1.000000
vn 0.000000 0.000000 -1.000000
vn 0.000000 0.000000 -1.000000
vn 0.000000 0.000000 -1.000000
vn 0.000000 0.000000 -1.000000
vn 0.000000 0.000000 -1.000000
vn 0.000000 0.000000 -1.000000
vn 0.000000 0.000000 1.000000
vn 0.000000 0.000000 1.000000
vn 0.000000 0.000000 1.000000
vn 0.000000 0.000000 1.000000
vn 0.000000 0.000000 1.000000
vn 0.000000 0.000000 1.000000
vn 0.000000 0.000000 1.000000
vn 0.000000 0.000000 1.000000
vn 0.000000 0.000000 1.000000
vn 0.000000 0.000000 1.000000
vn 0.948683 0.316228 -0.000000
vn 0.948683 0.316228 -0.000000
vn 0.948683 0.316228 -0.000000
vn 0.948683 0.316228 -0.000000
vn 0.000000 -1.000000 -0.000000
vn 0.000000 -1.000000 -0.000000
vn 0.000000 -1.000000 -0.000000
vn 0.000000 -1.000000 -0.000000
vn 0.948683 -0.316228 -0.000000
vn 0.948683 -0.316228 -0.000000
vn 0.948683 -0.316228 -0.000000
vn 0.948683 -0.316228 -0.000000
vn 0.000000 -1.000000 -0.000000
vn 0.000000 -1.000000 -0.000000
vn 0.000000 -1.000000 -0.000000
vn 0.000000 -1.000000 -0.000000
vn 0.780869 -0.624695 -0.000000
vn 0.780869 -0.624695 -0.000000
vn 0.780869 -0.624695 -0.000000
vn 0.780869 -0.624695 -0.000000
vn 0.000000 -1.000000 -0.000000
vn 0.000000 -1.000000 -0.000000
vn 0.000000 -1.000000 -0.000000
vn 0.000000 -1.000000 -0.000000
vn -1.000000 -0.000000 -0.000000
vn -1.000000 -0.000000 -0.000000
vn -1.000000 -0.000000 -0.000000
vn -1.000000 -0.000000 -0.000000
vn -0.316228 0.948683 -0.000000
vn -0.316228 0.948683 -0.000000
vn -0.316228 0.948683 -0.000000
vn -0.316228 0.948683 -0.000000
vn -0.948683 0.316228 -0.000000
vn -0.948683 0.316228 -0.000000
vn -0.948683 0.316228 -0.000000
vn -0.948683 0.316228 -0.000000
vn -0.529999 0.847998 -0.000000
vn -0.529999 0.847998 -0.000000
vn -0.529999 0.847998 -0.000000
vn -0.529999 0.847998 -0.000000
vn 0.000000 0.000000 -1.000000
vn 0.000000 0.000000 -1.000000
vn 0.000000 0.000000 -1.000000
vn 0.000000 0.000000 -1.000000
vn 0.000000 0.000000 -1.000000
vn 0.000000 0.000000 -1.000000
vn 0.000000 0.000000 -1.000000
vn 0.000000 0.000000 1.000000
vn 0.000000 0.000000 1.000000
vn 0.000000 0.000000 1.000000
vn 0.000000 0.000000 1.000000
vn 0.000000 0.000000 1.000000
vn 0.000000 0.000000 1.000000
vn 0.000000 0.000000 1.000000
vn 0.780869 -0.624695 -0.000000
vn 0.780869 -0.624695 -0.000000
vn 0.780869 -0.624695 -0.000000
vn 0.780869 -0.624695 -0.000000
vn -0.780869 -0.624695 -0.000000
vn -0.780869 -0.624695 -0.000000
vn -0.780869 -0.624695 -0.000000
vn -0.780869 -0.624695 -0.000000
vn 0.049938 -0.998752 -0.000000
vn 0.049938 -0.998752 -0.000000
vn 0.049938 -0.998752 -0.000000
vn 0.049938 -0.998752 -0.000000
vn -0.308505 -0.951223 -0.000000
vn -0.308505 -0.951223 -0.000000
vn -0.308505 -0.951223 -0.000000
vn -0.308505 -0.951223 -0.000000
vn -0.184289 0.982872 -0.000000
vn -0.184289 0.982872 -0.000000
vn -0.184289 0.982872 -0.000000
vn -0.184289 0.982872 -0.000000
vn 0.152057 0.988372 -0.000000
vn 0.152057 0.988372 -0.000000
vn 0.152057 0.988372 -0.000000
vn 0.152057 0.988372 -0.000000
vn 0.780869 0.624695 -0.000000
vn 0.780869 0.624695 -0.000000
vn 0.780869 0.624695 -0.000000
vn 0.780869 0.624695 -0.000000
vn 0.000000 0.000000 -1.000000
vn 0.000000 0.000000 -1.000000
vn 0.000000 0.000000 -1.000000
vn 0.000000 0.000000 -1.000000
vn 0.000000 0.000000 -1.000000
vn 0.000000 0.000000 -1.000000
vn 0.000000 0.000000 -1.000000
vn 0.000000 0.000000 -1.000000
vn 0.000000 0.000000 -1.000000
vn 0.000000 0.000000 1.000000
vn 0.000000 0.000000 1.000000
vn 0.000000 0.000000 1.000000
vn 0.000000 0.000000 1.000000
vn 0.000000 0.000000 1.000000
vn 0.000000 0.000000 1.000000
vn 0.000000 0.000000 1.000000
vn 0.000000 0.000000 1.000000
vn 0.000000 0.000000 1.000000
vn 0.998286 -0.058520 -0.000000
vn 0.998286 -0.058520 -0.000000
vn 0.998286 -0.058520 -0.000000
vn 0.998286 -0.058520 -0.000000
vn 0.036936 -0.999318 -0.000000
vn 0.036936 -0.999318 -0.000000
vn 0.036936 -0.999318 -0.000000
vn 0.036936 -0.999318 -0.000000
vn 0.994062 -0.108817 -0.000000
vn 0.994062 -0.108817 -0.000000
vn 0.994062 -0.108817 -0.000000
vn 0.994062 -0.108817 -0.000000
vn -0.990621 -0.136637 -0.000000
vn -0.990621 -0.136637 -0.000000
vn -0.990621 -0.136637 -0.000000
vn -0.990621 -0.136637 -0.000000
vn 0.718341 0.695691 -0.000000
vn 0.718341 0.695691 -0.000000
vn 0.718341 0.695691 -0.000000
vn 0.718341 0.695691 -0.000000
vn -0.968891 0.247488 -0.000000
vn -0.968891 0.247488 -0.000000
vn -0.968891 0.247488 -0.000000
vn -0.968891 0.247488 -0.000000
vn -0.180576 0.983561 -0.000000
vn -0.180576 0.983561 -0.000000
vn -0.180576 0.983561 -0.000000
vn -0.180576 0.983561 -0.000000
vn -0.999960 -0.008902 -0.000000
vn -0.999960 -0.008902 -0.000000
vn -0.999960 -0.008902 -0.000000
vn -0.999960 -0.008902 -0.000000
vn -0.081033 0.996711 -0.000000
vn -0.081033 0.996711 -0.000000
vn -0.081033 0.996711 -0.000000
vn -0.081033 0.996711 -0.000000
vn 0.000000 0.000000 -1.000000
vn 0.000000 0.000000 -1.000000
vn 0.000000 0.000000 -1.000000
vn 0.000000 0.000000 -1.000000
vn 0.000000 0.000000 -1.000000
vn 0.000000 0.000000 -1.000000
vn 0.000000 0.000000 -1.000000
vn 0.000000 0.000000 1.000000
vn 0.000000 0.000000 1.000000
vn 0.000000 0.000000 1.000000
vn 0.000000 0.000000 1.000000
vn 0.000000 0.000000 1.000000
vn 0.000000 0.000000 1.000000
vn 0.000000 0.000000 1.000000
vn 0.131381 0.991332 -0.000000
vn 0.131381 0.991332 -0.000000
vn 0.131381 0.991332 -0.000000
vn 0.131381 0.991332 -0.000000
vn 0.996639 0.081916 -0.000000
vn 0.996639 0.081916 -0.000000
vn 0.996639 0.081916 -0.000000
vn 0.996639 0.081916 -0.000000
vn 0.912078 -0.410017 -0.000000
vn 0.912078 -0.410017 -0.000000
vn 0.912078 -0.410017 -0.000000
vn 0.912078 -0.410017 -0.000000
vn -0.289702 -0.957117 -0.000000
vn -0.289702 -0.957117 -0.000000
vn -0.289702 -0.957117 -0.000000
vn -0.289702 -0.957117 -0.000000
vn -0.257955 0.966157 -0.000000
vn -0.257955 0.966157 -0.000000
vn -0.257955 0.966157 -0.000000
vn -0.257955 0.966157 -0.000000
vn -0.988488 -0.151299 -0.000000
vn -0.988488 -0.151299 -0.000000
vn -0.988488 -0.151299 -0.000000
vn -0.988488 -0.151299 -0.000000
vn -0.606449 -0.795122 -0.000000
vn -0.606449 -0.795122 -0.000000
vn -0.606449 -0.795122 -0.000000
vn -0.606449 -0.795122 -0.000000
vn 0.000000 0.000000 -1.000000
vn 0.000000 0.000000 -1.000000
vn 0.000000 0.000000 -1.000000
vn 0.000000 0.000000 -1.000000
vn 0.000000 0.000000 -1.000000
vn 0.000000 0.000000 -1.000000
vn 0.000000 0.000000 -1.000000
vn 0.000000 0.000000 -1.000000
vn 0.000000 0.000000 1.000000
vn 0.000000 0.000000 1.000000
vn 0.000000 0.000000 1.000000
vn 0.000000 0.000000 1.000000
vn 0.000000 0.000000 1.000000
vn 0.000000 0.000000 1.000000
vn 0.000000 0.000000 1.000000
vn 0.000000 0.000000 1.000000
vn -0.268458 0.963291 -0.000000
vn -0.268458 0.963291 -0.000000
vn -0.268458 0.963291 -0.000000
vn -0.268458 0.963291 -0.000000
vn 0.832050 0.554700 -0.000000
vn 0.832050 0.554700 -0.000000
vn 0.832050 0.554700 -0.000000
vn 0.832050 0.554700 -0.000000
vn -0.076114 0.997099 -0.000000
vn -0.076114 0.997099 -0.000000
vn -0.076114 0.997099 -0.000000
vn -0.076114 0.997099 -0.000000
vn 0.507020 0.861934 -0.000000
vn 0.507020 0.861934 -0.000000
vn 0.507020 0.861934 -0.000000
vn 0.507020 0.861934 -0.000000
vn 0.988936 0.148340 -0.000000
vn 0.988936 0.148340 -0.000000
vn 0.988936 0.148340 -0.000000
vn 0.988936 0.148340 -0.000000
vn 0.050146 -0.998742 -0.000000
vn 0.050146 -0.998742 -0.000000
vn 0.050146 -0.998742 -0.000000
vn 0.050146 -0.998742 -0.000000
vn -0.707107 -0.707107 -0.000000
vn -0.707107 -0.707107 -0.000000
vn -0.707107 -0.707107 -0.000000
vn -0.707107 -0.707107 -0.000000
vn -0.991836 0.127522 -0.000000
vn -0.991836 0.127522 -0.000000
vn -0.991836 0.127522 -0.000000
vn -0.991836 0.127522 -0.000000
vn 0.000000 0.000000 -1.000000
vn 0.000000 0.000000 -1.000000
vn 0.000000 0.000000 -1.000000
vn 0.000000 0.000000 -1.000000
vn 0.000000 0.000000 -1.000000
vn 0.000000 0.000000 -1.000000
vn 0.000000 0.000000 -1.000000
vn 0.000000 0.000000 1.000000
vn 0.000000 0.000000 1.000000
vn 0.000000 0.000000 1.000000
vn 0.000000 0.000000 1.000000
vn 0.000000 0.000000 1.000000
vn 0.000000 0.000000 1.000000
vn 0.000000 0.000000 1.000000
vn 0.733761 0.679408 -0.000000
vn 0.733761 0.679408 -0.000000
vn 0.733761 0.679408 -0.000000
vn 0.733761 0.679408 -0.000000
vn 0.999967 -0.008086 -0.000000
vn 0.999967 -0.008086 -0.000000
vn 0.999967 -0.008086 -0.000000
vn 0.999967 -0.008086 -0.000000
vn 0.429934 -0.902861 -0.000000
vn 0.429934 -0.902861 -0.000000
vn 0.429934 -0.902861 -0.000000
vn 0.429934 -0.902861 -0.000000
vn -0.321903 -0.946773 -0.000000
vn -0.321903 -0.946773 -0.000000
vn -0.321903 -0.946773 -0.000000
vn -0.321903 -0.946773 -0.000000
vn -0.963880 -0.266335 -0.000000
vn -0.963880 -0.266335 -0.000000
vn -0.963880 -0.266335 -0.000000
vn -0.963880 -0.266335 -0.000000
vn -0.999810 0.019477 -0.000000
vn -0.999810 0.019477 -0.000000
vn -0.999810 0.019477 -0.000000
vn -0.999810 0.019477 -0.000000
vn -0.196116 0.980581 -0.000000
vn -0.196116 0.980581 -0.000000
vn -0.196116 0.980581 -0.000000
vn -0.196116 0.980581 -0.000000
vn 0.000000 0.000000 -1.000000
vn 0.000000 0.000000 -1.000000
vn 0.000000 0.000000 -1.000000
vn 0.000000 0.000000 -1.000000
vn 0.000000 0.000000 -1.000000
vn 0.000000 0.000000 -1.000000
vn 0.000000 0.000000 1.000000
vn 0.000000 0.000000 1.000000
vn 0.000000 0.000000 1.000000
vn 0.000000 0.000000 1.000000
vn 0.000000 0.000000 1.000000
vn 0.000000 0.000000 1.000000
vn 0.707107 0.707107 -0.000000
vn 0.707107 0.707107 -0.000000
vn 0.707107 0.707107 -0.000000
vn 0.707107 0.707107 -0.000000
vn 0.000000 1.000000 -0.000000
vn 0.000000 1.000000 -0.000000
vn 0.000000 1.000000 -0.000000
vn 0.000000 1.000000 -0.000000
vn 1.000000 -0.000000 -0.000000
vn 1.000000 -0.000000 -0.000000
vn 1.000000 -0.000000 -0.000000
vn 1.000000 -0.000000 -0.000000
vn 0.316228 -0.948683 -0.000000
vn 0.316228 -0.948683 -0.000000
vn 0.316228 -0.948683 -0.000000
vn 0.316228 -0.948683 -0.000000
vn -0.780869 -0.624695 -0.000000
vn -0.780869 -0.624695 -0.000000
vn -0.780869 -0.624695 -0.000000
vn -0.780869 -0.624695 -0.000000
vn -1.000000 -0.000000 -0.000000
vn -1.000000 -0.000000 -0.000000
vn -1.000000 -0.000000 -0.000000
vn -1.000000 -0.000000 -0.000000
vn 0.000000 0.000000 -1.000000
vn 0.000000 0.000000 -1.000000
vn 0.000000 0.000000 -1.000000
vn 0.000000 0.000000 1.000000
vn 0.000000 0.000000 1.000000
vn 0.000000 0.000000 1.000000
vn -0.749838 0.661622 -0.000000
vn -0.749838 0.661622 -0.000000
vn -0.749838 0.661622 -0.000000
vn -0.749838 0.661622 -0.000000
vn 0.096887 0.995295 -0.000000
vn 0.096887 0.995295 -0.000000
vn 0.096887 0.995295 -0.000000
vn 0.096887 0.995295 -0.000000
vn 0.046824 -0.998903 -0.000000
vn 0.046824 -0.998903 -0.000000
vn 0.046824 -0.998903 -0.000000
vn 0.046824 -0.998903 -0.000000
vn 0.000000 0.000000 -1.000000
vn 0.000000 0.000000 -1.000000
vn 0.000000 0.000000 -1.000000
vn 0.000000 0.000000 -1.000000
vn 0.000000 0.000000 -1.000000
vn 0.000000 0.000000 -1.000000
vn 0.000000 0.000000 -1.000000
vn 0.000000 0.000000 -1.000000
vn 0.000000 0.000000 -1.000000
vn 0.000000 0.000000 1.000000
vn 0.000000 0.000000 1.000000
vn 0.000000 0.000000 1.000000
vn 0.000000 0.000000 1.000000
vn 0.000000 0.000000 1.000000
vn 0.000000 0.000000 1.000000
vn 0.000000 0.000000 1.000000
vn 0.000000 0.000000 1.000000
vn 0.000000 0.000000 1.000000
vn 0.894427 0.447214 -0.000000
vn 0.894427 0.447214 -0.000000
vn 0.894427 0.447214 -0.000000
vn 0.894427 0.447214 -0.000000
vn 0.832050 -0.554700 -0.000000
vn 0.832050 -0.554700 -0.000000
vn 0.832050 -0.554700 -0.000000
vn 0.832050 -0.554700 -0.000000
vn 0.990830 -0.135113 -0.000000
vn 0.990830 -0.135113 -0.000000
vn 0.990830 -0.135113 -0.000000
vn 0.990830 -0.135113 -0.000000
vn 0.000000 -1.000000 -0.000000
vn 0.000000 -1.000000 -0.000000
vn 0.000000 -1.000000 -0.000000
vn 0.000000 -1.000000 -0.000000
vn -1.000000 -0.000000 -0.000000
vn -1.000000 -0.000000 -0.000000
vn -1.000000 -0.000000 -0.000000
vn -1.000000 -0.000000 -0.000000
vn -0.707107 -0.707107 -0.000000
vn -0.707107 -0.707107 -0.000000
vn -0.707107 -0.707107 -0.000000
vn -0.707107 -0.707107 -0.000000
vn 0.000000 1.000000 -0.000000
vn 0.000000 1.000000 -0.000000
vn 0.000000 1.000000 -0.000000
vn 0.000000 1.000000 -0.000000
vn -0.819232 0.573462 -0.000000
vn -0.819232 0.573462 -0.000000
vn -0.819232 0.573462 -0.000000
vn -0.819232 0.573462 -0.000000
vn -0.336336 0.941742 -0.000000
vn -0.336336 0.941742 -0.000000
vn -0.336336 0.941742 -0.000000
vn -0.336336 0.941742 -0.000000
vn 0.000000 0.000000 -1.000000
vn 0.000000 0.000000 -1.000000
vn 0.000000 0.000000 -1.000000
vn 0.000000 0.000000 -1.000000
vn 0.000000 0.000000 -1.000000
vn 0.000000 0.000000 -1.000000
vn 0.000000 0.000000 -1.000000
vn 0.000000 0.000000 -1.000000
vn 0.000000 0.000000 1.000000
vn 0.000000 0.000000 1.000000
vn 0.000000 0.000000 1.000000
vn 0.000000 0.000000 1.000000
vn 0.000000 0.000000 1.000000
vn 0.000000 0.000000 1.000000
vn 0.000000 0.000000 1.000000
vn 0.000000 0.000000 1.000000
vn 0.341743 -0.939793 -0.000000
vn 0.341743 -0.939793 -0.000000
vn 0.341743 -0.939793 -0.000000
vn 0.341743 -0.939793 -0.000000
vn 0.934998 0.354654 -0.000000
vn 0.934998 0.354654 -0.000000
vn 0.934998 0.354654 -0.000000
vn 0.934998 0.354654 -0.000000
vn 0.996073 -0.088540 -0.000000
vn 0.996073 -0.088540 -0.000000
vn 0.996073 -0.088540 -0.000000
vn 0.996073 -0.088540 -0.000000
vn 0.049121 -0.998793 -0.000000
vn 0.049121 -0.998793 -0.000000
vn 0.049121 -0.998793 -0.000000
vn 0.049121 -0.998793 -0.000000
vn -0.925305 -0.379223 -0.000000
vn -0.925305 -0.379223 -0.000000
vn -0.925305 -0.379223 -0.000000
vn -0.925305 -0.379223 -0.000000
vn 0.992486 -0.122361 -0.000000
vn 0.992486 -0.122361 -0.000000
vn 0.992486 -0.122361 -0.000000
vn 0.992486 -0.122361 -0.000000
vn -1.000000 -0.000000 -0.000000
vn -1.000000 -0.000000 -0.000000
vn -1.000000 -0.000000 -0.000000
vn -1.000000 -0.000000 -0.000000
vn -0.074558 0.997217 -0.000000
vn -0.074558 0.997217 -0.000000
vn -0.074558 0.997217 -0.000000
vn -0.074558 0.997217 -0.000000
vn 0.000000 0.000000 -1.000000
vn 0.000000 0.000000 -1.000000
vn 0.000000 0.000000 -1.000000
vn 0.000000 0.000000 -1.000000
vn 0.000000 0.000000 -1.000000
vn 0.000000 0.000000 -1.000000
vn 0.000000 0.000000 1.000000
vn 0.000000 0.000000 1.000000
vn 0.000000 0.000000 1.000000
vn 0.000000 0.000000 1.000000
vn 0.000000 0.000000 1.000000
vn 0.000000 0.000000 1.000000
vn 0.063565 0.997978 -0.000000
vn 0.063565 0.997978 -0.000000
vn 0.063565 0.997978 -0.000000
vn 0.063565 0.997978 -0.000000
vn 0.665615 0.746295 -0.000000
vn 0.665615 0.746295 -0.000000
vn 0.665615 0.746295 -0.000000
vn 0.665615 0.746295 -0.000000
vn 0.937599 -0.347719 -0.000000
vn 0.937599 -0.347719 -0.000000
vn 0.937599 -0.347719 -0.000000
vn 0.937599 -0.347719 -0.000000
vn -0.310943 -0.950429 -0.000000
vn -0.310943 -0.950429 -0.000000
vn -0.310943 -0.950429 -0.000000
vn -0.310943 -0.950429 -0.000000
vn -0.997559 -0.069829 -0.000000
vn -0.997559 -0.069829 -0.000000
vn -0.997559 -0.069829 -0.000000
vn -0.997559 -0.069829 -0.000000
vn -0.797659 0.603108 -0.000000
vn -0.797659 0.603108 -0.000000
vn -0.797659 0.603108 -0.000000
vn -0.797659 0.603108 -0.000000
vn 0.000000 0.000000 -1.000000
vn 0.000000 0.000000 -1.000000
vn 0.000000 0.000000 -1.000000
vn 0.000000 0.000000 -1.000000
vn 0.000000 0.000000 -1.000000
vn 0.000000 0.000000 -1.000000
vn 0.000000 0.000000 1.000000
vn 0.000000 0.000000 1.000000
vn 0.000000 0.000000 1.000000
vn 0.000000 0.000000 1.000000
vn 0.000000 0.000000 1.000000
vn 0.000000 0.000000 1.000000
vn -0.260909 0.965363 -0.000000
vn -0.260909 0.965363 -0.000000
vn -0.260909 0.965363 -0.000000
vn -0.260909 0.965363 -0.000000
vn 0.354397 0.935095 -0.000000
vn 0.354397 0.935095 -0.000000
vn 0.354397 0.935095 -0.000000
vn 0.354397 0.935095 -0.000000
vn 0.987709 -0.156304 -0.000000
vn 0.987709 -0.156304 -0.000000
vn 0.987709 -0.156304 -0.000000
vn 0.987709 -0.156304 -0.000000
vn -0.006515 -0.999979 -0.000000
vn -0.006515 -0.999979 -0.000000
vn -0.006515 -0.999979 -0.000000
vn -0.006515 -0.999979 -0.000000
vn -0.946948 -0.321388 -0.000000
vn -0.946948 -0.321388 -0.000000
vn -0.946948 -0.321388 -0.000000
vn -0.946948 -0.321388 -0.000000
vn -0.970472 0.241215 -0.000000
vn -0.970472 0.241215 -0.000000
vn -0.970472 0.241215 -0.000000
vn -0.970472 0.241215 -0.000000
vn 0.000000 0.000000 -1.000000
vn 0.000000 0.000000 -1.000000
vn 0.000000 0.000000 -1.000000
vn 0.000000 0.000000 -1.000000
vn 0.000000 0.000000 -1.000000
vn 0.000000 0.000000 -1.000000
vn 0.000000 0.000000 -1.000000
vn 0.000000 0.000000 -1.000000
vn 0.000000 0.000000 -1.000000
vn 0.000000 0.000000 -1.000000
vn 0.000000 0.000000 -1.000000
vn 0.000000 0.000000 -1.000000
vn 0.000000 0.000000 1.000000
vn 0.000000 0.000000 1.000000
vn 0.000000 0.000000 1.000000
vn 0.000000 0.000000 1.000000
vn 0.000000 0.000000 1.000000
vn 0.000000 0.000000 1.000000
vn 0.000000 0.000000 1.000000
vn 0.000000 0.000000 1.000000
vn 0.000000 0.000000 1.000000
vn 0.000000 0.000000 1.000000
vn 0.000000 0.000000 1.000000
vn 0.000000 0.000000 1.000000
vn 1.000000 -0.000000 -0.000000
vn 1.000000 -0.000000 -0.000000
vn 1.000000 -0.000000 -0.000000
vn 1.000000 -0.000000 -0.000000
vn 0.316228 0.948683 -0.000000
vn 0.316228 0.948683 -0.000000
vn 0.316228 0.948683 -0.000000
vn 0.316228 0.948683 -0.000000
vn 1.000000 -0.000000 -0.000000
vn 1.000000 -0.000000 -0.000000
vn 1.000000 -0.000000 -0.000000
vn 1.000000 -0.000000 -0.000000
vn 0.000000 -1.000000 -0.000000
vn 0.000000 -1.000000 -0.000000
vn 0.000000 -1.000000 -0.000000
vn 0.000000 -1.000000 -0.000000
vn 0.894427 -0.447214 -0.000000
vn 0.894427 -0.447214 -0.000000
vn 0.894427 -0.447214 -0.000000
vn 0.894427 -0.447214 -0.000000
vn 0.000000 -1.000000 -0.000000
vn 0.000000 -1.000000 -0.000000
vn 0.000000 -1.000000 -0.000000
vn 0.000000 -1.000000 -0.000000
vn -1.000000 -0.000000 -0.000000
vn -1.000000 -0.000000 -0.000000
vn -1.000000 -0.000000 -0.000000
vn -1.000000 -0.000000 -0.000000
vn -0.316228 -0.948683 -0.000000
vn -0.316228 -0.948683 -0.000000
vn -0.316228 -0.948683 -0.000000
vn -0.316228 -0.948683 -0.000000
vn -1.000000 -0.000000 -0.000000
vn -1.000000 -0.000000 -0.000000
vn -1.000000 -0.000000 -0.000000
vn -1.000000 -0.000000 -0.000000
vn 0.000000 1.000000 -0.000000
vn 0.000000 1.000000 -0.000000
vn 0.000000 1.000000 -0.000000
vn 0.000000 1.000000 -0.000000
vn -0.894427 0.447214 -0.000000
vn -0.894427 0.447214 -0.000000
vn -0.894427 0.447214 -0.000000
vn -0.894427 0.447214 -0.000000
vn 0.000000 1.000000 -0.000000
vn 0.000000 1.000000 -0.000000
vn 0.000000 1.000000 -0.000000
vn 0.000000 1.000000 -0.000000
vn 0.000000 0.000000 -1.000000
vn 0.000000 0.000000 -1.000000
vn 0.000000 0.000000 -1.000000
vn 0.000000 0.000000 -1.000000
vn 0.000000 0.000000 -1.000000
vn 0.000000 0.000000 -1.000000
vn 0.000000 0.000000 -1.000000
vn 0.000000 0.000000 -1.000000
vn 0.000000 0.000000 1.000000
vn 0.000000 0.000000 1.000000
vn 0.000000 0.000000 1.000000
vn 0.000000 0.000000 1.000000
vn 0.000000 0.000000 1.000000
vn 0.000000 0.000000 1.000000
vn 0.000000 0.000000 1.000000
vn 0.000000 0.000000 1.000000
vn 0.928477 -0.371391 -0.000000
vn 0.928477 -0.371391 -0.000000
vn 0.928477 -0.371391 -0.000000
vn 0.928477 -0.371391 -0.000000
vn -0.554700 -0.832050 -0.000000
vn -0.554700 -0.832050 -0.000000
vn -0.554700 -0.832050 -0.000000
vn -0.554700 -0.832050 -0.000000
vn 0.000000 -1.000000 -0.000000
vn 0.000000 -1.000000 -0.000000
vn 0.000000 -1.000000 -0.000000
vn 0.000000 -1.000000 -0.000000
vn -0.422885 -0.906183 -0.000000
vn -0.422885 -0.906183 -0.000000
vn -0.422885 -0.906183 -0.000000
vn -0.422885 -0.906183 -0.000000
vn -0.406138 0.913812 -0.000000
vn -0.406138 0.913812 -0.000000
vn -0.406138 0.913812 -0.000000
vn -0.406138 0.913812 -0.000000
vn 0.000000 1.000000 -0.000000
vn 0.000000 1.000000 -0.000000
vn 0.000000 1.000000 -0.000000
vn 0.000000 1.000000 -0.000000
vn -0.948683 0.316228 -0.000000
vn -0.948683 0.316228 -0.000000
vn -0.948683 0.316228 -0.000000
vn -0.948683 0.316228 -0.000000
vn 0.529999 0.847998 -0.000000
vn 0.529999 0.847998 -0.000000
vn 0.529999 0.847998 -0.000000
vn 0.529999 0.847998 -0.000000
vn 0.000000 0.000000 -1.000000
vn 0.000000 0.000000 -1.000000
vn 0.000000 0.000000 -1.000000
vn 0.000000 0.000000 -1.000000
vn 0.000000 0.000000 -1.000000
vn 0.000000 0.000000 -1.000000
vn 0.000000 0.000000 -1.000000
vn 0.000000 0.000000 1.000000
vn 0.000000 0.000000 1.000000
vn 0.000000 0.000000 1.000000
vn 0.000000 0.000000 1.000000
vn 0.000000 0.000000 1.000000
vn 0.000000 0.000000 1.000000
vn 0.000000 0.000000 1.000000
vn 0.925305 0.379223 -0.000000
vn 0.925305 0.379223 -0.000000
vn 0.925305 0.379223 -0.000000
vn 0.925305 0.379223 -0.000000
vn 0.035066 0.999385 -0.000000
vn 0.035066 0.999385 -0.000000
vn 0.035066 0.999385 -0.000000
vn 0.035066 0.999385 -0.000000
vn 0.984892 0.173168 -0.000000
vn 0.984892 0.173168 -0.000000
vn 0.984892 0.173168 -0.000000
vn 0.984892 0.173168 -0.000000
vn 0.910366 -0.413803 -0.000000
vn 0.910366 -0.413803 -0.000000
vn 0.910366 -0.413803 -0.000000
vn 0.910366 -0.413803 -0.000000
vn 0.379223 -0.925305 -0.000000
vn 0.379223 -0.925305 -0.000000
vn 0.379223 -0.925305 -0.000000
vn 0.379223 -0.925305 -0.000000
vn -0.581238 -0.813733 -0.000000
vn -0.581238 -0.813733 -0.000000
vn -0.581238 -0.813733 -0.000000
vn -0.581238 -0.813733 -0.000000
vn -0.999157 0.041061 -0.000000
vn -0.999157 0.041061 -0.000000
vn -0.999157 0.041061 -0.000000
vn -0.999157 0.041061 -0.000000
vn 0.000000 0.000000 -1.000000
vn 0.000000 0.000000 -1.000000
vn 0.000000 0.000000 -1.000000
vn 0.000000 0.000000 -1.000000
vn 0.000000 0.000000 -1.000000
vn 0.000000 0.000000 -1.000000
vn 0.000000 0.000000 -1.000000
vn 0.000000 0.000000 1.000000
vn 0.000000 0.000000 1.000000
vn 0.000000 0.000000 1.000000
vn 0.000000 0.000000 1.000000
vn 0.000000 0.000000 1.000000
vn 0.000000 0.000000 1.000000
vn 0.000000 0.000000 1.000000
vn 1.000000 -0.000000 -0.000000
vn 1.000000 -0.000000 -0.000000
vn 1.000000 -0.000000 -0.000000
vn 1.000000 -0.000000 -0.000000
vn 0.776114 -0.630593 -0.000000
vn 0.776114 -0.630593 -0.000000
vn 0.776114 -0.630593 -0.000000
vn 0.776114 -0.630593 -0.000000
vn 0.972387 0.233373 -0.000000
vn 0.972387 0.233373 -0.000000
vn 0.972387 0.233373 -0.000000
vn 0.972387 0.233373 -0.000000
vn 0.991882 -0.127164 -0.000000
vn 0.991882 -0.127164 -0.000000
vn 0.991882 -0.127164 -0.000000
vn 0.991882 -0.127164 -0.000000
vn -0.816968 -0.576683 -0.000000
vn -0.816968 -0.576683 -0.000000
vn -0.816968 -0.576683 -0.000000
vn -0.816968 -0.576683 -0.000000
vn -0.999261 0.038433 -0.000000
vn -0.999261 0.038433 -0.000000
vn -0.999261 0.038433 -0.000000
vn -0.999261 0.038433 -0.000000
vn -0.094809 0.995495 -0.000000
vn -0.094809 0.995495 -0.000000
vn -0.094809 0.995495 -0.000000
vn -0.094809 0.995495 -0.000000
vn 0.000000 0.000000 -1.000000
vn 0.000000 0.000000 -1.000000
vn 0.000000 0.000000 -1.000000
vn 0.000000 0.000000 -1.000000
vn 0.000000 0.000000 -1.000000
vn 0.000000 0.000000 -1.000000
vn 0.000000 0.000000 -1.000000
vn 0.000000 0.000000 -1.000000
vn 0.000000 0.000000 -1.000000
vn 0.000000 0.000000 -1.000000
vn 0.000000 0.000000 -1.000000
vn 0.000000 0.000000 -1.000000
vn 0.000000 0.000000 -1.000000
vn 0.000000 0.000000 -1.000000
vn 0.000000 0.000000 1.000000
vn 0.000000 0.000000 1.000000
vn 0.000000 0.000000 1.000000
vn 0.000000 0.000000 1.000000
vn 0.000000 0.000000 1.000000
vn 0.000000 0.000000 1.000000
vn 0.000000 0.000000 1.000000
vn 0.000000 0.000000 1.000000
vn 0.000000 0.000000 1.000000
vn 0.000000 0.000000 1.000000
vn 0.000000 0.000000 1.000000
vn 0.000000 0.000000 1.000000
vn 0.000000 0.000000 1.000000
vn 0.000000 0.000000 1.000000
vn 1.000000 -0.000000 -0.000000
vn 1.000000 -0.000000 -0.000000
vn 1.000000 -0.000000 -0.000000
vn 1.000000 -0.000000 -0.000000
vn 0.316228 0.948683 -0.000000
vn 0.316228 0.948683 -0.000000
vn 0.316228 0.948683 -0.000000
vn 0.316228 0.948683 -0.000000
vn 1.000000 -0.000000 -0.000000
vn 1.000000 -0.000000 -0.000000
vn 1.000000 -0.000000 -0.000000
vn 1.000000 -0.000000 -0.000000
vn 0.316228 -0.948683 -0.000000
vn 0.316228 -0.948683 -0.000000
vn 0.316228 -0.948683 -0.000000
vn 0.316228 -0.948683 -0.000000
vn 1.000000 -0.000000 -0.000000
vn 1.000000 -0.000000 -0.000000
vn 1.000000 -0.000000 -0.000000
vn 1.000000 -0.000000 -0.000000
vn 0.000000 -1.000000 -0.000000
vn 0.000000 -1.000000 -0.000000
vn 0.000000 -1.000000 -0.000000
vn 0.000000 -1.000000 -0.000000
vn 0.948683 -0.316228 -0.000000
vn 0.948683 -0.316228 -0.000000
vn 0.948683 -0.316228 -0.000000
vn 0.948683 -0.316228 -0.000000
vn 0.371391 -0.928477 -0.000000
vn 0.371391 -0.928477 -0.000000
vn 0.371391 -0.928477 -0.000000
vn 0.371391 -0.928477 -0.000000
vn -1.000000 -0.000000 -0.000000
vn -1.000000 -0.000000 -0.000000
vn -1.000000 -0.000000 -0.000000
vn -1.000000 -0.000000 -0.000000
vn -0.316228 0.948683 -0.000000
vn -0.316228 0.948683 -0.000000
vn -0.316228 0.948683 -0.000000
vn -0.316228 0.948683 -0.000000
vn -1.000000 -0.000000 -0.000000
vn -1.000000 -0.000000 -0.000000
vn -1.000000 -0.000000 -0.000000
vn -1.000000 -0.000000 -0.000000
vn -0.316228 0.948683 -0.000000
vn -0.316228 0.948683 -0.000000
vn -0.316228 0.948683 -0.000000
vn -0.316228 0.948683 -0.000000
vn -1.000000 -0.000000 -0.000000
vn -1.000000 -0.000000 -0.000000
vn -1.000000 -0.000000 -0.000000
vn -1.000000 -0.000000 -0.000000
vn 0.000000 1.000000 -0.000000
vn 0.000000 1.000000 -0.000000
vn 0.000000 1.000000 -0.000000
vn 0.000000 1.000000 -0.000000
vn 0.000000 0.000000 -1.000000
vn 0.000000 0.000000 -1.000000
vn 0.000000 0.000000 -1.000000
vn 0.000000 0.000000 -1.000000
vn 0.000000 0.000000 -1.000000
vn 0.000000 0.000000 -1.000000
vn 0.000000 0.000000 -1.000000
vn 0.000000 0.000000 -1.000000
vn 0.000000 0.000000 1.000000
vn 0.000000 0.000000 1.000000
vn 0.000000 0.000000 1.000000
vn 0.000000 0.000000 1.000000
vn 0.000000 0.000000 1.000000
vn 0.000000 0.000000 1.000000
vn 0.000000 0.000000 1.000000
vn 0.000000 0.000000 1.000000
vn 0.903738 0.428086 -0.000000
vn 0.903738 0.428086 -0.000000
vn 0.903738 0.428086 -0.000000
vn 0.903738 0.428086 -0.000000
vn 0.832050 -0.554700 -0.000000
vn 0.832050 -0.554700 -0.000000
vn 0.832050 -0.554700 -0.000000
vn 0.832050 -0.554700 -0.000000
vn 1.000000 -0.000000 -0.000000
vn 1.000000 -0.000000 -0.000000
vn 1.000000 -0.000000 -0.000000
vn 1.000000 -0.000000 -0.000000
vn 0.907959 -0.419058 -0.000000
vn 0.907959 -0.419058 -0.000000
vn 0.907959 -0.419058 -0.000000
vn 0.907959 -0.419058 -0.000000
vn 0.000000 -1.000000 -0.000000
vn 0.000000 -1.000000 -0.000000
vn 0.000000 -1.000000 -0.000000
vn 0.000000 -1.000000 -0.000000
vn -0.988936 0.148340 -0.000000
vn -0.988936 0.148340 -0.000000
vn -0.988936 0.148340 -0.000000
vn -0.988936 0.148340 -0.000000
vn -0.806405 -0.591364 -0.000000
vn -0.806405 -0.591364 -0.000000
vn -0.806405 -0.591364 -0.000000
vn -0.806405 -0.591364 -0.000000
vn -0.329372 0.944200 -0.000000
vn -0.329372 0.944200 -0.000000
vn -0.329372 0.944200 -0.000000
vn -0.329372 0.944200 -0.000000
vn 0.000000 0.000000 -1.000000
vn 0.000000 0.000000 -1.000000
vn 0.000000 0.000000 -1.000000
vn 0.000000 0.000000 -1.000000
vn 0.000000 0.000000 -1.000000
vn 0.000000 0.000000 -1.000000
vn 0.000000 0.000000 -1.000000
vn 0.000000 0.000000 -1.000000
vn 0.000000 0.000000 -1.000000
vn 0.000000 0.000000 1.000000
vn 0.000000 0.000000 1.000000
vn 0.000000 0.000000 1.000000
vn 0.000000 0.000000 1.000000
vn 0.000000 0.000000 1.000000
vn 0.000000 0.000000 1.000000
vn 0.000000 0.000000 1.000000
vn 0.000000 0.000000 1.000000
vn 0.000000 0.000000 1.000000
vn 0.001773 -0.999998 -0.000000
vn 0.001773 -0.999998 -0.000000
vn 0.001773 -0.999998 -0.000000
vn 0.001773 -0.999998 -0.000000
vn -0.143429 0.989661 -0.000000
vn -0.143429 0.989661 -0.000000
vn -0.143429 0.989661 -0.000000
vn -0.143429 0.989661 -0.000000
vn -0.999943 0.010714 -0.000000
vn -0.999943 0.010714 -0.000000
vn -0.999943 0.010714 -0.000000
vn -0.999943 0.010714 -0.000000
vn -0.123192 -0.992383 -0.000000
vn -0.123192 -0.992383 -0.000000
vn -0.123192 -0.992383 -0.000000
vn -0.123192 -0.992383 -0.000000
vn 0.990287 -0.139037 -0.000000
vn 0.990287 -0.139037 -0.000000
vn 0.990287 -0.139037 -0.000000
vn 0.990287 -0.139037 -0.000000
vn -0.999330 -0.036595 -0.000000
vn -0.999330 -0.036595 -0.000000
vn -0.999330 -0.036595 -0.000000
vn -0.999330 -0.036595 -0.000000
vn -0.099077 0.995080 -0.000000
vn -0.099077 0.995080 -0.000000
vn -0.099077 0.995080 -0.000000
vn -0.099077 0.995080 -0.000000
vn 0.985154 -0.171676 -0.000000
vn 0.985154 -0.171676 -0.000000
vn 0.985154 -0.171676 -0.000000
vn 0.985154 -0.171676 -0.000000
vn 0.077437 0.996997 -0.000000
vn 0.077437 0.996997 -0.000000
vn 0.077437 0.996997 -0.000000
vn 0.077437 0.996997 -0.000000
vn 0.000000 0.000000 -1.000000
vn 0.000000 0.000000 -1.000000
vn 0.000000 0.000000 -1.000000
vn 0.000000 0.000000 -1.000000
vn 0.000000 0.000000 -1.000000
vn 0.000000 0.000000 -1.000000
vn 0.000000 0.000000 -1.000000
vn 0.000000 0.000000 -1.000000
vn 0.000000 0.000000 -1.000000
vn 0.000000 0.000000 -1.000000
vn 0.000000 0.000000 -1.000000
vn 0.000000 0.000000 -1.000000
vn 0.000000 0.000000 -1.000000
vn 0.000000 0.000000 1.000000
vn 0.000000 0.000000 1.000000
vn 0.000000 0.000000 1.000000
vn 0.000000 0.000000 1.000000
vn 0.000000 0.000000 1.000000
vn 0.000000 0.000000 1.000000
vn 0.000000 0.000000 1.000000
vn 0.000000 0.000000 1.000000
vn 0.000000 0.000000 1.000000
vn 0.000000 0.000000 1.000000
vn 0.000000 0.000000 1.000000
vn 0.000000 0.000000 1.000000
vn 0.000000 0.000000 1.000000
vn 0.948683 0.316228 -0.000000
vn 0.948683 0.316228 -0.000000
vn 0.948683 0.316228 -0.000000
vn 0.948683 0.316228 -0.000000
vn 0.529999 0.847998 -0.000000
vn 0.529999 0.847998 -0.000000
vn 0.529999 0.847998 -0.000000
vn 0.529999 0.847998 -0.000000
vn 1.000000 -0.000000 -0.000000
vn 1.000000 -0.000000 -0.000000
vn 1.000000 -0.000000 -0.000000
vn 1.000000 -0.000000 -0.000000
vn 0.000000 -1.000000 -0.000000
vn 0.000000 -1.000000 -0.000000
vn 0.000000 -1.000000 -0.000000
vn 0.000000 -1.000000 -0.000000
vn 0.948683 -0.316228 -0.000000
vn 0.948683 -0.316228 -0.000000
vn 0.948683 -0.316228 -0.000000
vn 0.948683 -0.316228 -0.000000
vn 0.000000 -1.000000 -0.000000
vn 0.000000 -1.000000 -0.000000
vn 0.000000 -1.000000 -0.000000
vn 0.000000 -1.000000 -0.000000
vn 0.554700 -0.832050 -0.000000
vn 0.554700 -0.832050 -0.000000
vn 0.554700 -0.832050 -0.000000
vn 0.554700 -0.832050 -0.000000
vn -1.000000 -0.000000 -0.000000
vn -1.000000 -0.000000 -0.000000
vn -1.000000 -0.000000 -0.000000
vn -1.000000 -0.000000 -0.000000
vn -0.316228 -0.948683 -0.000000
vn -0.316228 -0.948683 -0.000000
vn -0.316228 -0.948683 -0.000000
vn -0.316228 -0.948683 -0.000000
vn -1.000000 -0.000000 -0.000000
vn -1.000000 -0.000000 -0.000000
vn -1.000000 -0.000000 -0.000000
vn -1.000000 -0.000000 -0.000000
vn 0.000000 1.000000 -0.000000
vn 0.000000 1.000000 -0.000000
vn 0.000000 1.000000 -0.000000
vn 0.000000 1.000000 -0.000000
vn -0.980581 0.196116 -0.000000
vn -0.980581 0.196116 -0.000000
vn -0.980581 0.196116 -0.000000
vn -0.980581 0.196116 -0.000000
vn 0.000000 1.000000 -0.000000
vn 0.000000 1.000000 -0.000000
vn 0.000000 1.000000 -0.000000
vn 0.000000 1.000000 -0.000000
vn 0.000000 0.000000 -1.000000
vn 0.000000 0.000000 -1.000000
vn 0.000000 0.000000 -1.000000
vn 0.000000 0.000000 -1.000000
vn 0.000000 0.000000 -1.000000
vn 0.000000 0.000000 -1.000000
vn 0.000000 0.000000 -1.000000
vn 0.000000 0.000000 -1.000000
vn 0.000000 0.000000 -1.000000
vn 0.000000 0.000000 -1.000000
vn 0.000000 0.000000 -1.000000
vn 0.000000 0.000000 1.000000
vn 0.000000 0.000000 1.000000
vn 0.000000 0.000000 1.000000
vn 0.000000 0.000000 1.000000
vn 0.000000 0.000000 1.000000
vn 0.000000 0.000000 1.000000
vn 0.000000 0.000000 1.000000
vn 0.000000 0.000000 1.000000
vn 0.000000 0.000000 1.000000
vn 0.000000 0.000000 1.000000
vn 0.000000 0.000000 1.000000
vn 0.000000 1.000000 -0.000000
vn 0.000000 1.000000 -0.000000
vn 0.000000 1.000000 -0.000000
vn 0.000000 1.000000 -0.000000
vn -0.948683 0.316228 -0.000000
vn -0.948683 0.316228 -0.000000
vn -0.948683 0.316228 -0.000000
vn -0.948683 0.316228 -0.000000
vn 0.000000 1.000000 -0.000000
vn 0.000000 1.000000 -0.000000
vn 0.000000 1.000000 -0.000000
vn 0.000000 1.000000 -0.000000
vn 0.948683 0.316228 -0.000000
vn 0.948683 0.316228 -0.000000
vn 0.948683 0.316228 -0.000000
vn 0.948683 0.316228 -0.000000
vn 0.371391 0.928477 -0.000000
vn 0.371391 0.928477 -0.000000
vn 0.371391 0.928477 -0.000000
vn 0.371391 0.928477 -0.000000
vn 1.000000 -0.000000 -0.000000
vn 1.000000 -0.000000 -0.000000
vn 1.000000 -0.000000 -0.000000
vn 1.000000 -0.000000 -0.000000
vn 0.242536 0.970143 -0.000000
vn 0.242536 0.970143 -0.000000
vn 0.242536 0.970143 -0.000000
vn 0.242536 0.970143 -0.000000
vn 1.000000 -0.000000 -0.000000
vn 1.000000 -0.000000 -0.000000
vn 1.000000 -0.000000 -0.000000
vn 1.000000 -0.000000 -0.000000
vn -0.132164 -0.991228 -0.000000
vn -0.132164 -0.991228 -0.000000
vn -0.132164 -0.991228 -0.000000
vn -0.132164 -0.991228 -0.000000
vn -1.000000 -0.000000 -0.000000
vn -1.000000 -0.000000 -0.000000
vn -1.000000 -0.000000 -0.000000
vn -1.000000 -0.000000 -0.000000
vn -0.554700 -0.832050 -0.000000
vn -0.554700 -0.832050 -0.000000
vn -0.554700 -0.832050 -0.000000
vn -0.554700 -0.832050 -0.000000
vn 0.000000 0.000000 -1.000000
vn 0.000000 0.000000 -1.000000
vn 0.000000 0.000000 -1.000000
vn 0.000000 0.000000 -1.000000
vn 0.000000 0.000000 -1.000000
vn 0.000000 0.000000 -1.000000
vn 0.000000 0.000000 -1.000000
vn 0.000000 0.000000 -1.000000
vn 0.000000 0.000000 -1.000000
vn 0.000000 0.000000 1.000000
vn 0.000000 0.000000 1.000000
vn 0.000000 0.000000 1.000000
vn 0.000000 0.000000 1.000000
vn 0.000000 0.000000 1.000000
vn 0.000000 0.000000 1.000000
vn 0.000000 0.000000 1.000000
vn 0.000000 0.000000 1.000000
vn 0.000000 0.000000 1.000000
vn -0.613941 0.789352 -0.000000
vn -0.613941 0.789352 -0.000000
vn -0.613941 0.789352 -0.000000
vn -0.613941 0.789352 -0.000000
vn 0.000000 1.000000 -0.000000
vn 0.000000 1.000000 -0.000000
vn 0.000000 1.000000 -0.000000
vn 0.000000 1.000000 -0.000000
vn 0.554700 0.832050 -0.000000
vn 0.554700 0.832050 -0.000000
vn 0.554700 0.832050 -0.000000
vn 0.554700 0.832050 -0.000000
vn 0.948683 0.316228 -0.000000
vn 0.948683 0.316228 -0.000000
vn 0.948683 0.316228 -0.000000
vn 0.948683 0.316228 -0.000000
vn 0.242536 -0.970143 -0.000000
vn 0.242536 -0.970143 -0.000000
vn 0.242536 -0.970143 -0.000000
vn 0.242536 -0.970143 -0.000000
vn 0.948683 -0.316228 -0.000000
vn 0.948683 -0.316228 -0.000000
vn 0.948683 -0.316228 -0.000000
vn 0.948683 -0.316228 -0.000000
vn 0.000000 -1.000000 -0.000000
vn 0.000000 -1.000000 -0.000000
vn 0.000000 -1.000000 -0.000000
vn 0.000000 -1.000000 -0.000000
vn -0.664364 -0.747409 -0.000000
vn -0.664364 -0.747409 -0.000000
vn -0.664364 -0.747409 -0.000000
vn -0.664364 -0.747409 -0.000000
vn -1.000000 -0.000000 -0.000000
vn -1.000000 -0.000000 -0.000000
vn -1.000000 -0.000000 -0.000000
vn -1.000000 -0.000000 -0.000000
vn 0.000000 0.000000 -1.000000
vn 0.000000 0.000000 -1.000000
vn 0.000000 0.000000 -1.000000
vn 0.000000 0.000000 -1.000000
vn 0.000000 0.000000 -1.000000
vn 0.000000 0.000000 -1.000000
vn 0.000000 0.000000 -1.000000
vn 0.000000 0.000000 -1.000000
vn 0.000000 0.000000 -1.000000
vn 0.000000 0.000000 -1.000000
vn 0.000000 0.000000 -1.000000
vn 0.000000 0.000000 1.000000
vn 0.000000 0.000000 1.000000
vn 0.000000 0.000000 1.000000
vn 0.000000 0.000000 1.000000
vn 0.000000 0.000000 1.000000
vn 0.000000 0.000000 1.000000
vn 0.000000 0.000000 1.000000
vn 0.000000 0.000000 1.000000
vn 0.000000 0.000000 1.000000
vn 0.000000 0.000000 1.000000
vn 0.000000 0.000000 1.000000
vn 0.141421 0.989949 -0.000000
vn 0.141421 0.989949 -0.000000
vn 0.141421 0.989949 -0.000000
vn 0.141421 0.989949 -0.000000
vn 0.919145 -0.393919 -0.000000
vn 0.919145 -0.393919 -0.000000
vn 0.919145 -0.393919 -0.000000
vn 0.919145 -0.393919 -0.000000
vn 0.316228 0.948683 -0.000000
vn 0.316228 0.948683 -0.000000
vn 0.316228 0.948683 -0.000000
vn 0.316228 0.948683 -0.000000
vn 0.977802 0.209529 -0.000000
vn 0.977802 0.209529 -0.000000
vn 0.977802 0.209529 -0.000000
vn 0.977802 0.209529 -0.000000
vn 0.242536 0.970143 -0.000000
vn 0.242536 0.970143 -0.000000
vn 0.242536 0.970143 -0.000000
vn 0.242536 0.970143 -0.000000
vn 1.000000 -0.000000 -0.000000
vn 1.000000 -0.000000 -0.000000
vn 1.000000 -0.000000 -0.000000
vn 1.000000 -0.000000 -0.000000
vn 0.000000 -1.000000 -0.000000
vn 0.000000 -1.000000 -0.000000
vn 0.000000 -1.000000 -0.000000
vn 0.000000 -1.000000 -0.000000
vn -0.640184 -0.768221 -0.000000
vn -0.640184 -0.768221 -0.000000
vn -0.640184 -0.768221 -0.000000
vn -0.640184 -0.768221 -0.000000
vn -1.000000 -0.000000 -0.000000
vn -1.000000 -0.000000 -0.000000
vn -1.000000 -0.000000 -0.000000
vn -1.000000 -0.000000 -0.000000
vn -0.832050 -0.554700 -0.000000
vn -0.832050 -0.554700 -0.000000
vn -0.832050 -0.554700 -0.000000
vn -0.832050 -0.554700 -0.000000
vn -1.000000 -0.000000 -0.000000
vn -1.000000 -0.000000 -0.000000
vn -1.000000 -0.000000 -0.000000
vn -1.000000 -0.000000 -0.000000
vn 0.000000 0.000000 -1.000000
vn 0.000000 0.000000 -1.000000
vn 0.000000 0.000000 -1.000000
vn 0.000000 0.000000 -1.000000
vn 0.000000 0.000000 -1.000000
vn 0.000000 0.000000 -1.000000
vn 0.000000 0.000000 -1.000000
vn 0.000000 0.000000 1.000000
vn 0.000000 0.000000 1.000000
vn 0.000000 0.000000 1.000000
vn 0.000000 0.000000 1.000000
vn 0.000000 0.000000 1.000000
vn 0.000000 0.000000 1.000000
vn 0.000000 0.000000 1.000000
vn 0.997969 0.063700 -0.000000
vn 0.997969 0.063700 -0.000000
vn 0.997969 0.063700 -0.000000
vn 0.997969 0.063700 -0.000000
vn 0.923077 -0.384615 -0.000000
vn 0.923077 -0.384615 -0.000000
vn 0.923077 -0.384615 -0.000000
vn 0.923077 -0.384615 -0.000000
vn -0.977802 -0.209529 -0.000000
vn -0.977802 -0.209529 -0.000000
vn -0.977802 -0.209529 -0.000000
vn -0.977802 -0.209529 -0.000000
vn -0.664364 -0.747409 -0.000000
vn -0.664364 -0.747409 -0.000000
vn -0.664364 -0.747409 -0.000000
vn -0.664364 -0.747409 -0.000000
vn -1.000000 -0.000000 -0.000000
vn -1.000000 -0.000000 -0.000000
vn -1.000000 -0.000000 -0.000000
vn -1.000000 -0.000000 -0.000000
vn -0.447214 0.894427 -0.000000
vn -0.447214 0.894427 -0.000000
vn -0.447214 0.894427 -0.000000
vn -0.447214 0.894427 -0.000000
vn -0.994505 0.104685 -0.000000
vn -0.994505 0.104685 -0.000000
vn -0.994505 0.104685 -0.000000
vn -0.994505 0.104685 -0.000000
vn 0.000000 0.000000 -1.000000
vn 0.000000 0.000000 -1.000000
vn 0.000000 0.000000 -1.000000
vn 0.000000 0.000000 -1.000000
vn 0.000000 0.000000 -1.000000
vn 0.000000 0.000000 -1.000000
vn 0.000000 0.000000 -1.000000
vn 0.000000 0.000000 -1.000000
vn 0.000000 0.000000 -1.000000
vn 0.000000 0.000000 1.000000
vn 0.000000 0.000000 1.000000
vn 0.000000 0.000000 1.000000
vn 0.000000 0.000000 1.000000
vn 0.000000 0.000000 1.000000
vn 0.000000 0.000000 1.000000
vn 0.000000 0.000000 1.000000
vn 0.000000 0.000000 1.000000
vn 0.000000 0.000000 1.000000
vn 0.000000 1.000000 -0.000000
vn 0.000000 1.000000 -0.000000
vn 0.000000 1.000000 -0.000000
vn 0.000000 1.000000 -0.000000
vn 1.000000 -0.000000 -0.000000
vn 1.000000 -0.000000 -0.000000
vn 1.000000 -0.000000 -0.000000
vn 1.000000 -0.000000 -0.000000
vn 0.664364 0.747409 -0.000000
vn 0.664364 0.747409 -0.000000
vn 0.664364 0.747409 -0.000000
vn 0.664364 0.747409 -0.000000
vn 0.982872 0.184289 -0.000000
vn 0.982872 0.184289 -0.000000
vn 0.982872 0.184289 -0.000000
vn 0.982872 0.184289 -0.000000
vn 0.000000 -1.000000 -0.000000
vn 0.000000 -1.000000 -0.000000
vn 0.000000 -1.000000 -0.000000
vn 0.000000 -1.000000 -0.000000
vn -0.759257 -0.650791 -0.000000
vn -0.759257 -0.650791 -0.000000
vn -0.759257 -0.650791 -0.000000
vn -0.759257 -0.650791 -0.000000
vn -0.928477 0.371391 -0.000000
vn -0.928477 0.371391 -0.000000
vn -0.928477 0.371391 -0.000000
vn -0.928477 0.371391 -0.000000
vn -0.948683 -0.316228 -0.000000
vn -0.948683 -0.316228 -0.000000
vn -0.948683 -0.316228 -0.000000
vn -0.948683 -0.316228 -0.000000
vn -0.919145 0.393919 -0.000000
vn -0.919145 0.393919 -0.000000
vn -0.919145 0.393919 -0.000000
vn -0.919145 0.393919 -0.000000
vn 0.000000 0.000000 -1.000000
vn 0.000000 0.000000 -1.000000
vn 0.000000 0.000000 -1.000000
vn 0.000000 0.000000 -1.000000
vn 0.000000 0.000000 -1.000000
vn 0.000000 0.000000 -1.000000
vn 0.000000 0.000000 -1.000000
vn 0.000000 0.000000 1.000000
vn 0.000000 0.000000 1.000000
vn 0.000000 0.000000 1.000000
vn 0.000000 0.000000 1.000000
vn 0.000000 0.000000 1.000000
vn 0.000000 0.000000 1.000000
vn 0.000000 0.000000 1.000000
vn 0.894427 -0.447214 -0.000000
vn 0.894427 -0.447214 -0.000000
vn 0.894427 -0.447214 -0.000000
vn 0.894427 -0.447214 -0.000000
vn 0.216930 -0.976187 -0.000000
vn 0.216930 -0.976187 -0.000000
vn 0.216930 -0.976187 -0.000000
vn 0.216930 -0.976187 -0.000000
vn -0.196116 -0.980581 -0.000000
vn -0.196116 -0.980581 -0.000000
vn -0.196116 -0.980581 -0.000000
vn -0.196116 -0.980581 -0.000000
vn 0.164399 -0.986394 -0.000000
vn 0.164399 -0.986394 -0.000000
vn 0.164399 -0.986394 -0.000000
vn 0.164399 -0.986394 -0.000000
vn -0.936329 -0.351123 -0.000000
vn -0.936329 -0.351123 -0.000000
vn -0.936329 -0.351123 -0.000000
vn -0.936329 -0.351123 -0.000000
vn -0.894427 0.447214 -0.000000
vn -0.894427 0.447214 -0.000000
vn -0.894427 0.447214 -0.000000
vn -0.894427 0.447214 -0.000000
vn 0.034462 0.999406 -0.000000
vn 0.034462 0.999406 -0.000000
vn 0.034462 0.999406 -0.000000
vn 0.034462 0.999406 -0.000000
vn 0.000000 0.000000 -1.000000
vn 0.000000 0.000000 -1.000000
vn 0.000000 0.000000 -1.000000
vn 0.000000 0.000000 -1.000000
vn 0.000000 0.000000 -1.000000
vn 0.000000 0.000000 -1.000000
vn 0.000000 0.000000 -1.000000
vn 0.000000 0.000000 1.000000
vn 0.000000 0.000000 1.000000
vn 0.000000 0.000000 1.000000
vn 0.000000 0.000000 1.000000
vn 0.000000 0.000000 1.000000
vn 0.000000 0.000000 1.000000
vn 0.000000 0.000000 1.000000
vn 0.000000 1.000000 -0.000000
vn 0.000000 1.000000 -0.000000
vn 0.000000 1.000000 -0.000000
vn 0.000000 1.000000 -0.000000
vn 0.984784 -0.173785 -0.000000
vn 0.984784 -0.173785 -0.000000
vn 0.984784 -0.173785 -0.000000
vn 0.984784 -0.173785 -0.000000
vn 0.857493 0.514496 -0.000000
vn 0.857493 0.514496 -0.000000
vn 0.857493 0.514496 -0.000000
vn 0.857493 0.514496 -0.000000
vn 0.640184 -0.768221 -0.000000
vn 0.640184 -0.768221 -0.000000
vn 0.640184 -0.768221 -0.000000
vn 0.640184 -0.768221 -0.000000
vn 0.000000 -1.000000 -0.000000
vn 0.000000 -1.000000 -0.000000
vn 0.000000 -1.000000 -0.000000
vn 0.000000 -1.000000 -0.000000
vn -0.990830 0.135113 -0.000000
vn -0.990830 0.135113 -0.000000
vn -0.990830 0.135113 -0.000000
vn -0.990830 0.135113 -0.000000
vn -0.485643 -0.874157 -0.000000
vn -0.485643 -0.874157 -0.000000
vn -0.485643 -0.874157 -0.000000
vn -0.485643 -0.874157 -0.000000
vn 0.000000 0.000000 -1.000000
vn 0.000000 0.000000 -1.000000
vn 0.000000 0.000000 -1.000000
vn 0.000000 0.000000 -1.000000
vn 0.000000 0.000000 -1.000000
vn 0.000000 0.000000 -1.000000
vn 0.000000 0.000000 -1.000000
vn 0.000000 0.000000 -1.000000
vn 0.000000 0.000000 -1.000000
vn 0.000000 0.000000 1.000000
vn 0.000000 0.000000 1.000000
vn 0.000000 0.000000 1.000000
vn 0.000000 0.000000 1.000000
vn 0.000000 0.000000 1.000000
vn 0.000000 0.000000 1.000000
vn 0.000000 0.000000 1.000000
vn 0.000000 0.000000 1.000000
vn 0.000000 0.000000 1.000000
vn -0.613941 0.789352 -0.000000
vn -0.613941 0.789352 -0.000000
vn -0.613941 0.789352 -0.000000
vn -0.613941 0.789352 -0.000000
vn 0.474100 0.880471 -0.000000
vn 0.474100 0.880471 -0.000000
vn 0.474100 0.880471 -0.000000
vn 0.474100 0.880471 -0.000000
vn -0.086630 0.996241 -0.000000
vn -0.086630 0.996241 -0.000000
vn -0.086630 0.996241 -0.000000
vn -0.086630 0.996241 -0.000000
vn 0.707107 0.707107 -0.000000
vn 0.707107 0.707107 -0.000000
vn 0.707107 0.707107 -0.000000
vn 0.707107 0.707107 -0.000000
vn 0.990830 -0.135113 -0.000000
vn 0.990830 -0.135113 -0.000000
vn 0.990830 -0.135113 -0.000000
vn 0.990830 -0.135113 -0.000000
vn 0.435561 -0.900159 -0.000000
vn 0.435561 -0.900159 -0.000000
vn 0.435561 -0.900159 -0.000000
vn 0.435561 -0.900159 -0.000000
vn -0.231621 -0.972806 -0.000000
vn -0.231621 -0.972806 -0.000000
vn -0.231621 -0.972806 -0.000000
vn -0.231621 -0.972806 -0.000000
vn -0.707107 -0.707107 -0.000000
vn -0.707107 -0.707107 -0.000000
vn -0.707107 -0.707107 -0.000000
vn -0.707107 -0.707107 -0.000000
vn -0.996729 0.080816 -0.000000
vn -0.996729 0.080816 -0.000000
vn -0.996729 0.080816 -0.000000
vn -0.996729 0.080816 -0.000000
vn 0.000000 0.000000 -1.000000
vn 0.000000 0.000000 -1.000000
vn 0.000000 0.000000 -1.000000
vn 0.000000 0.000000 -1.000000
vn 0.000000 0.000000 -1.000000
vn 0.000000 0.000000 -1.000000
vn 0.000000 0.000000 -1.000000
vn 0.000000 0.000000 -1.000000
vn 0.000000 0.000000 -1.000000
vn 0.000000 0.000000 -1.000000
vn 0.000000 0.000000 1.000000
vn 0.000000 0.000000 1.000000
vn 0.000000 0.000000 1.000000
vn 0.000000 0.000000 1.000000
vn 0.000000 0.000000 1.000000
vn 0.000000 0.000000 1.000000
vn 0.000000 0.000000 1.000000
vn 0.000000 0.000000 1.000000
vn 0.000000 0.000000 1.000000
vn 0.000000 0.000000 1.000000
vn 0.796162 0.605083 -0.000000
vn 0.796162 0.605083 -0.000000
vn 0.796162 0.605083 -0.000000
vn 0.796162 0.605083 -0.000000
vn 0.995634 -0.093341 -0.000000
vn 0.995634 -0.093341 -0.000000
vn 0.995634 -0.093341 -0.000000
vn 0.995634 -0.093341 -0.000000
vn 0.224860 -0.974391 -0.000000
vn 0.224860 -0.974391 -0.000000
vn 0.224860 -0.974391 -0.000000
vn 0.224860 -0.974391 -0.000000
vn 0.977802 -0.209529 -0.000000
vn 0.977802 -0.209529 -0.000000
vn 0.977802 -0.209529 -0.000000
vn 0.977802 -0.209529 -0.000000
vn 0.187112 -0.982339 -0.000000
vn 0.187112 -0.982339 -0.000000
vn 0.187112 -0.982339 -0.000000
vn 0.187112 -0.982339 -0.000000
vn -0.857493 0.514496 -0.000000
vn -0.857493 0.514496 -0.000000
vn -0.857493 0.514496 -0.000000
vn -0.857493 0.514496 -0.000000
vn -0.857493 -0.514496 -0.000000
vn -0.857493 -0.514496 -0.000000
vn -0.857493 -0.514496 -0.000000
vn -0.857493 -0.514496 -0.000000
vn -0.990830 0.135113 -0.000000
vn -0.990830 0.135113 -0.000000
vn -0.990830 0.135113 -0.000000
vn -0.990830 0.135113 -0.000000
vn -0.624695 0.780869 -0.000000
vn -0.624695 0.780869 -0.000000
vn -0.624695 0.780869 -0.000000
vn -0.624695 0.780869 -0.000000
vn 0.000000 1.000000 -0.000000
vn 0.000000 1.000000 -0.000000
vn 0.000000 1.000000 -0.000000
vn 0.000000 1.000000 -0.000000
vn 0.000000 0.000000 -1.000000
vn 0.000000 0.000000 -1.000000
vn 0.000000 0.000000 -1.000000
vn 0.000000 0.000000 -1.000000
vn 0.000000 0.000000 -1.000000
vn 0.000000 0.000000 -1.000000
vn 0.000000 0.000000 1.000000
vn 0.000000 0.000000 1.000000
vn 0.000000 0.000000 1.000000
vn 0.000000 0.000000 1.000000
vn 0.000000 0.000000 1.000000
vn 0.000000 0.000000 1.000000
vn 0.832050 0.554700 -0.000000
vn 0.832050 0.554700 -0.000000
vn 0.832050 0.554700 -0.000000
vn 0.832050 0.554700 -0.000000
vn 0.996130 -0.087894 -0.000000
vn 0.996130 -0.087894 -0.000000
vn 0.996130 -0.087894 -0.000000
vn 0.996130 -0.087894 -0.000000
vn 0.690476 -0.723356 -0.000000
vn 0.690476 -0.723356 -0.000000
vn 0.690476 -0.723356 -0.000000
vn 0.690476 -0.723356 -0.000000
vn 0.000000 -1.000000 -0.000000
vn 0.000000 -1.000000 -0.000000
vn 0.000000 -1.000000 -0.000000
vn 0.000000 -1.000000 -0.000000
vn -0.977802 0.209529 -0.000000
vn -0.977802 0.209529 -0.000000
vn -0.977802 0.209529 -0.000000
vn -0.977802 0.209529 -0.000000
vn -0.057597 0.998340 -0.000000
vn -0.057597 0.998340 -0.000000
vn -0.057597 0.998340 -0.000000
vn -0.057597 0.998340 -0.000000
vn 0.000000 0.000000 -1.000000
vn 0.000000 0.000000 -1.000000
vn 0.000000 0.000000 -1.000000
vn 0.000000 0.000000 -1.000000
vn 0.000000 0.000000 -1.000000
vn 0.000000 0.000000 -1.000000
vn 0.000000 0.000000 1.000000
vn 0.000000 0.000000 1.000000
vn 0.000000 0.000000 1.000000
vn 0.000000 0.000000 1.000000
vn 0.000000 0.000000 1.000000
vn 0.000000 0.000000 1.000000
vn 0.771930 0.635707 -0.000000
vn 0.771930 0.635707 -0.000000
vn 0.771930 0.635707 -0.000000
vn 0.771930 0.635707 -0.000000
vn 0.991228 -0.132164 -0.000000
vn 0.991228 -0.132164 -0.000000
vn 0.991228 -0.132164 -0.000000
vn 0.991228 -0.132164 -0.000000
vn 0.000000 -1.000000 -0.000000
vn 0.000000 -1.000000 -0.000000
vn 0.000000 -1.000000 -0.000000
vn 0.000000 -1.000000 -0.000000
vn -1.000000 -0.000000 -0.000000
vn -1.000000 -0.000000 -0.000000
vn -1.000000 -0.000000 -0.000000
vn -1.000000 -0.000000 -0.000000
vn -0.707107 -0.707107 -0.000000
vn -0.707107 -0.707107 -0.000000
vn -0.707107 -0.707107 -0.000000
vn -0.707107 -0.707107 -0.000000
vn -0.997054 0.076696 -0.000000
vn -0.997054 0.076696 -0.000000
vn -0.997054 0.076696 -0.000000
vn -0.997054 0.076696 -0.000000
vn 0.000000 0.000000 -1.000000
vn 0.000000 0.000000 -1.000000
vn 0.000000 0.000000 -1.000000
vn 0.000000 0.000000 -1.000000
vn 0.000000 0.000000 -1.000000
vn 0.000000 0.000000 -1.000000
vn 0.000000 0.000000 -1.000000
vn 0.000000 0.000000 1.000000
vn 0.000000 0.000000 1.000000
vn 0.000000 0.000000 1.000000
vn 0.000000 0.000000 1.000000
vn 0.000000 0.000000 1.000000
vn 0.000000 0.000000 1.000000
vn 0.000000 0.000000 1.000000
vn 1.000000 -0.000000 -0.000000
vn 1.000000 -0.000000 -0.000000
vn 1.000000 -0.000000 -0.000000
vn 1.000000 -0.000000 -0.000000
vn 0.316228 -0.948683 -0.000000
vn 0.316228 -0.948683 -0.000000
vn 0.316228 -0.948683 -0.000000
vn 0.316228 -0.948683 -0.000000
vn -0.640184 -0.768221 -0.000000
vn -0.640184 -0.768221 -0.000000
vn -0.640184 -0.768221 -0.000000
vn -0.640184 -0.768221 -0.000000
vn -0.994692 -0.102899 -0.000000
vn -0.994692 -0.102899 -0.000000
vn -0.994692 -0.102899 -0.000000
vn -0.994692 -0.102899 -0.000000
vn -0.554700 0.832050 -0.000000
vn -0.554700 0.832050 -0.000000
vn -0.554700 0.832050 -0.000000
vn -0.554700 0.832050 -0.000000
vn -0.977802 0.209529 -0.000000
vn -0.977802 0.209529 -0.000000
vn -0.977802 0.209529 -0.000000
vn -0.977802 0.209529 -0.000000
vn 0.000000 1.000000 -0.000000
vn 0.000000 1.000000 -0.000000
vn 0.000000 1.000000 -0.000000
vn 0.000000 1.000000 -0.000000
vn 0.000000 0.000000 -1.000000
vn 0.000000 0.000000 -1.000000
vn 0.000000 0.000000 -1.000000
vn 0.000000 0.000000 -1.000000
vn 0.000000 0.000000 -1.000000
vn 0.000000 0.000000 -1.000000
vn 0.000000 0.000000 -1.000000
vn 0.000000 0.000000 1.000000
vn 0.000000 0.000000 1.000000
vn 0.000000 0.000000 1.000000
vn 0.000000 0.000000 1.000000
vn 0.000000 0.000000 1.000000
vn 0.000000 0.000000 1.000000
vn 0.000000 0.000000 1.000000
vn 0.999056 0.043437 -0.000000
vn 0.999056 0.043437 -0.000000
vn 0.999056 0.043437 -0.000000
vn 0.999056 0.043437 -0.000000
vn 0.992486 -0.122361 -0.000000
vn 0.992486 -0.122361 -0.000000
vn 0.992486 -0.122361 -0.000000
vn 0.992486 -0.122361 -0.000000
vn 0.707107 -0.707107 -0.000000
vn 0.707107 -0.707107 -0.000000
vn 0.707107 -0.707107 -0.000000
vn 0.707107 -0.707107 -0.000000
vn -0.850265 -0.526355 -0.000000
vn -0.850265 -0.526355 -0.000000
vn -0.850265 -0.526355 -0.000000
vn -0.850265 -0.526355 -0.000000
vn -0.694136 0.719844 -0.000000
vn -0.694136 0.719844 -0.000000
vn -0.694136 0.719844 -0.000000
vn -0.694136 0.719844 -0.000000
vn -0.996670 -0.081546 -0.000000
vn -0.996670 -0.081546 -0.000000
vn -0.996670 -0.081546 -0.000000
vn -0.996670 -0.081546 -0.000000
vn -0.973940 0.226808 -0.000000
vn -0.973940 0.226808 -0.000000
vn -0.973940 0.226808 -0.000000
vn -0.973940 0.226808 -0.000000
vn 0.000000 0.000000 -1.000000
vn 0.000000 0.000000 -1.000000
vn 0.000000 0.000000 -1.000000
vn 0.000000 0.000000 -1.000000
vn 0.000000 0.000000 -1.000000
vn 0.000000 0.000000 -1.000000
vn 0.000000 0.000000 -1.000000
vn 0.000000 0.000000 1.000000
vn 0.000000 0.000000 1.000000
vn 0.000000 0.000000 1.000000
vn 0.000000 0.000000 1.000000
vn 0.000000 0.000000 1.000000
vn 0.000000 0.000000 1.000000
vn 0.000000 0.000000 1.000000
vn 1.000000 -0.000000 -0.000000
vn 1.000000 -0.000000 -0.000000
vn 1.000000 -0.000000 -0.000000
vn 1.000000 -0.000000 -0.000000
vn 0.079745 -0.996815 -0.000000
vn 0.079745 -0.996815 -0.000000
vn 0.079745 -0.996815 -0.000000
vn 0.079745 -0.996815 -0.000000
vn -0.149805 -0.988716 -0.000000
vn -0.149805 -0.988716 -0.000000
vn -0.149805 -0.988716 -0.000000
vn -0.149805 -0.988716 -0.000000
vn -1.000000 -0.000000 -0.000000
vn -1.000000 -0.000000 -0.000000
vn -1.000000 -0.000000 -0.000000
vn -1.000000 -0.000000 -0.000000
vn 0.000000 1.000000 -0.000000
vn 0.000000 1.000000 -0.000000
vn 0.000000 1.000000 -0.000000
vn 0.000000 1.000000 -0.000000
vn -0.581238 0.813733 -0.000000
vn -0.581238 0.813733 -0.000000
vn -0.581238 0.813733 -0.000000
vn -0.581238 0.813733 -0.000000
vn 0.164399 0.986394 -0.000000
vn 0.164399 0.986394 -0.000000
vn 0.164399 0.986394 -0.000000
vn 0.164399 0.986394 -0.000000
vn 0.000000 0.000000 -1.000000
vn 0.000000 0.000000 -1.000000
vn 0.000000 0.000000 -1.000000
vn 0.000000 0.000000 -1.000000
vn 0.000000 0.000000 -1.000000
vn 0.000000 0.000000 1.000000
vn 0.000000 0.000000 1.000000
vn 0.000000 0.000000 1.000000
vn 0.000000 0.000000 1.000000
vn 0.000000 0.000000 1.000000
vn -0.503871 0.863779 -0.000000
vn -0.503871 0.863779 -0.000000
vn -0.503871 0.863779 -0.000000
vn -0.503871 0.863779 -0.000000
vn 0.176299 0.984337 -0.000000
vn 0.176299 0.984337 -0.000000
vn 0.176299 0.984337 -0.000000
vn 0.176299 0.984337 -0.000000
vn 0.894427 0.447214 -0.000000
vn 0.894427 0.447214 -0.000000
vn 0.894427 0.447214 -0.000000
vn 0.894427 0.447214 -0.000000
vn -0.023523 -0.999723 -0.000000
vn -0.023523 -0.999723 -0.000000
vn -0.023523 -0.999723 -0.000000
vn -0.023523 -0.999723 -0.000000
vn -1.000000 -0.000000 -0.000000
vn -1.000000 -0.000000 -0.000000
vn -1.000000 -0.000000 -0.000000
vn -1.000000 -0.000000 -0.000000
vn 0.000000 0.000000 -1.000000
vn 0.000000 0.000000 -1.000000
vn 0.000000 0.000000 -1.000000
vn 0.000000 0.000000 -1.000000
vn 0.000000 0.000000 -1.000000
vn 0.000000 0.000000 1.000000
vn 0.000000 0.000000 1.000000
vn 0.000000 0.000000 1.000000
vn 0.000000 0.000000 1.000000
vn 0.000000 0.000000 1.000000
vn 0.683941 -0.729537 -0.000000
vn 0.683941 -0.729537 -0.000000
vn 0.683941 -0.729537 -0.000000
vn 0.683941 -0.729537 -0.000000
vn -0.029227 -0.999573 -0.000000
vn -0.029227 -0.999573 -0.000000
vn -0.029227 -0.999573 -0.000000
vn -0.029227 -0.999573 -0.000000
vn -0.877896 0.478852 -0.000000
vn -0.877896 0.478852 -0.000000
vn -0.877896 0.478852 -0.000000
vn -0.877896 0.478852 -0.000000
vn -0.024583 0.999698 -0.000000
vn -0.024583 0.999698 -0.000000
vn -0.024583 0.999698 -0.000000
vn -0.024583 0.999698 -0.000000
vn 0.272322 0.962206 -0.000000
vn 0.272322 0.962206 -0.000000
vn 0.272322 0.962206 -0.000000
vn 0.272322 0.962206 -0.000000

# Faces
usemtl color_255_182_193
f 1//1 2//2 3//3
f 1//1 3//3 4//4
f 1//1 4//4 5//5
f 1//1 5//5 6//6
f 1//1 6//6 7//7
f 8//8 10//10 9//9
f 8//8 11//11 10//10
f 8//8 12//12 11//11
f 8//8 13//13 12//12
f 8//8 14//14 13//13
f 1//1 9//9 2//2
f 1//1 8//8 9//9
f 15//15 16//16 17//17
f 15//15 17//17 18//18
f 1//1 15//15 18//18
f 1//1 18//18 8//8
f 2//2 17//17 16//16
f 2//2 9//9 17//17
f 2//2 10//10 3//3
f 2//2 9//9 10//10
f 19//19 20//20 21//21
f 19//19 21//21 22//22
f 2//2 19//19 22//22
f 2//2 22//22 9//9
f 3//3 21//21 20//20
f 3//3 10//10 21//21
f 3//3 11//11 4//4
f 3//3 10//10 11//11
f 23//23 24//24 25//25
f 23//23 25//25 26//26
f 3//3 23//23 26//26
f 3//3 26//26 10//10
f 4//4 25//25 24//24
f 4//4 11//11 25//25
f 4//4 12//12 5//5
f 4//4 11//11 12//12
f 27//27 28//28 29//29
f 27//27 29//29 30//30
f 4//4 27//27 30//30
f 4//4 30//30 11//11
f 5//5 29//29 28//28
f 5//5 12//12 29//29
f 5//5 13//13 6//6
f 5//5 12//12 13//13
f 31//31 32//32 33//33
f 31//31 33//33 34//34
f 5//5 31//31 34//34
f 5//5 34//34 12//12
f 6//6 33//33 32//32
f 6//6 13//13 33//33
f 6//6 14//14 7//7
f 6//6 13//13 14//14
f 35//35 36//36 37//37
f 35//35 37//37 38//38
f 6//6 35//35 38//38
f 6//6 38//38 13//13
f 7//7 37//37 36//36
f 7//7 14//14 37//37
f 7//7 8//8 1//1
f 7//7 14//14 8//8
f 39//39 40//40 41//41
f 39//39 41//41 42//42
f 7//7 39//39 42//42
f 7//7 42//42 14//14
f 1//1 41//41 40//40
f 1//1 8//8 41//41
usemtl color_255_200_124
f 43//43 44//44 45//45
f 43//43 45//45 46//46
f 43//43 46//46 47//47
f 43//43 47//47 48//48
f 43//43 48//48 49//49
f 43//43 49//49 50//50
f 51//51 53//53 52//52
f 51//51 54//54 53//53
f 51//51 55//55 54//54
f 51//51 56//56 55//55
f 51//51 57//57 56//56
f 51//51 58//58 57//57
f 43//43 52//52 44//44
f 43//43 51//51 52//52
f 59//59 60//60 61//61
f 59//59 61//61 62//62
f 43//43 59//59 62//62
f 43//43 62//62 51//51
f 44//44 61//61 60//60
f 44//44 52//52 61//61
f 44//44 53//53 45//45
f 44//44 52//52 53//53
f 63//63 64//64 65//65
f 63//63 65//65 66//66
f 44//44 63//63 66//66
f 44//44 66//66 52//52
f 45//45 65//65 64//64
f 45//45 53//53 65//65
f 45//45 54//54 46//46
f 45//45 53//53 54//54
f 67//67 68//68 69//69
f 67//67 69//69 70//70
f 45//45 67//67 70//70
f 45//45 70//70 53//53
f 46//46 69//69 68//68
f 46//46 54//54 69//69
f 46//46 55//55 47//47
f 46//46 54//54 55//55
f 71//71 72//72 73//73
f 71//71 73//73 74//74
f 46//46 71//71 74//74
f 46//46 74//74 54//54
f 47//47 73//73 72//72
f 47//47 55//55 73//73
f 47//47 56//56 48//48
f 47//47 55//55 56//56
f 75//75 76//76 77//77
f 75//75 77//77 78//78
f 47//47 75//75 78//78
f 47//47 78//78 55//55
f 48//48 77//77 76//76
f 48//48 56//56 77//77
f 48//48 57//57 49//49
f 48//48 56//56 57//57
f 79//79 80//80 81//81
f 79//79 81//81 82//82
f 48//48 79//79 82//82
f 48//48 82//82 56//56
f 49//49 81//81 80//80
f 49//49 57//57 81//81
f 49//49 58//58 50//50
f 49//49 57//57 58//58
f 83//83 84//84 85//85
f 83//83 85//85 86//86
f 49//49 83//83 86//86
f 49//49 86//86 57//57
f 50//50 85//85 84//84
f 50//50 58//58 85//85
f 50//50 51//51 43//43
f 50//50 58//58 51//51
f 87//87 88//88 89//89
f 87//87 89//89 90//90
f 50//50 87//87 90//90
f 50//50 90//90 58//58
f 43//43 89//89 88//88
f 43//43 51//51 89//89
f 91//91 92//92 93//93
f 91//91 93//93 94//94
f 95//95 97//97 96//96
f 95//95 98//98 97//97
f 91//91 96//96 92//92
f 91//91 95//95 96//96
f 99//99 100//100 101//101
f 99//99 101//101 102//102
f 91//91 99//99 102//102
f 91//91 102//102 95//95
f 92//92 101//101 100//100
f 92//92 96//96 101//101
f 92//92 97//97 93//93
f 92//92 96//96 97//97
f 103//103 104//104 105//105
f 103//103 105//105 106//106
f 92//92 103//103 106//106
f 92//92 106//106 96//96
f 93//93 105//105 104//104
f 93//93 97//97 105//105
f 93//93 98//98 94//94
f 93//93 97//97 98//98
f 107//107 108//108 109//109
f 107//107 109//109 110//110
f 93//93 107//107 110//110
f 93//93 110//110 97//97
f 94//94 109//109 108//108
f 94//94 98//98 109//109
f 94//94 95//95 91//91
f 94//94 98//98 95//95
f 111//111 112//112 113//113
f 111//111 113//113 114//114
f 94//94 111//111 114//114
f 94//94 114//114 98//98
f 91//91 113//113 112//112
f 91//91 95//95 113//113
f 115//115 116//116 117//117
f 115//115 117//117 118//118
f 119//119 121//121 120//120
f 119//119 122//122 121//121
f 115//115 120//120 116//116
f 115//115 119//119 120//120
f 123//123 124//124 125//125
f 123//123 125//125 126//126
f 115//115 123//123 126//126
f 115//115 126//126 119//119
f 116//116 125//125 124//124
f 116//116 120//120 125//125
f 116//116 121//121 117//117
f 116//116 120//120 121//121
f 127//127 128//128 129//129
f 127//127 129//129 130//130
f 116//116 127//127 130//130
f 116//116 130//130 120//120
f 117//117 129//129 128//128
f 117//117 121//121 129//129
f 117//117 122//122 118//118
f 117//117 121//121 122//122
f 131//131 132//132 133//133
f 131//131 133//133 134//134
f 117//117 131//131 134//134
f 117//117 134//134 121//121
f 118//118 133//133 132//132
f 118//118 122//122 133//133
f 118//118 119//119 115//115
f 118//118 122//122 119//119
f 135//135 136//136 137//137
f 135//135 137//137 138//138
f 118//118 135//135 138//138
f 118//118 138//138 122//122
f 115//115 137//137 136//136
f 115//115 119//119 137//137
f 139//139 140//140 141//141
f 139//139 141//141 142//142
f 143//143 145//145 144//144
f 143//143 146//146 145//145
f 139//139 144//144 140//140
f 139//139 143//143 144//144
f 147//147 148//148 149//149
f 147//147 149//149 150//150
f 139//139 147//147 150//150
f 139//139 150//150 143//143
f 140//140 149//149 148//148
f 140//140 144//144 149//149
f 140//140 145//145 141//141
f 140//140 144//144 145//145
f 151//151 152//152 153//153
f 151//151 153//153 154//154
f 140//140 151//151 154//154
f 140//140 154//154 144//144
f 141//141 153//153 152//152
f 141//141 145//145 153//153
f 141//141 146//146 142//142
f 141//141 145//145 146//146
f 155//155 156//156 157//157
f 155//155 157//157 158//158
f 141//141 155//155 158//158
f 141//141 158//158 145//145
f 142//142 157//157 156//156
f 142//142 146//146 157//157
f 142//142 143//143 139//139
f 142//142 146//146 143//143
f 159//159 160//160 161//161
f 159//159 161//161 162//162
f 142//142 159//159 162//162
f 142//142 162//162 146//146
f 139//139 161//161 160//160
f 139//139 143//143 161//161
usemtl color_173_216_230
f 163//163 164//164 165//165
f 163//163 165//165 166//166
f 167//167 169//169 168//168
f 167//167 170//170 169//169
f 163//163 168//168 164//164
f 163//163 167//167 168//168
f 171//171 172//172 173//173
f 171//171 173//173 174//174
f 163//163 171//171 174//174
f 163//163 174//174 167//167
f 164//164 173//173 172//172
f 164//164 168//168 173//173
f 164//164 169//169 165//165
f 164//164 168//168 169//169
f 175//175 176//176 177//177
f 175//175 177//177 178//178
f 164//164 175//175 178//178
f 164//164 178//178 168//168
f 165//165 177//177 176//176
f 165//165 169//169 177//177
f 165//165 170//170 166//166
f 165//165 169//169 170//170
f 179//179 180//180 181//181
f 179//179 181//181 182//182
f 165//165 179//179 182//182
f 165//165 182//182 169//169
f 166//166 181//181 180//180
f 166//166 170//170 181//181
f 166//166 167//167 163//163
f 166//166 170//170 167//167
f 183//183 184//184 185//185
f 183//183 185//185 186//186
f 166//166 183//183 186//186
f 166//166 186//186 170//170
f 163//163 185//185 184//184
f 163//163 167//167 185//185
f 187//187 188//188 189//189
f 187//187 189//189 190//190
f 187//187 190//190 191//191
f 187//187 191//191 192//192
f 187//187 192//192 193//193
f 187//187 193//193 194//194
f 187//187 194//194 195//195
f 187//187 195//195 196//196
f 197//197 199//199 198//198
f 197//197 200//200 199//199
f 197//197 201//201 200//200
f 197//197 202//202 201//201
f 197//197 203//203 202//202
f 197//197 204//204 203//203
f 197//197 205//205 204//204
f 197//197 206//206 205//205
f 187//187 198//198 188//188
f 187//187 197//197 198//198
f 207//207 208//208 209//209
f 207//207 209//209 210//210
f 187//187 207//207 210//210
f 187//187 210//210 197//197
f 188//188 209//209 208//208
f 188//188 198//198 209//209
f 188//188 199//199 189//189
f 188//188 198//198 199//199
f 211//211 212//212 213//213
f 211//211 213//213 214//214
f 188//188 211//211 214//214
f 188//188 214//214 198//198
f 189//189 213//213 212//212
f 189//189 199//199 213//213
f 189//189 200//200 190//190
f 189//189 199//199 200//200
f 215//215 216//216 217//217
f 215//215 217//217 218//218
f 189//189 215//215 218//218
f 189//189 218//218 199//199
f 190//190 217//217 216//216
f 190//190 200//200 217//217
f 190//190 201//201 191//191
f 190//190 200//200 201//201
f 219//219 220//220 221//221
f 219//219 221//221 222//222
f 190//190 219//219 222//222
f 190//190 222//222 200//200
f 191//191 221//221 220//220
f 191//191 201//201 221//221
f 191//191 202//202 192//192
f 191//191 201//201 202//202
f 223//223 224//224 225//225
f 223//223 225//225 226//226
f 191//191 223//223 226//226
f 191//191 226//226 201//201
f 192//192 225//225 224//224
f 192//192 202//202 225//225
f 192//192 203//203 193//193
f 192//192 202//202 203//203
f 227//227 228//228 229//229
f 227//227 229//229 230//230
f 192//192 227//227 230//230
f 192//192 230//230 202//202
f 193//193 229//229 228//228
f 193//193 203//203 229//229
f 193//193 204//204 194//194
f 193//193 203//203 204//204
f 231//231 232//232 233//233
f 231//231 233//233 234//234
f 193//193 231//231 234//234
f 193//193 234//234 203//203
f 194//194 233//233 232//232
f 194//194 204//204 233//233
f 194//194 205//205 195//195
f 194//194 204//204 205//205
f 235//235 236//236 237//237
f 235//235 237//237 238//238
f 194//194 235//235 238//238
f 194//194 238//238 204//204
f 195//195 237//237 236//236
f 195//195 205//205 237//237
f 195//195 206//206 196//196
f 195//195 205//205 206//206
f 239//239 240//240 241//241
f 239//239 241//241 242//242
f 195//195 239//239 242//242
f 195//195 242//242 205//205
f 196//196 241//241 240//240
f 196//196 206//206 241//241
f 196//196 197//197 187//187
f 196//196 206//206 197//197
f 243//243 244//244 245//245
f 243//243 245//245 246//246
f 196//196 243//243 246//246
f 196//196 246//246 206//206
f 187//187 245//245 244//244
f 187//187 197//197 245//245
f 247//247 248//248 249//249
f 247//247 249//249 250//250
f 247//247 250//250 251//251
f 247//247 251//251 252//252
f 247//247 252//252 253//253
f 247//247 253//253 254//254
f 247//247 254//254 255//255
f 247//247 255//255 256//256
f 247//247 256//256 257//257
f 247//247 257//257 258//258
f 259//259 261//261 260//260
f 259//259 262//262 261//261
f 259//259 263//263 262//262
f 259//259 264//264 263//263
f 259//259 265//265 264//264
f 259//259 266//266 265//265
f 259//259 267//267 266//266
f 259//259 268//268 267//267
f 259//259 269//269 268//268
f 259//259 270//270 269//269
f 247//247 260//260 248//248
f 247//247 259//259 260//260
f 271//271 272//272 273//273
f 271//271 273//273 274//274
f 247//247 271//271 274//274
f 247//247 274//274 259//259
f 248//248 273//273 272//272
f 248//248 260//260 273//273
f 248//248 261//261 249//249
f 248//248 260//260 261//261
f 275//275 276//276 277//277
f 275//275 277//277 278//278
f 248//248 275//275 278//278
f 248//248 278//278 260//260
f 249//249 277//277 276//276
f 249//249 261//261 277//277
f 249//249 262//262 250//250
f 249//249 261//261 262//262
f 279//279 280//280 281//281
f 279//279 281//281 282//282
f 249//249 279//279 282//282
f 249//249 282//282 261//261
f 250//250 281//281 280//280
f 250//250 262//262 281//281
f 250//250 263//263 251//251
f 250//250 262//262 263//263
f 283//283 284//284 285//285
f 283//283 285//285 286//286
f 250//250 283//283 286//286
f 250//250 286//286 262//262
f 251//251 285//285 284//284
f 251//251 263//263 285//285
f 251//251 264//264 252//252
f 251//251 263//263 264//264
f 287//287 288//288 289//289
f 287//287 289//289 290//290
f 251//251 287//287 290//290
f 251//251 290//290 263//263
f 252//252 289//289 288//288
f 252//252 264//264 289//289
f 252//252 265//265 253//253
f 252//252 264//264 265//265
f 291//291 292//292 293//293
f 291//291 293//293 294//294
f 252//252 291//291 294//294
f 252//252 294//294 264//264
f 253//253 293//293 292//292
f 253//253 265//265 293//293
f 253//253 266//266 254//254
f 253//253 265//265 266//266
f 295//295 296//296 297//297
f 295//295 297//297 298//298
f 253//253 295//295 298//298
f 253//253 298//298 265//265
f 254//254 297//297 296//296
f 254//254 266//266 297//297
f 254//254 267//267 255//255
f 254//254 266//266 267//267
f 299//299 300//300 301//301
f 299//299 301//301 302//302
f 254//254 299//299 302//302
f 254//254 302//302 266//266
f 255//255 301//301 300//300
f 255//255 267//267 301//301
f 255//255 268//268 256//256
f 255//255 267//267 268//268
f 303//303 304//304 305//305
f 303//303 305//305 306//306
f 255//255 303//303 306//306
f 255//255 306//306 267//267
f 256//256 305//305 304//304
f 256//256 268//268 305//305
f 256//256 269//269 257//257
f 256//256 268//268 269//269
f 307//307 308//308 309//309
f 307//307 309//309 310//310
f 256//256 307//307 310//310
f 256//256 310//310 268//268
f 257//257 309//309 308//308
f 257//257 269//269 309//309
f 257//257 270//270 258//258
f 257//257 269//269 270//270
f 311//311 312//312 313//313
f 311//311 313//313 314//314
f 257//257 311//311 314//314
f 257//257 314//314 269//269
f 258//258 313//313 312//312
f 258//258 270//270 313//313
f 258//258 259//259 247//247
f 258//258 270//270 259//259
f 315//315 316//316 317//317
f 315//315 317//317 318//318
f 258//258 315//315 318//318
f 258//258 318//318 270//270
f 247//247 317//317 316//316
f 247//247 259//259 317//317
f 319//319 320//320 321//321
f 319//319 321//321 322//322
f 319//319 322//322 323//323
f 319//319 323//323 324//324
f 319//319 324//324 325//325
f 319//319 325//325 326//326
f 319//319 326//326 327//327
f 319//319 327//327 328//328
f 329//329 331//331 330//330
f 329//329 332//332 331//331
f 329//329 333//333 332//332
f 329//329 334//334 333//333
f 329//329 335//335 334//334
f 329//329 336//336 335//335
f 329//329 337//337 336//336
f 329//329 338//338 337//337
f 319//319 330//330 320//320
f 319//319 329//329 330//330
f 339//339 340//340 341//341
f 339//339 341//341 342//342
f 319//319 339//339 342//342
f 319//319 342//342 329//329
f 320//320 341//341 340//340
f 320//320 330//330 341//341
f 320//320 331//331 321//321
f 320//320 330//330 331//331
f 343//343 344//344 345//345
f 343//343 345//345 346//346
f 320//320 343//343 346//346
f 320//320 346//346 330//330
f 321//321 345//345 344//344
f 321//321 331//331 345//345
f 321//321 332//332 322//322
f 321//321 331//331 332//332
f 347//347 348//348 349//349
f 347//347 349//349 350//350
f 321//321 347//347 350//350
f 321//321 350//350 331//331
f 322//322 349//349 348//348
f 322//322 332//332 349//349
f 322//322 333//333 323//323
f 322//322 332//332 333//333
f 351//351 352//352 353//353
f 351//351 353//353 354//354
f 322//322 351//351 354//354
f 322//322 354//354 332//332
f 323//323 353//353 352//352
f 323//323 333//333 353//353
f 323//323 334//334 324//324
f 323//323 333//333 334//334
f 355//355 356//356 357//357
f 355//355 357//357 358//358
f 323//323 355//355 358//358
f 323//323 358//358 333//333
f 324//324 357//357 356//356
f 324//324 334//334 357//357
f 324//324 335//335 325//325
f 324//324 334//334 335//335
f 359//359 360//360 361//361
f 359//359 361//361 362//362
f 324//324 359//359 362//362
f 324//324 362//362 334//334
f 325//325 361//361 360//360
f 325//325 335//335 361//361
f 325//325 336//336 326//326
f 325//325 335//335 336//336
f 363//363 364//364 365//365
f 363//363 365//365 366//366
f 325//325 363//363 366//366
f 325//325 366//366 335//335
f 326//326 365//365 364//364
f 326//326 336//336 365//365
f 326//326 337//337 327//327
f 326//326 336//336 337//337
f 367//367 368//368 369//369
f 367//367 369//369 370//370
f 326//326 367//367 370//370
f 326//326 370//370 336//336
f 327//327 369//369 368//368
f 327//327 337//337 369//369
f 327//327 338//338 328//328
f 327//327 337//337 338//338
f 371//371 372//372 373//373
f 371//371 373//373 374//374
f 327//327 371//371 374//374
f 327//327 374//374 337//337
f 328//328 373//373 372//372
f 328//328 338//338 373//373
f 328//328 329//329 319//319
f 328//328 338//338 329//329
f 375//375 376//376 377//377
f 375//375 377//377 378//378
f 328//328 375//375 378//378
f 328//328 378//378 338//338
f 319//319 377//377 376//376
f 319//319 329//329 377//377
f 379//379 380//380 381//381
f 379//379 381//381 382//382
f 379//379 382//382 383//383
f 379//379 383//383 384//384
f 379//379 384//384 385//385
f 386//386 388//388 387//387
f 386//386 389//389 388//388
f 386//386 390//390 389//389
f 386//386 391//391 390//390
f 386//386 392//392 391//391
f 379//379 387//387 380//380
f 379//379 386//386 387//387
f 393//393 394//394 395//395
f 393//393 395//395 396//396
f 379//379 393//393 396//396
f 379//379 396//396 386//386
f 380//380 395//395 394//394
f 380//380 387//387 395//395
f 380//380 388//388 381//381
f 380//380 387//387 388//388
f 397//397 398//398 399//399
f 397//397 399//399 400//400
f 380//380 397//397 400//400
f 380//380 400//400 387//387
f 381//381 399//399 398//398
f 381//381 388//388 399//399
f 381//381 389//389 382//382
f 381//381 388//388 389//389
f 401//401 402//402 403//403
f 401//401 403//403 404//404
f 381//381 401//401 404//404
f 381//381 404//404 388//388
f 382//382 403//403 402//402
f 382//382 389//389 403//403
f 382//382 390//390 383//383
f 382//382 389//389 390//390
f 405//405 406//406 407//407
f 405//405 407//407 408//408
f 382//382 405//405 408//408
f 382//382 408//408 389//389
f 383//383 407//407 406//406
f 383//383 390//390 407//407
f 383//383 391//391 384//384
f 383//383 390//390 391//391
f 409//409 410//410 411//411
f 409//409 411//411 412//412
f 383//383 409//409 412//412
f 383//383 412//412 390//390
f 384//384 411//411 410//410
f 384//384 391//391 411//411
f 384//384 392//392 385//385
f 384//384 391//391 392//392
f 413//413 414//414 415//415
f 413//413 415//415 416//416
f 384//384 413//413 416//416
f 384//384 416//416 391//391
f 385//385 415//415 414//414
f 385//385 392//392 415//415
f 385//385 386//386 379//379
f 385//385 392//392 386//386
f 417//417 418//418 419//419
f 417//417 419//419 420//420
f 385//385 417//417 420//420
f 385//385 420//420 392//392
f 379//379 419//419 418//418
f 379//379 386//386 419//419
f 421//421 422//422 423//423
f 421//421 423//423 424//424
f 421//421 424//424 425//425
f 421//421 425//425 426//426
f 421//421 426//426 427//427
f 421//421 427//427 428//428
f 421//421 428//428 429//429
f 430//430 432//432 431//431
f 430//430 433//433 432//432
f 430//430 434//434 433//433
f 430//430 435//435 434//434
f 430//430 436//436 435//435
f 430//430 437//437 436//436
f 430//430 438//438 437//437
f 421//421 431//431 422//422
f 421//421 430//430 431//431
f 439//439 440//440 441//441
f 439//439 441//441 442//442
f 421//421 439//439 442//442
f 421//421 442//442 430//430
f 422//422 441//441 440//440
f 422//422 431//431 441//441
f 422//422 432//432 423//423
f 422//422 431//431 432//432
f 443//443 444//444 445//445
f 443//443 445//445 446//446
f 422//422 443//443 446//446
f 422//422 446//446 431//431
f 423//423 445//445 444//444
f 423//423 432//432 445//445
f 423//423 433//433 424//424
f 423//423 432//432 433//433
f 447//447 448//448 449//449
f 447//447 449//449 450//450
f 423//423 447//447 450//450
f 423//423 450//450 432//432
f 424//424 449//449 448//448
f 424//424 433//433 449//449
f 424//424 434//434 425//425
f 424//424 433//433 434//434
f 451//451 452//452 453//453
f 451//451 453//453 454//454
f 424//424 451//451 454//454
f 424//424 454//454 433//433
f 425//425 453//453 452//452
f 425//425 434//434 453//453
f 425//425 435//435 426//426
f 425//425 434//434 435//435
f 455//455 456//456 457//457
f 455//455 457//457 458//458
f 425//425 455//455 458//458
f 425//425 458//458 434//434
f 426//426 457//457 456//456
f 426//426 435//435 457//457
f 426//426 436//436 427//427
f 426//426 435//435 436//436
f 459//459 460//460 461//461
f 459//459 461//461 462//462
f 426//426 459//459 462//462
f 426//426 462//462 435//435
f 427//427 461//461 460//460
f 427//427 436//436 461//461
f 427//427 437//437 428//428
f 427//427 436//436 437//437
f 463//463 464//464 465//465
f 463//463 465//465 466//466
f 427//427 463//463 466//466
f 427//427 466//466 436//436
f 428//428 465//465 464//464
f 428//428 437//437 465//465
f 428//428 438//438 429//429
f 428//428 437//437 438//438
f 467//467 468//468 469//469
f 467//467 469//469 470//470
f 428//428 467//467 470//470
f 428//428 470//470 437//437
f 429//429 469//469 468//468
f 429//429 438//438 469//469
f 429//429 430//430 421//421
f 429//429 438//438 430//430
f 471//471 472//472 473//473
f 471//471 473//473 474//474
f 429//429 471//471 474//474
f 429//429 474//474 438//438
f 421//421 473//473 472//472
f 421//421 430//430 473//473
f 475//475 476//476 477//477
f 475//475 477//477 478//478
f 475//475 478//478 479//479
f 475//475 479//479 480//480
f 475//475 480//480 481//481
f 482//482 484//484 483//483
f 482//482 485//485 484//484
f 482//482 486//486 485//485
f 482//482 487//487 486//486
f 482//482 488//488 487//487
f 475//475 483//483 476//476
f 475//475 482//482 483//483
f 489//489 490//490 491//491
f 489//489 491//491 492//492
f 475//475 489//489 492//492
f 475//475 492//492 482//482
f 476//476 491//491 490//490
f 476//476 483//483 491//491
f 476//476 484//484 477//477
f 476//476 483//483 484//484
f 493//493 494//494 495//495
f 493//493 495//495 496//496
f 476//476 493//493 496//496
f 476//476 496//496 483//483
f 477//477 495//495 494//494
f 477//477 484//484 495//495
f 477//477 485//485 478//478
f 477//477 484//484 485//485
f 497//497 498//498 499//499
f 497//497 499//499 500//500
f 477//477 497//497 500//500
f 477//477 500//500 484//484
f 478//478 499//499 498//498
f 478//478 485//485 499//499
f 478//478 486//486 479//479
f 478//478 485//485 486//486
f 501//501 502//502 503//503
f 501//501 503//503 504//504
f 478//478 501//501 504//504
f 478//478 504//504 485//485
f 479//479 503//503 502//502
f 479//479 486//486 503//503
f 479//479 487//487 480//480
f 479//479 486//486 487//487
f 505//505 506//506 507//507
f 505//505 507//507 508//508
f 479//479 505//505 508//508
f 479//479 508//508 486//486
f 480//480 507//507 506//506
f 480//480 487//487 507//507
f 480//480 488//488 481//481
f 480//480 487//487 488//488
f 509//509 510//510 511//511
f 509//509 511//511 512//512
f 480//480 509//509 512//512
f 480//480 512//512 487//487
f 481//481 511//511 510//510
f 481//481 488//488 511//511
f 481//481 482//482 475//475
f 481//481 488//488 482//482
f 513//513 514//514 515//515
f 513//513 515//515 516//516
f 481//481 513//513 516//516
f 481//481 516//516 488//488
f 475//475 515//515 514//514
f 475//475 482//482 515//515
usemtl color_255_228_181
f 517//517 518//518 519//519
f 517//517 519//519 520//520
f 517//517 520//520 521//521
f 517//517 521//521 522//522
f 517//517 522//522 523//523
f 517//517 523//523 524//524
f 525//525 527//527 526//526
f 525//525 528//528 527//527
f 525//525 529//529 528//528
f 525//525 530//530 529//529
f 525//525 531//531 530//530
f 525//525 532//532 531//531
f 517//517 526//526 518//518
f 517//517 525//525 526//526
f 533//533 534//534 535//535
f 533//533 535//535 536//536
f 517//517 533//533 536//536
f 517//517 536//536 525//525
f 518//518 535//535 534//534
f 518//518 526//526 535//535
f 518//518 527//527 519//519
f 518//518 526//526 527//527
f 537//537 538//538 539//539
f 537//537 539//539 540//540
f 518//518 537//537 540//540
f 518//518 540//540 526//526
f 519//519 539//539 538//538
f 519//519 527//527 539//539
f 519//519 528//528 520//520
f 519//519 527//527 528//528
f 541//541 542//542 543//543
f 541//541 543//543 544//544
f 519//519 541//541 544//544
f 519//519 544//544 527//527
f 520//520 543//543 542//542
f 520//520 528//528 543//543
f 520//520 529//529 521//521
f 520//520 528//528 529//529
f 545//545 546//546 547//547
f 545//545 547//547 548//548
f 520//520 545//545 548//548
f 520//520 548//548 528//528
f 521//521 547//547 546//546
f 521//521 529//529 547//547
f 521//521 530//530 522//522
f 521//521 529//529 530//530
f 549//549 550//550 551//551
f 549//549 551//551 552//552
f 521//521 549//549 552//552
f 521//521 552//552 529//529
f 522//522 551//551 550//550
f 522//522 530//530 551//551
f 522//522 531//531 523//523
f 522//522 530//530 531//531
f 553//553 554//554 555//555
f 553//553 555//555 556//556
f 522//522 553//553 556//556
f 522//522 556//556 530//530
f 523//523 555//555 554//554
f 523//523 531//531 555//555
f 523//523 532//532 524//524
f 523//523 531//531 532//532
f 557//557 558//558 559//559
f 557//557 559//559 560//560
f 523//523 557//557 560//560
f 523//523 560//560 531//531
f 524//524 559//559 558//558
f 524//524 532//532 559//559
f 524//524 525//525 517//517
f 524//524 532//532 525//525
f 561//561 562//562 563//563
f 561//561 563//563 564//564
f 524//524 561//561 564//564
f 524//524 564//564 532//532
f 517//517 563//563 562//562
f 517//517 525//525 563//563
f 565//565 566//566 567//567
f 565//565 567//567 568//568
f 565//565 568//568 569//569
f 565//565 569//569 570//570
f 565//565 570//570 571//571
f 572//572 574//574 573//573
f 572//572 575//575 574//574
f 572//572 576//576 575//575
f 572//572 577//577 576//576
f 572//572 578//578 577//577
f 565//565 573//573 566//566
f 565//565 572//572 573//573
f 579//579 580//580 581//581
f 579//579 581//581 582//582
f 565//565 579//579 582//582
f 565//565 582//582 572//572
f 566//566 581//581 580//580
f 566//566 573//573 581//581
f 566//566 574//574 567//567
f 566//566 573//573 574//574
f 583//583 584//584 585//585
f 583//583 585//585 586//586
f 566//566 583//583 586//586
f 566//566 586//586 573//573
f 567//567 585//585 584//584
f 567//567 574//574 585//585
f 567//567 575//575 568//568
f 567//567 574//574 575//575
f 587//587 588//588 589//589
f 587//587 589//589 590//590
f 567//567 587//587 590//590
f 567//567 590//590 574//574
f 568//568 589//589 588//588
f 568//568 575//575 589//589
f 568//568 576//576 569//569
f 568//568 575//575 576//576
f 591//591 592//592 593//593
f 591//591 593//593 594//594
f 568//568 591//591 594//594
f 568//568 594//594 575//575
f 569//569 593//593 592//592
f 569//569 576//576 593//593
f 569//569 577//577 570//570
f 569//569 576//576 577//577
f 595//595 596//596 597//597
f 595//595 597//597 598//598
f 569//569 595//595 598//598
f 569//569 598//598 576//576
f 570//570 597//597 596//596
f 570//570 577//577 597//597
f 570//570 578//578 571//571
f 570//570 577//577 578//578
f 599//599 600//600 601//601
f 599//599 601//601 602//602
f 570//570 599//599 602//602
f 570//570 602//602 577//577
f 571//571 601//601 600//600
f 571//571 578//578 601//601
f 571//571 572//572 565//565
f 571//571 578//578 572//572
f 603//603 604//604 605//605
f 603//603 605//605 606//606
f 571//571 603//603 606//606
f 571//571 606//606 578//578
f 565//565 605//605 604//604
f 565//565 572//572 605//605
f 607//607 608//608 609//609
f 607//607 609//609 610//610
f 607//607 610//610 611//611
f 607//607 611//611 612//612
f 613//613 615//615 614//614
f 613//613 616//616 615//615
f 613//613 617//617 616//616
f 613//613 618//618 617//617
f 607//607 614//614 608//608
f 607//607 613//613 614//614
f 619//619 620//620 621//621
f 619//619 621//621 622//622
f 607//607 619//619 622//622
f 607//607 622//622 613//613
f 608//608 621//621 620//620
f 608//608 614//614 621//621
f 608//608 615//615 609//609
f 608//608 614//614 615//615
f 623//623 624//624 625//625
f 623//623 625//625 626//626
f 608//608 623//623 626//626
f 608//608 626//626 614//614
f 609//609 625//625 624//624
f 609//609 615//615 625//625
f 609//609 616//616 610//610
f 609//609 615//615 616//616
f 627//627 628//628 629//629
f 627//627 629//629 630//630
f 609//609 627//627 630//630
f 609//609 630//630 615//615
f 610//610 629//629 628//628
f 610//610 616//616 629//629
f 610//610 617//617 611//611
f 610//610 616//616 617//617
f 631//631 632//632 633//633
f 631//631 633//633 634//634
f 610//610 631//631 634//634
f 610//610 634//634 616//616
f 611//611 633//633 632//632
f 611//611 617//617 633//633
f 611//611 618//618 612//612
f 611//611 617//617 618//618
f 635//635 636//636 637//637
f 635//635 637//637 638//638
f 611//611 635//635 638//638
f 611//611 638//638 617//617
f 612//612 637//637 636//636
f 612//612 618//618 637//637
f 612//612 613//613 607//607
f 612//612 618//618 613//613
f 639//639 640//640 641//641
f 639//639 641//641 642//642
f 612//612 639//639 642//642
f 612//612 642//642 618//618
f 607//607 641//641 640//640
f 607//607 613//613 641//641
f 643//643 644//644 645//645
f 646//646 648//648 647//647
f 643//643 647//647 644//644
f 643//643 646//646 647//647
f 649//649 650//650 651//651
f 649//649 651//651 652//652
f 643//643 649//649 652//652
f 643//643 652//652 646//646
f 644//644 651//651 650//650
f 644//644 647//647 651//651
f 644//644 648//648 645//645
f 644//644 647//647 648//648
f 653//653 654//654 655//655
f 653//653 655//655 656//656
f 644//644 653//653 656//656
f 644//644 656//656 647//647
f 645//645 655//655 654//654
f 645//645 648//648 655//655
f 645//645 646//646 643//643
f 645//645 648//648 646//646
f 657//657 658//658 659//659
f 657//657 659//659 660//660
f 645//645 657//657 660//660
f 645//645 660//660 648//648
f 643//643 659//659 658//658
f 643//643 646//646 659//659
f 661//661 662//662 663//663
f 661//661 663//663 664//664
f 661//661 664//664 665//665
f 661//661 665//665 666//666
f 661//661 666//666 667//667
f 661//661 667//667 668//668
f 661//661 668//668 669//669
f 670//670 672//672 671//671
f 670//670 673//673 672//672
f 670//670 674//674 673//673
f 670//670 675//675 674//674
f 670//670 676//676 675//675
f 670//670 677//677 676//676
f 670//670 678//678 677//677
f 661//661 671//671 662//662
f 661//661 670//670 671//671
f 679//679 680//680 681//681
f 679//679 681//681 682//682
f 661//661 679//679 682//682
f 661//661 682//682 670//670
f 662//662 681//681 680//680
f 662//662 671//671 681//681
f 662//662 672//672 663//663
f 662//662 671//671 672//672
f 683//683 684//684 685//685
f 683//683 685//685 686//686
f 662//662 683//683 686//686
f 662//662 686//686 671//671
f 663//663 685//685 684//684
f 663//663 672//672 685//685
f 663//663 673//673 664//664
f 663//663 672//672 673//673
f 687//687 688//688 689//689
f 687//687 689//689 690//690
f 663//663 687//687 690//690
f 663//663 690//690 672//672
f 664//664 689//689 688//688
f 664//664 673//673 689//689
f 664//664 674//674 665//665
f 664//664 673//673 674//674
f 691//691 692//692 693//693
f 691//691 693//693 694//694
f 664//664 691//691 694//694
f 664//664 694//694 673//673
f 665//665 693//693 692//692
f 665//665 674//674 693//693
f 665//665 675//675 666//666
f 665//665 674//674 675//675
f 695//695 696//696 697//697
f 695//695 697//697 698//698
f 665//665 695//695 698//698
f 665//665 698//698 674//674
f 666//666 697//697 696//696
f 666//666 675//675 697//697
f 666//666 676//676 667//667
f 666//666 675//675 676//676
f 699//699 700//700 701//701
f 699//699 701//701 702//702
f 666//666 699//699 702//702
f 666//666 702//702 675//675
f 667//667 701//701 700//700
f 667//667 676//676 701//701
f 667//667 677//677 668//668
f 667//667 676//676 677//677
f 703//703 704//704 705//705
f 703//703 705//705 706//706
f 667//667 703//703 706//706
f 667//667 706//706 676//676
f 668//668 705//705 704//704
f 668//668 677//677 705//705
f 668//668 678//678 669//669
f 668//668 677//677 678//678
f 707//707 708//708 709//709
f 707//707 709//709 710//710
f 668//668 707//707 710//710
f 668//668 710//710 677//677
f 669//669 709//709 708//708
f 669//669 678//678 709//709
f 669//669 670//670 661//661
f 669//669 678//678 670//670
f 711//711 712//712 713//713
f 711//711 713//713 714//714
f 669//669 711//711 714//714
f 669//669 714//714 678//678
f 661//661 713//713 712//712
f 661//661 670//670 713//713
f 715//715 716//716 717//717
f 715//715 717//717 718//718
f 715//715 718//718 719//719
f 715//715 719//719 720//720
f 715//715 720//720 721//721
f 715//715 721//721 722//722
f 723//723 725//725 724//724
f 723//723 726//726 725//725
f 723//723 727//727 726//726
f 723//723 728//728 727//727
f 723//723 729//729 728//728
f 723//723 730//730 729//729
f 715//715 724//724 716//716
f 715//715 723//723 724//724
f 731//731 732//732 733//733
f 731//731 733//733 734//734
f 715//715 731//731 734//734
f 715//715 734//734 723//723
f 716//716 733//733 732//732
f 716//716 724//724 733//733
f 716//716 725//725 717//717
f 716//716 724//724 725//725
f 735//735 736//736 737//737
f 735//735 737//737 738//738
f 716//716 735//735 738//738
f 716//716 738//738 724//724
f 717//717 737//737 736//736
f 717//717 725//725 737//737
f 717//717 726//726 718//718
f 717//717 725//725 726//726
f 739//739 740//740 741//741
f 739//739 741//741 742//742
f 717//717 739//739 742//742
f 717//717 742//742 725//725
f 718//718 741//741 740//740
f 718//718 726//726 741//741
f 718//718 727//727 719//719
f 718//718 726//726 727//727
f 743//743 744//744 745//745
f 743//743 745//745 746//746
f 718//718 743//743 746//746
f 718//718 746//746 726//726
f 719//719 745//745 744//744
f 719//719 727//727 745//745
f 719//719 728//728 720//720
f 719//719 727//727 728//728
f 747//747 748//748 749//749
f 747//747 749//749 750//750
f 719//719 747//747 750//750
f 719//719 750//750 727//727
f 720//720 749//749 748//748
f 720//720 728//728 749//749
f 720//720 729//729 721//721
f 720//720 728//728 729//729
f 751//751 752//752 753//753
f 751//751 753//753 754//754
f 720//720 751//751 754//754
f 720//720 754//754 728//728
f 721//721 753//753 752//752
f 721//721 729//729 753//753
f 721//721 730//730 722//722
f 721//721 729//729 730//730
f 755//755 756//756 757//757
f 755//755 757//757 758//758
f 721//721 755//755 758//758
f 721//721 758//758 729//729
f 722//722 757//757 756//756
f 722//722 730//730 757//757
f 722//722 723//723 715//715
f 722//722 730//730 723//723
f 759//759 760//760 761//761
f 759//759 761//761 762//762
f 722//722 759//759 762//762
f 722//722 762//762 730//730
f 715//715 761//761 760//760
f 715//715 723//723 761//761
usemtl color_255_255_224
f 763//763 764//764 765//765
f 763//763 765//765 766//766
f 763//763 766//766 767//767
f 763//763 767//767 768//768
f 769//769 771//771 770//770
f 769//769 772//772 771//771
f 769//769 773//773 772//772
f 769//769 774//774 773//773
f 763//763 770//770 764//764
f 763//763 769//769 770//770
f 775//775 776//776 777//777
f 775//775 777//777 778//778
f 763//763 775//775 778//778
f 763//763 778//778 769//769
f 764//764 777//777 776//776
f 764//764 770//770 777//777
f 764//764 771//771 765//765
f 764//764 770//770 771//771
f 779//779 780//780 781//781
f 779//779 781//781 782//782
f 764//764 779//779 782//782
f 764//764 782//782 770//770
f 765//765 781//781 780//780
f 765//765 771//771 781//781
f 765//765 772//772 766//766
f 765//765 771//771 772//772
f 783//783 784//784 785//785
f 783//783 785//785 786//786
f 765//765 783//783 786//786
f 765//765 786//786 771//771
f 766//766 785//785 784//784
f 766//766 772//772 785//785
f 766//766 773//773 767//767
f 766//766 772//772 773//773
f 787//787 788//788 789//789
f 787//787 789//789 790//790
f 766//766 787//787 790//790
f 766//766 790//790 772//772
f 767//767 789//789 788//788
f 767//767 773//773 789//789
f 767//767 774//774 768//768
f 767//767 773//773 774//774
f 791//791 792//792 793//793
f 791//791 793//793 794//794
f 767//767 791//791 794//794
f 767//767 794//794 773//773
f 768//768 793//793 792//792
f 768//768 774//774 793//793
f 768//768 769//769 763//763
f 768//768 774//774 769//769
f 795//795 796//796 797//797
f 795//795 797//797 798//798
f 768//768 795//795 798//798
f 768//768 798//798 774//774
f 763//763 797//797 796//796
f 763//763 769//769 797//797
usemtl color_160_82_45
f 799//799 800//800 801//801
f 799//799 801//801 802//802
f 799//799 802//802 803//803
f 799//799 803//803 804//804
f 805//805 807//807 806//806
f 805//805 808//808 807//807
f 805//805 809//809 808//808
f 805//805 810//810 809//809
f 799//799 806//806 800//800
f 799//799 805//805 806//806
f 811//811 812//812 813//813
f 811//811 813//813 814//814
f 799//799 811//811 814//814
f 799//799 814//814 805//805
f 800//800 813//813 812//812
f 800//800 806//806 813//813
f 800//800 807//807 801//801
f 800//800 806//806 807//807
f 815//815 816//816 817//817
f 815//815 817//817 818//818
f 800//800 815//815 818//818
f 800//800 818//818 806//806
f 801//801 817//817 816//816
f 801//801 807//807 817//817
f 801//801 808//808 802//802
f 801//801 807//807 808//808
f 819//819 820//820 821//821
f 819//819 821//821 822//822
f 801//801 819//819 822//822
f 801//801 822//822 807//807
f 802//802 821//821 820//820
f 802//802 808//808 821//821
f 802//802 809//809 803//803
f 802//802 808//808 809//809
f 823//823 824//824 825//825
f 823//823 825//825 826//826
f 802//802 823//823 826//826
f 802//802 826//826 808//808
f 803//803 825//825 824//824
f 803//803 809//809 825//825
f 803//803 810//810 804//804
f 803//803 809//809 810//810
f 827//827 828//828 829//829
f 827//827 829//829 830//830
f 803//803 827//827 830//830
f 803//803 830//830 809//809
f 804//804 829//829 828//828
f 804//804 810//810 829//829
f 804//804 805//805 799//799
f 804//804 810//810 805//805
f 831//831 832//832 833//833
f 831//831 833//833 834//834
f 804//804 831//831 834//834
f 804//804 834//834 810//810
f 799//799 833//833 832//832
f 799//799 805//805 833//833
usemtl color_144_238_144
f 835//835 836//836 837//837
f 835//835 837//837 838//838
f 835//835 838//838 839//839
f 835//835 839//839 840//840
f 835//835 840//840 841//841
f 835//835 841//841 842//842
f 835//835 842//842 843//843
f 835//835 843//843 844//844
f 835//835 844//844 845//845
f 835//835 845//845 846//846
f 847//847 849//849 848//848
f 847//847 850//850 849//849
f 847//847 851//851 850//850
f 847//847 852//852 851//851
f 847//847 853//853 852//852
f 847//847 854//854 853//853
f 847//847 855//855 854//854
f 847//847 856//856 855//855
f 847//847 857//857 856//856
f 847//847 858//858 857//857
f 835//835 848//848 836//836
f 835//835 847//847 848//848
f 859//859 860//860 861//861
f 859//859 861//861 862//862
f 835//835 859//859 862//862
f 835//835 862//862 847//847
f 836//836 861//861 860//860
f 836//836 848//848 861//861
f 836//836 849//849 837//837
f 836//836 848//848 849//849
f 863//863 864//864 865//865
f 863//863 865//865 866//866
f 836//836 863//863 866//866
f 836//836 866//866 848//848
f 837//837 865//865 864//864
f 837//837 849//849 865//865
f 837//837 850//850 838//838
f 837//837 849//849 850//850
f 867//867 868//868 869//869
f 867//867 869//869 870//870
f 837//837 867//867 870//870
f 837//837 870//870 849//849
f 838//838 869//869 868//868
f 838//838 850//850 869//869
f 838//838 851//851 839//839
f 838//838 850//850 851//851
f 871//871 872//872 873//873
f 871//871 873//873 874//874
f 838//838 871//871 874//874
f 838//838 874//874 850//850
f 839//839 873//873 872//872
f 839//839 851//851 873//873
f 839//839 852//852 840//840
f 839//839 851//851 852//852
f 875//875 876//876 877//877
f 875//875 877//877 878//878
f 839//839 875//875 878//878
f 839//839 878//878 851//851
f 840//840 877//877 876//876
f 840//840 852//852 877//877
f 840//840 853//853 841//841
f 840//840 852//852 853//853
f 879//879 880//880 881//881
f 879//879 881//881 882//882
f 840//840 879//879 882//882
f 840//840 882//882 852//852
f 841//841 881//881 880//880
f 841//841 853//853 881//881
f 841//841 854//854 842//842
f 841//841 853//853 854//854
f 883//883 884//884 885//885
f 883//883 885//885 886//886
f 841//841 883//883 886//886
f 841//841 886//886 853//853
f 842//842 885//885 884//884
f 842//842 854//854 885//885
f 842//842 855//855 843//843
f 842//842 854//854 855//855
f 887//887 888//888 889//889
f 887//887 889//889 890//890
f 842//842 887//887 890//890
f 842//842 890//890 854//854
f 843//843 889//889 888//888
f 843//843 855//855 889//889
f 843//843 856//856 844//844
f 843//843 855//855 856//856
f 891//891 892//892 893//893
f 891//891 893//893 894//894
f 843//843 891//891 894//894
f 843//843 894//894 855//855
f 844//844 893//893 892//892
f 844//844 856//856 893//893
f 844//844 857//857 845//845
f 844//844 856//856 857//857
f 895//895 896//896 897//897
f 895//895 897//897 898//898
f 844//844 895//895 898//898
f 844//844 898//898 856//856
f 845//845 897//897 896//896
f 845//845 857//857 897//897
f 845//845 858//858 846//846
f 845//845 857//857 858//858
f 899//899 900//900 901//901
f 899//899 901//901 902//902
f 845//845 899//899 902//902
f 845//845 902//902 857//857
f 846//846 901//901 900//900
f 846//846 858//858 901//901
f 846//846 847//847 835//835
f 846//846 858//858 847//847
f 903//903 904//904 905//905
f 903//903 905//905 906//906
f 846//846 903//903 906//906
f 846//846 906//906 858//858
f 835//835 905//905 904//904
f 835//835 847//847 905//905
f 907//907 908//908 909//909
f 907//907 909//909 910//910
f 907//907 910//910 911//911
f 907//907 911//911 912//912
f 907//907 912//912 913//913
f 907//907 913//913 914//914
f 915//915 917//917 916//916
f 915//915 918//918 917//917
f 915//915 919//919 918//918
f 915//915 920//920 919//919
f 915//915 921//921 920//920
f 915//915 922//922 921//921
f 907//907 916//916 908//908
f 907//907 915//915 916//916
f 923//923 924//924 925//925
f 923//923 925//925 926//926
f 907//907 923//923 926//926
f 907//907 926//926 915//915
f 908//908 925//925 924//924
f 908//908 916//916 925//925
f 908//908 917//917 909//909
f 908//908 916//916 917//917
f 927//927 928//928 929//929
f 927//927 929//929 930//930
f 908//908 927//927 930//930
f 908//908 930//930 916//916
f 909//909 929//929 928//928
f 909//909 917//917 929//929
f 909//909 918//918 910//910
f 909//909 917//917 918//918
f 931//931 932//932 933//933
f 931//931 933//933 934//934
f 909//909 931//931 934//934
f 909//909 934//934 917//917
f 910//910 933//933 932//932
f 910//910 918//918 933//933
f 910//910 919//919 911//911
f 910//910 918//918 919//919
f 935//935 936//936 937//937
f 935//935 937//937 938//938
f 910//910 935//935 938//938
f 910//910 938//938 918//918
f 911//911 937//937 936//936
f 911//911 919//919 937//937
f 911//911 920//920 912//912
f 911//911 919//919 920//920
f 939//939 940//940 941//941
f 939//939 941//941 942//942
f 911//911 939//939 942//942
f 911//911 942//942 919//919
f 912//912 941//941 940//940
f 912//912 920//920 941//941
f 912//912 921//921 913//913
f 912//912 920//920 921//921
f 943//943 944//944 945//945
f 943//943 945//945 946//946
f 912//912 943//943 946//946
f 912//912 946//946 920//920
f 913//913 945//945 944//944
f 913//913 921//921 945//945
f 913//913 922//922 914//914
f 913//913 921//921 922//922
f 947//947 948//948 949//949
f 947//947 949//949 950//950
f 913//913 947//947 950//950
f 913//913 950//950 921//921
f 914//914 949//949 948//948
f 914//914 922//922 949//949
f 914//914 915//915 907//907
f 914//914 922//922 915//915
f 951//951 952//952 953//953
f 951//951 953//953 954//954
f 914//914 951//951 954//954
f 914//914 954//954 922//922
f 907//907 953//953 952//952
f 907//907 915//915 953//953
f 955//955 956//956 957//957
f 955//955 957//957 958//958
f 955//955 958//958 959//959
f 955//955 959//959 960//960
f 955//955 960//960 961//961
f 962//962 964//964 963//963
f 962//962 965//965 964//964
f 962//962 966//966 965//965
f 962//962 967//967 966//966
f 962//962 968//968 967//967
f 955//955 963//963 956//956
f 955//955 962//962 963//963
f 969//969 970//970 971//971
f 969//969 971//971 972//972
f 955//955 969//969 972//972
f 955//955 972//972 962//962
f 956//956 971//971 970//970
f 956//956 963//963 971//971
f 956//956 964//964 957//957
f 956//956 963//963 964//964
f 973//973 974//974 975//975
f 973//973 975//975 976//976
f 956//956 973//973 976//976
f 956//956 976//976 963//963
f 957//957 975//975 974//974
f 957//957 964//964 975//975
f 957//957 965//965 958//958
f 957//957 964//964 965//965
f 977//977 978//978 979//979
f 977//977 979//979 980//980
f 957//957 977//977 980//980
f 957//957 980//980 964//964
f 958//958 979//979 978//978
f 958//958 965//965 979//979
f 958//958 966//966 959//959
f 958//958 965//965 966//966
f 981//981 982//982 983//983
f 981//981 983//983 984//984
f 958//958 981//981 984//984
f 958//958 984//984 965//965
f 959//959 983//983 982//982
f 959//959 966//966 983//983
f 959//959 967//967 960//960
f 959//959 966//966 967//967
f 985//985 986//986 987//987
f 985//985 987//987 988//988
f 959//959 985//985 988//988
f 959//959 988//988 966//966
f 960//960 987//987 986//986
f 960//960 967//967 987//987
f 960//960 968//968 961//961
f 960//960 967//967 968//968
f 989//989 990//990 991//991
f 989//989 991//991 992//992
f 960//960 989//989 992//992
f 960//960 992//992 967//967
f 961//961 991//991 990//990
f 961//961 968//968 991//991
f 961//961 962//962 955//955
f 961//961 968//968 962//962
f 993//993 994//994 995//995
f 993//993 995//995 996//996
f 961//961 993//993 996//996
f 961//961 996//996 968//968
f 955//955 995//995 994//994
f 955//955 962//962 995//995
usemtl color_152_251_152
f 997//997 998//998 999//999
f 997//997 999//999 1000//1000
f 997//997 1000//1000 1001//1001
f 997//997 1001//1001 1002//1002
f 997//997 1002//1002 1003//1003
f 1004//1004 1006//1006 1005//1005
f 1004//1004 1007//1007 1006//1006
f 1004//1004 1008//1008 1007//1007
f 1004//1004 1009//1009 1008//1008
f 1004//1004 1010//1010 1009//1009
f 997//997 1005//1005 998//998
f 997//997 1004//1004 1005//1005
f 1011//1011 1012//1012 1013//1013
f 1011//1011 1013//1013 1014//1014
f 997//997 1011//1011 1014//1014
f 997//997 1014//1014 1004//1004
f 998//998 1013//1013 1012//1012
f 998//998 1005//1005 1013//1013
f 998//998 1006//1006 999//999
f 998//998 1005//1005 1006//1006
f 1015//1015 1016//1016 1017//1017
f 1015//1015 1017//1017 1018//1018
f 998//998 1015//1015 1018//1018
f 998//998 1018//1018 1005//1005
f 999//999 1017//1017 1016//1016
f 999//999 1006//1006 1017//1017
f 999//999 1007//1007 1000//1000
f 999//999 1006//1006 1007//1007
f 1019//1019 1020//1020 1021//1021
f 1019//1019 1021//1021 1022//1022
f 999//999 1019//1019 1022//1022
f 999//999 1022//1022 1006//1006
f 1000//1000 1021//1021 1020//1020
f 1000//1000 1007//1007 1021//1021
f 1000//1000 1008//1008 1001//1001
f 1000//1000 1007//1007 1008//1008
f 1023//1023 1024//1024 1025//1025
f 1023//1023 1025//1025 1026//1026
f 1000//1000 1023//1023 1026//1026
f 1000//1000 1026//1026 1007//1007
f 1001//1001 1025//1025 1024//1024
f 1001//1001 1008//1008 1025//1025
f 1001//1001 1009//1009 1002//1002
f 1001//1001 1008//1008 1009//1009
f 1027//1027 1028//1028 1029//1029
f 1027//1027 1029//1029 1030//1030
f 1001//1001 1027//1027 1030//1030
f 1001//1001 1030//1030 1008//1008
f 1002//1002 1029//1029 1028//1028
f 1002//1002 1009//1009 1029//1029
f 1002//1002 1010//1010 1003//1003
f 1002//1002 1009//1009 1010//1010
f 1031//1031 1032//1032 1033//1033
f 1031//1031 1033//1033 1034//1034
f 1002//1002 1031//1031 1034//1034
f 1002//1002 1034//1034 1009//1009
f 1003//1003 1033//1033 1032//1032
f 1003//1003 1010//1010 1033//1033
f 1003//1003 1004//1004 997//997
f 1003//1003 1010//1010 1004//1004
f 1035//1035 1036//1036 1037//1037
f 1035//1035 1037//1037 1038//1038
f 1003//1003 1035//1035 1038//1038
f 1003//1003 1038//1038 1010//1010
f 997//997 1037//1037 1036//1036
f 997//997 1004//1004 1037//1037
f 1039//1039 1040//1040 1041//1041
f 1039//1039 1041//1041 1042//1042
f 1039//1039 1042//1042 1043//1043
f 1039//1039 1043//1043 1044//1044
f 1039//1039 1044//1044 1045//1045
f 1039//1039 1045//1045 1046//1046
f 1039//1039 1046//1046 1047//1047
f 1039//1039 1047//1047 1048//1048
f 1039//1039 1048//1048 1049//1049
f 1039//1039 1049//1049 1050//1050
f 1039//1039 1050//1050 1051//1051
f 1039//1039 1051//1051 1052//1052
f 1053//1053 1055//1055 1054//1054
f 1053//1053 1056//1056 1055//1055
f 1053//1053 1057//1057 1056//1056
f 1053//1053 1058//1058 1057//1057
f 1053//1053 1059//1059 1058//1058
f 1053//1053 1060//1060 1059//1059
f 1053//1053 1061//1061 1060//1060
f 1053//1053 1062//1062 1061//1061
f 1053//1053 1063//1063 1062//1062
f 1053//1053 1064//1064 1063//1063
f 1053//1053 1065//1065 1064//1064
f 1053//1053 1066//1066 1065//1065
f 1039//1039 1054//1054 1040//1040
f 1039//1039 1053//1053 1054//1054
f 1067//1067 1068//1068 1069//1069
f 1067//1067 1069//1069 1070//1070
f 1039//1039 1067//1067 1070//1070
f 1039//1039 1070//1070 1053//1053
f 1040//1040 1069//1069 1068//1068
f 1040//1040 1054//1054 1069//1069
f 1040//1040 1055//1055 1041//1041
f 1040//1040 1054//1054 1055//1055
f 1071//1071 1072//1072 1073//1073
f 1071//1071 1073//1073 1074//1074
f 1040//1040 1071//1071 1074//1074
f 1040//1040 1074//1074 1054//1054
f 1041//1041 1073//1073 1072//1072
f 1041//1041 1055//1055 1073//1073
f 1041//1041 1056//1056 1042//1042
f 1041//1041 1055//1055 1056//1056
f 1075//1075 1076//1076 1077//1077
f 1075//1075 1077//1077 1078//1078
f 1041//1041 1075//1075 1078//1078
f 1041//1041 1078//1078 1055//1055
f 1042//1042 1077//1077 1076//1076
f 1042//1042 1056//1056 1077//1077
f 1042//1042 1057//1057 1043//1043
f 1042//1042 1056//1056 1057//1057
f 1079//1079 1080//1080 1081//1081
f 1079//1079 1081//1081 1082//1082
f 1042//1042 1079//1079 1082//1082
f 1042//1042 1082//1082 1056//1056
f 1043//1043 1081//1081 1080//1080
f 1043//1043 1057//1057 1081//1081
f 1043//1043 1058//1058 1044//1044
f 1043//1043 1057//1057 1058//1058
f 1083//1083 1084//1084 1085//1085
f 1083//1083 1085//1085 1086//1086
f 1043//1043 1083//1083 1086//1086
f 1043//1043 1086//1086 1057//1057
f 1044//1044 1085//1085 1084//1084
f 1044//1044 1058//1058 1085//1085
f 1044//1044 1059//1059 1045//1045
f 1044//1044 1058//1058 1059//1059
f 1087//1087 1088//1088 1089//1089
f 1087//1087 1089//1089 1090//1090
f 1044//1044 1087//1087 1090//1090
f 1044//1044 1090//1090 1058//1058
f 1045//1045 1089//1089 1088//1088
f 1045//1045 1059//1059 1089//1089
f 1045//1045 1060//1060 1046//1046
f 1045//1045 1059//1059 1060//1060
f 1091//1091 1092//1092 1093//1093
f 1091//1091 1093//1093 1094//1094
f 1045//1045 1091//1091 1094//1094
f 1045//1045 1094//1094 1059//1059
f 1046//1046 1093//1093 1092//1092
f 1046//1046 1060//1060 1093//1093
f 1046//1046 1061//1061 1047//1047
f 1046//1046 1060//1060 1061//1061
f 1095//1095 1096//1096 1097//1097
f 1095//1095 1097//1097 1098//1098
f 1046//1046 1095//1095 1098//1098
f 1046//1046 1098//1098 1060//1060
f 1047//1047 1097//1097 1096//1096
f 1047//1047 1061//1061 1097//1097
f 1047//1047 1062//1062 1048//1048
f 1047//1047 1061//1061 1062//1062
f 1099//1099 1100//1100 1101//1101
f 1099//1099 1101//1101 1102//1102
f 1047//1047 1099//1099 1102//1102
f 1047//1047 1102//1102 1061//1061
f 1048//1048 1101//1101 1100//1100
f 1048//1048 1062//1062 1101//1101
f 1048//1048 1063//1063 1049//1049
f 1048//1048 1062//1062 1063//1063
f 1103//1103 1104//1104 1105//1105
f 1103//1103 1105//1105 1106//1106
f 1048//1048 1103//1103 1106//1106
f 1048//1048 1106//1106 1062//1062
f 1049//1049 1105//1105 1104//1104
f 1049//1049 1063//1063 1105//1105
f 1049//1049 1064//1064 1050//1050
f 1049//1049 1063//1063 1064//1064
f 1107//1107 1108//1108 1109//1109
f 1107//1107 1109//1109 1110//1110
f 1049//1049 1107//1107 1110//1110
f 1049//1049 1110//1110 1063//1063
f 1050//1050 1109//1109 1108//1108
f 1050//1050 1064//1064 1109//1109
f 1050//1050 1065//1065 1051//1051
f 1050//1050 1064//1064 1065//1065
f 1111//1111 1112//1112 1113//1113
f 1111//1111 1113//1113 1114//1114
f 1050//1050 1111//1111 1114//1114
f 1050//1050 1114//1114 1064//1064
f 1051//1051 1113//1113 1112//1112
f 1051//1051 1065//1065 1113//1113
f 1051//1051 1066//1066 1052//1052
f 1051//1051 1065//1065 1066//1066
f 1115//1115 1116//1116 1117//1117
f 1115//1115 1117//1117 1118//1118
f 1051//1051 1115//1115 1118//1118
f 1051//1051 1118//1118 1065//1065
f 1052//1052 1117//1117 1116//1116
f 1052//1052 1066//1066 1117//1117
f 1052//1052 1053//1053 1039//1039
f 1052//1052 1066//1066 1053//1053
f 1119//1119 1120//1120 1121//1121
f 1119//1119 1121//1121 1122//1122
f 1052//1052 1119//1119 1122//1122
f 1052//1052 1122//1122 1066//1066
f 1039//1039 1121//1121 1120//1120
f 1039//1039 1053//1053 1121//1121
f 1123//1123 1124//1124 1125//1125
f 1123//1123 1125//1125 1126//1126
f 1123//1123 1126//1126 1127//1127
f 1123//1123 1127//1127 1128//1128
f 1123//1123 1128//1128 1129//1129
f 1123//1123 1129//1129 1130//1130
f 1131//1131 1133//1133 1132//1132
f 1131//1131 1134//1134 1133//1133
f 1131//1131 1135//1135 1134//1134
f 1131//1131 1136//1136 1135//1135
f 1131//1131 1137//1137 1136//1136
f 1131//1131 1138//1138 1137//1137
f 1123//1123 1132//1132 1124//1124
f 1123//1123 1131//1131 1132//1132
f 1139//1139 1140//1140 1141//1141
f 1139//1139 1141//1141 1142//1142
f 1123//1123 1139//1139 1142//1142
f 1123//1123 1142//1142 1131//1131
f 1124//1124 1141//1141 1140//1140
f 1124//1124 1132//1132 1141//1141
f 1124//1124 1133//1133 1125//1125
f 1124//1124 1132//1132 1133//1133
f 1143//1143 1144//1144 1145//1145
f 1143//1143 1145//1145 1146//1146
f 1124//1124 1143//1143 1146//1146
f 1124//1124 1146//1146 1132//1132
f 1125//1125 1145//1145 1144//1144
f 1125//1125 1133//1133 1145//1145
f 1125//1125 1134//1134 1126//1126
f 1125//1125 1133//1133 1134//1134
f 1147//1147 1148//1148 1149//1149
f 1147//1147 1149//1149 1150//1150
f 1125//1125 1147//1147 1150//1150
f 1125//1125 1150//1150 1133//1133
f 1126//1126 1149//1149 1148//1148
f 1126//1126 1134//1134 1149//1149
f 1126//1126 1135//1135 1127//1127
f 1126//1126 1134//1134 1135//1135
f 1151//1151 1152//1152 1153//1153
f 1151//1151 1153//1153 1154//1154
f 1126//1126 1151//1151 1154//1154
f 1126//1126 1154//1154 1134//1134
f 1127//1127 1153//1153 1152//1152
f 1127//1127 1135//1135 1153//1153
f 1127//1127 1136//1136 1128//1128
f 1127//1127 1135//1135 1136//1136
f 1155//1155 1156//1156 1157//1157
f 1155//1155 1157//1157 1158//1158
f 1127//1127 1155//1155 1158//1158
f 1127//1127 1158//1158 1135//1135
f 1128//1128 1157//1157 1156//1156
f 1128//1128 1136//1136 1157//1157
f 1128//1128 1137//1137 1129//1129
f 1128//1128 1136//1136 1137//1137
f 1159//1159 1160//1160 1161//1161
f 1159//1159 1161//1161 1162//1162
f 1128//1128 1159//1159 1162//1162
f 1128//1128 1162//1162 1136//1136
f 1129//1129 1161//1161 1160//1160
f 1129//1129 1137//1137 1161//1161
f 1129//1129 1138//1138 1130//1130
f 1129//1129 1137//1137 1138//1138
f 1163//1163 1164//1164 1165//1165
f 1163//1163 1165//1165 1166//1166
f 1129//1129 1163//1163 1166//1166
f 1129//1129 1166//1166 1137//1137
f 1130//1130 1165//1165 1164//1164
f 1130//1130 1138//1138 1165//1165
f 1130//1130 1131//1131 1123//1123
f 1130//1130 1138//1138 1131//1131
f 1167//1167 1168//1168 1169//1169
f 1167//1167 1169//1169 1170//1170
f 1130//1130 1167//1167 1170//1170
f 1130//1130 1170//1170 1138//1138
f 1123//1123 1169//1169 1168//1168
f 1123//1123 1131//1131 1169//1169
f 1171//1171 1172//1172 1173//1173
f 1171//1171 1173//1173 1174//1174
f 1171//1171 1174//1174 1175//1175
f 1171//1171 1175//1175 1176//1176
f 1171//1171 1176//1176 1177//1177
f 1171//1171 1177//1177 1178//1178
f 1171//1171 1178//1178 1179//1179
f 1180//1180 1182//1182 1181//1181
f 1180//1180 1183//1183 1182//1182
f 1180//1180 1184//1184 1183//1183
f 1180//1180 1185//1185 1184//1184
f 1180//1180 1186//1186 1185//1185
f 1180//1180 1187//1187 1186//1186
f 1180//1180 1188//1188 1187//1187
f 1171//1171 1181//1181 1172//1172
f 1171//1171 1180//1180 1181//1181
f 1189//1189 1190//1190 1191//1191
f 1189//1189 1191//1191 1192//1192
f 1171//1171 1189//1189 1192//1192
f 1171//1171 1192//1192 1180//1180
f 1172//1172 1191//1191 1190//1190
f 1172//1172 1181//1181 1191//1191
f 1172//1172 1182//1182 1173//1173
f 1172//1172 1181//1181 1182//1182
f 1193//1193 1194//1194 1195//1195
f 1193//1193 1195//1195 1196//1196
f 1172//1172 1193//1193 1196//1196
f 1172//1172 1196//1196 1181//1181
f 1173//1173 1195//1195 1194//1194
f 1173//1173 1182//1182 1195//1195
f 1173//1173 1183//1183 1174//1174
f 1173//1173 1182//1182 1183//1183
f 1197//1197 1198//1198 1199//1199
f 1197//1197 1199//1199 1200//1200
f 1173//1173 1197//1197 1200//1200
f 1173//1173 1200//1200 1182//1182
f 1174//1174 1199//1199 1198//1198
f 1174//1174 1183//1183 1199//1199
f 1174//1174 1184//1184 1175//1175
f 1174//1174 1183//1183 1184//1184
f 1201//1201 1202//1202 1203//1203
f 1201//1201 1203//1203 1204//1204
f 1174//1174 1201//1201 1204//1204
f 1174//1174 1204//1204 1183//1183
f 1175//1175 1203//1203 1202//1202
f 1175//1175 1184//1184 1203//1203
f 1175//1175 1185//1185 1176//1176
f 1175//1175 1184//1184 1185//1185
f 1205//1205 1206//1206 1207//1207
f 1205//1205 1207//1207 1208//1208
f 1175//1175 1205//1205 1208//1208
f 1175//1175 1208//1208 1184//1184
f 1176//1176 1207//1207 1206//1206
f 1176//1176 1185//1185 1207//1207
f 1176//1176 1186//1186 1177//1177
f 1176//1176 1185//1185 1186//1186
f 1209//1209 1210//1210 1211//1211
f 1209//1209 1211//1211 1212//1212
f 1176//1176 1209//1209 1212//1212
f 1176//1176 1212//1212 1185//1185
f 1177//1177 1211//1211 1210//1210
f 1177//1177 1186//1186 1211//1211
f 1177//1177 1187//1187 1178//1178
f 1177//1177 1186//1186 1187//1187
f 1213//1213 1214//1214 1215//1215
f 1213//1213 1215//1215 1216//1216
f 1177//1177 1213//1213 1216//1216
f 1177//1177 1216//1216 1186//1186
f 1178//1178 1215//1215 1214//1214
f 1178//1178 1187//1187 1215//1215
f 1178//1178 1188//1188 1179//1179
f 1178//1178 1187//1187 1188//1188
f 1217//1217 1218//1218 1219//1219
f 1217//1217 1219//1219 1220//1220
f 1178//1178 1217//1217 1220//1220
f 1178//1178 1220//1220 1187//1187
f 1179//1179 1219//1219 1218//1218
f 1179//1179 1188//1188 1219//1219
f 1179//1179 1180//1180 1171//1171
f 1179//1179 1188//1188 1180//1180
f 1221//1221 1222//1222 1223//1223
f 1221//1221 1223//1223 1224//1224
f 1179//1179 1221//1221 1224//1224
f 1179//1179 1224//1224 1188//1188
f 1171//1171 1223//1223 1222//1222
f 1171//1171 1180//1180 1223//1223
f 1225//1225 1226//1226 1227//1227
f 1225//1225 1227//1227 1228//1228
f 1225//1225 1228//1228 1229//1229
f 1225//1225 1229//1229 1230//1230
f 1225//1225 1230//1230 1231//1231
f 1225//1225 1231//1231 1232//1232
f 1225//1225 1232//1232 1233//1233
f 1225//1225 1233//1233 1234//1234
f 1225//1225 1234//1234 1235//1235
f 1225//1225 1235//1235 1236//1236
f 1225//1225 1236//1236 1237//1237
f 1238//1238 1240//1240 1239//1239
f 1238//1238 1241//1241 1240//1240
f 1238//1238 1242//1242 1241//1241
f 1238//1238 1243//1243 1242//1242
f 1238//1238 1244//1244 1243//1243
f 1238//1238 1245//1245 1244//1244
f 1238//1238 1246//1246 1245//1245
f 1238//1238 1247//1247 1246//1246
f 1238//1238 1248//1248 1247//1247
f 1238//1238 1249//1249 1248//1248
f 1238//1238 1250//1250 1249//1249
f 1225//1225 1239//1239 1226//1226
f 1225//1225 1238//1238 1239//1239
f 1251//1251 1252//1252 1253//1253
f 1251//1251 1253//1253 1254//1254
f 1225//1225 1251//1251 1254//1254
f 1225//1225 1254//1254 1238//1238
f 1226//1226 1253//1253 1252//1252
f 1226//1226 1239//1239 1253//1253
f 1226//1226 1240//1240 1227//1227
f 1226//1226 1239//1239 1240//1240
f 1255//1255 1256//1256 1257//1257
f 1255//1255 1257//1257 1258//1258
f 1226//1226 1255//1255 1258//1258
f 1226//1226 1258//1258 1239//1239
f 1227//1227 1257//1257 1256//1256
f 1227//1227 1240//1240 1257//1257
f 1227//1227 1241//1241 1228//1228
f 1227//1227 1240//1240 1241//1241
f 1259//1259 1260//1260 1261//1261
f 1259//1259 1261//1261 1262//1262
f 1227//1227 1259//1259 1262//1262
f 1227//1227 1262//1262 1240//1240
f 1228//1228 1261//1261 1260//1260
f 1228//1228 1241//1241 1261//1261
f 1228//1228 1242//1242 1229//1229
f 1228//1228 1241//1241 1242//1242
f 1263//1263 1264//1264 1265//1265
f 1263//1263 1265//1265 1266//1266
f 1228//1228 1263//1263 1266//1266
f 1228//1228 1266//1266 1241//1241
f 1229//1229 1265//1265 1264//1264
f 1229//1229 1242//1242 1265//1265
f 1229//1229 1243//1243 1230//1230
f 1229//1229 1242//1242 1243//1243
f 1267//1267 1268//1268 1269//1269
f 1267//1267 1269//1269 1270//1270
f 1229//1229 1267//1267 1270//1270
f 1229//1229 1270//1270 1242//1242
f 1230//1230 1269//1269 1268//1268
f 1230//1230 1243//1243 1269//1269
f 1230//1230 1244//1244 1231//1231
f 1230//1230 1243//1243 1244//1244
f 1271//1271 1272//1272 1273//1273
f 1271//1271 1273//1273 1274//1274
f 1230//1230 1271//1271 1274//1274
f 1230//1230 1274//1274 1243//1243
f 1231//1231 1273//1273 1272//1272
f 1231//1231 1244//1244 1273//1273
f 1231//1231 1245//1245 1232//1232
f 1231//1231 1244//1244 1245//1245
f 1275//1275 1276//1276 1277//1277
f 1275//1275 1277//1277 1278//1278
f 1231//1231 1275//1275 1278//1278
f 1231//1231 1278//1278 1244//1244
f 1232//1232 1277//1277 1276//1276
f 1232//1232 1245//1245 1277//1277
f 1232//1232 1246//1246 1233//1233
f 1232//1232 1245//1245 1246//1246
f 1279//1279 1280//1280 1281//1281
f 1279//1279 1281//1281 1282//1282
f 1232//1232 1279//1279 1282//1282
f 1232//1232 1282//1282 1245//1245
f 1233//1233 1281//1281 1280//1280
f 1233//1233 1246//1246 1281//1281
f 1233//1233 1247//1247 1234//1234
f 1233//1233 1246//1246 1247//1247
f 1283//1283 1284//1284 1285//1285
f 1283//1283 1285//1285 1286//1286
f 1233//1233 1283//1283 1286//1286
f 1233//1233 1286//1286 1246//1246
f 1234//1234 1285//1285 1284//1284
f 1234//1234 1247//1247 1285//1285
f 1234//1234 1248//1248 1235//1235
f 1234//1234 1247//1247 1248//1248
f 1287//1287 1288//1288 1289//1289
f 1287//1287 1289//1289 1290//1290
f 1234//1234 1287//1287 1290//1290
f 1234//1234 1290//1290 1247//1247
f 1235//1235 1289//1289 1288//1288
f 1235//1235 1248//1248 1289//1289
f 1235//1235 1249//1249 1236//1236
f 1235//1235 1248//1248 1249//1249
f 1291//1291 1292//1292 1293//1293
f 1291//1291 1293//1293 1294//1294
f 1235//1235 1291//1291 1294//1294
f 1235//1235 1294//1294 1248//1248
f 1236//1236 1293//1293 1292//1292
f 1236//1236 1249//1249 1293//1293
f 1236//1236 1250//1250 1237//1237
f 1236//1236 1249//1249 1250//1250
f 1295//1295 1296//1296 1297//1297
f 1295//1295 1297//1297 1298//1298
f 1236//1236 1295//1295 1298//1298
f 1236//1236 1298//1298 1249//1249
f 1237//1237 1297//1297 1296//1296
f 1237//1237 1250//1250 1297//1297
f 1237//1237 1238//1238 1225//1225
f 1237//1237 1250//1250 1238//1238
f 1299//1299 1300//1300 1301//1301
f 1299//1299 1301//1301 1302//1302
f 1237//1237 1299//1299 1302//1302
f 1237//1237 1302//1302 1250//1250
f 1225//1225 1301//1301 1300//1300
f 1225//1225 1238//1238 1301//1301
f 1303//1303 1304//1304 1305//1305
f 1303//1303 1305//1305 1306//1306
f 1303//1303 1306//1306 1307//1307
f 1303//1303 1307//1307 1308//1308
f 1303//1303 1308//1308 1309//1309
f 1303//1303 1309//1309 1310//1310
f 1303//1303 1310//1310 1311//1311
f 1303//1303 1311//1311 1312//1312
f 1303//1303 1312//1312 1313//1313
f 1314//1314 1316//1316 1315//1315
f 1314//1314 1317//1317 1316//1316
f 1314//1314 1318//1318 1317//1317
f 1314//1314 1319//1319 1318//1318
f 1314//1314 1320//1320 1319//1319
f 1314//1314 1321//1321 1320//1320
f 1314//1314 1322//1322 1321//1321
f 1314//1314 1323//1323 1322//1322
f 1314//1314 1324//1324 1323//1323
f 1303//1303 1315//1315 1304//1304
f 1303//1303 1314//1314 1315//1315
f 1325//1325 1326//1326 1327//1327
f 1325//1325 1327//1327 1328//1328
f 1303//1303 1325//1325 1328//1328
f 1303//1303 1328//1328 1314//1314
f 1304//1304 1327//1327 1326//1326
f 1304//1304 1315//1315 1327//1327
f 1304//1304 1316//1316 1305//1305
f 1304//1304 1315//1315 1316//1316
f 1329//1329 1330//1330 1331//1331
f 1329//1329 1331//1331 1332//1332
f 1304//1304 1329//1329 1332//1332
f 1304//1304 1332//1332 1315//1315
f 1305//1305 1331//1331 1330//1330
f 1305//1305 1316//1316 1331//1331
f 1305//1305 1317//1317 1306//1306
f 1305//1305 1316//1316 1317//1317
f 1333//1333 1334//1334 1335//1335
f 1333//1333 1335//1335 1336//1336
f 1305//1305 1333//1333 1336//1336
f 1305//1305 1336//1336 1316//1316
f 1306//1306 1335//1335 1334//1334
f 1306//1306 1317//1317 1335//1335
f 1306//1306 1318//1318 1307//1307
f 1306//1306 1317//1317 1318//1318
f 1337//1337 1338//1338 1339//1339
f 1337//1337 1339//1339 1340//1340
f 1306//1306 1337//1337 1340//1340
f 1306//1306 1340//1340 1317//1317
f 1307//1307 1339//1339 1338//1338
f 1307//1307 1318//1318 1339//1339
f 1307//1307 1319//1319 1308//1308
f 1307//1307 1318//1318 1319//1319
f 1341//1341 1342//1342 1343//1343
f 1341//1341 1343//1343 1344//1344
f 1307//1307 1341//1341 1344//1344
f 1307//1307 1344//1344 1318//1318
f 1308//1308 1343//1343 1342//1342
f 1308//1308 1319//1319 1343//1343
f 1308//1308 1320//1320 1309//1309
f 1308//1308 1319//1319 1320//1320
f 1345//1345 1346//1346 1347//1347
f 1345//1345 1347//1347 1348//1348
f 1308//1308 1345//1345 1348//1348
f 1308//1308 1348//1348 1319//1319
f 1309//1309 1347//1347 1346//1346
f 1309//1309 1320//1320 1347//1347
f 1309//1309 1321//1321 1310//1310
f 1309//1309 1320//1320 1321//1321
f 1349//1349 1350//1350 1351//1351
f 1349//1349 1351//1351 1352//1352
f 1309//1309 1349//1349 1352//1352
f 1309//1309 1352//1352 1320//1320
f 1310//1310 1351//1351 1350//1350
f 1310//1310 1321//1321 1351//1351
f 1310//1310 1322//1322 1311//1311
f 1310//1310 1321//1321 1322//1322
f 1353//1353 1354//1354 1355//1355
f 1353//1353 1355//1355 1356//1356
f 1310//1310 1353//1353 1356//1356
f 1310//1310 1356//1356 1321//1321
f 1311//1311 1355//1355 1354//1354
f 1311//1311 1322//1322 1355//1355
f 1311//1311 1323//1323 1312//1312
f 1311//1311 1322//1322 1323//1323
f 1357//1357 1358//1358 1359//1359
f 1357//1357 1359//1359 1360//1360
f 1311//1311 1357//1357 1360//1360
f 1311//1311 1360//1360 1322//1322
f 1312//1312 1359//1359 1358//1358
f 1312//1312 1323//1323 1359//1359
f 1312//1312 1324//1324 1313//1313
f 1312//1312 1323//1323 1324//1324
f 1361//1361 1362//1362 1363//1363
f 1361//1361 1363//1363 1364//1364
f 1312//1312 1361//1361 1364//1364
f 1312//1312 1364//1364 1323//1323
f 1313//1313 1363//1363 1362//1362
f 1313//1313 1324//1324 1363//1363
f 1313//1313 1314//1314 1303//1303
f 1313//1313 1324//1324 1314//1314
f 1365//1365 1366//1366 1367//1367
f 1365//1365 1367//1367 1368//1368
f 1313//1313 1365//1365 1368//1368
f 1313//1313 1368//1368 1324//1324
f 1303//1303 1367//1367 1366//1366
f 1303//1303 1314//1314 1367//1367
f 1369//1369 1370//1370 1371//1371
f 1369//1369 1371//1371 1372//1372
f 1369//1369 1372//1372 1373//1373
f 1369//1369 1373//1373 1374//1374
f 1369//1369 1374//1374 1375//1375
f 1369//1369 1375//1375 1376//1376
f 1369//1369 1376//1376 1377//1377
f 1378//1378 1380//1380 1379//1379
f 1378//1378 1381//1381 1380//1380
f 1378//1378 1382//1382 1381//1381
f 1378//1378 1383//1383 1382//1382
f 1378//1378 1384//1384 1383//1383
f 1378//1378 1385//1385 1384//1384
f 1378//1378 1386//1386 1385//1385
f 1369//1369 1379//1379 1370//1370
f 1369//1369 1378//1378 1379//1379
f 1387//1387 1388//1388 1389//1389
f 1387//1387 1389//1389 1390//1390
f 1369//1369 1387//1387 1390//1390
f 1369//1369 1390//1390 1378//1378
f 1370//1370 1389//1389 1388//1388
f 1370//1370 1379//1379 1389//1389
f 1370//1370 1380//1380 1371//1371
f 1370//1370 1379//1379 1380//1380
f 1391//1391 1392//1392 1393//1393
f 1391//1391 1393//1393 1394//1394
f 1370//1370 1391//1391 1394//1394
f 1370//1370 1394//1394 1379//1379
f 1371//1371 1393//1393 1392//1392
f 1371//1371 1380//1380 1393//1393
f 1371//1371 1381//1381 1372//1372
f 1371//1371 1380//1380 1381//1381
f 1395//1395 1396//1396 1397//1397
f 1395//1395 1397//1397 1398//1398
f 1371//1371 1395//1395 1398//1398
f 1371//1371 1398//1398 1380//1380
f 1372//1372 1397//1397 1396//1396
f 1372//1372 1381//1381 1397//1397
f 1372//1372 1382//1382 1373//1373
f 1372//1372 1381//1381 1382//1382
f 1399//1399 1400//1400 1401//1401
f 1399//1399 1401//1401 1402//1402
f 1372//1372 1399//1399 1402//1402
f 1372//1372 1402//1402 1381//1381
f 1373//1373 1401//1401 1400//1400
f 1373//1373 1382//1382 1401//1401
f 1373//1373 1383//1383 1374//1374
f 1373//1373 1382//1382 1383//1383
f 1403//1403 1404//1404 1405//1405
f 1403//1403 1405//1405 1406//1406
f 1373//1373 1403//1403 1406//1406
f 1373//1373 1406//1406 1382//1382
f 1374//1374 1405//1405 1404//1404
f 1374//1374 1383//1383 1405//1405
f 1374//1374 1384//1384 1375//1375
f 1374//1374 1383//1383 1384//1384
f 1407//1407 1408//1408 1409//1409
f 1407//1407 1409//1409 1410//1410
f 1374//1374 1407//1407 1410//1410
f 1374//1374 1410//1410 1383//1383
f 1375//1375 1409//1409 1408//1408
f 1375//1375 1384//1384 1409//1409
f 1375//1375 1385//1385 1376//1376
f 1375//1375 1384//1384 1385//1385
f 1411//1411 1412//1412 1413//1413
f 1411//1411 1413//1413 1414//1414
f 1375//1375 1411//1411 1414//1414
f 1375//1375 1414//1414 1384//1384
f 1376//1376 1413//1413 1412//1412
f 1376//1376 1385//1385 1413//1413
f 1376//1376 1386//1386 1377//1377
f 1376//1376 1385//1385 1386//1386
f 1415//1415 1416//1416 1417//1417
f 1415//1415 1417//1417 1418//1418
f 1376//1376 1415//1415 1418//1418
f 1376//1376 1418//1418 1385//1385
f 1377//1377 1417//1417 1416//1416
f 1377//1377 1386//1386 1417//1417
f 1377//1377 1378//1378 1369//1369
f 1377//1377 1386//1386 1378//1378
f 1419//1419 1420//1420 1421//1421
f 1419//1419 1421//1421 1422//1422
f 1377//1377 1419//1419 1422//1422
f 1377//1377 1422//1422 1386//1386
f 1369//1369 1421//1421 1420//1420
f 1369//1369 1378//1378 1421//1421
f 1423//1423 1424//1424 1425//1425
f 1423//1423 1425//1425 1426//1426
f 1423//1423 1426//1426 1427//1427
f 1423//1423 1427//1427 1428//1428
f 1423//1423 1428//1428 1429//1429
f 1423//1423 1429//1429 1430//1430
f 1423//1423 1430//1430 1431//1431
f 1423//1423 1431//1431 1432//1432
f 1423//1423 1432//1432 1433//1433
f 1434//1434 1436//1436 1435//1435
f 1434//1434 1437//1437 1436//1436
f 1434//1434 1438//1438 1437//1437
f 1434//1434 1439//1439 1438//1438
f 1434//1434 1440//1440 1439//1439
f 1434//1434 1441//1441 1440//1440
f 1434//1434 1442//1442 1441//1441
f 1434//1434 1443//1443 1442//1442
f 1434//1434 1444//1444 1443//1443
f 1423//1423 1435//1435 1424//1424
f 1423//1423 1434//1434 1435//1435
f 1445//1445 1446//1446 1447//1447
f 1445//1445 1447//1447 1448//1448
f 1423//1423 1445//1445 1448//1448
f 1423//1423 1448//1448 1434//1434
f 1424//1424 1447//1447 1446//1446
f 1424//1424 1435//1435 1447//1447
f 1424//1424 1436//1436 1425//1425
f 1424//1424 1435//1435 1436//1436
f 1449//1449 1450//1450 1451//1451
f 1449//1449 1451//1451 1452//1452
f 1424//1424 1449//1449 1452//1452
f 1424//1424 1452//1452 1435//1435
f 1425//1425 1451//1451 1450//1450
f 1425//1425 1436//1436 1451//1451
f 1425//1425 1437//1437 1426//1426
f 1425//1425 1436//1436 1437//1437
f 1453//1453 1454//1454 1455//1455
f 1453//1453 1455//1455 1456//1456
f 1425//1425 1453//1453 1456//1456
f 1425//1425 1456//1456 1436//1436
f 1426//1426 1455//1455 1454//1454
f 1426//1426 1437//1437 1455//1455
f 1426//1426 1438//1438 1427//1427
f 1426//1426 1437//1437 1438//1438
f 1457//1457 1458//1458 1459//1459
f 1457//1457 1459//1459 1460//1460
f 1426//1426 1457//1457 1460//1460
f 1426//1426 1460//1460 1437//1437
f 1427//1427 1459//1459 1458//1458
f 1427//1427 1438//1438 1459//1459
f 1427//1427 1439//1439 1428//1428
f 1427//1427 1438//1438 1439//1439
f 1461//1461 1462//1462 1463//1463
f 1461//1461 1463//1463 1464//1464
f 1427//1427 1461//1461 1464//1464
f 1427//1427 1464//1464 1438//1438
f 1428//1428 1463//1463 1462//1462
f 1428//1428 1439//1439 1463//1463
f 1428//1428 1440//1440 1429//1429
f 1428//1428 1439//1439 1440//1440
f 1465//1465 1466//1466 1467//1467
f 1465//1465 1467//1467 1468//1468
f 1428//1428 1465//1465 1468//1468
f 1428//1428 1468//1468 1439//1439
f 1429//1429 1467//1467 1466//1466
f 1429//1429 1440//1440 1467//1467
f 1429//1429 1441//1441 1430//1430
f 1429//1429 1440//1440 1441//1441
f 1469//1469 1470//1470 1471//1471
f 1469//1469 1471//1471 1472//1472
f 1429//1429 1469//1469 1472//1472
f 1429//1429 1472//1472 1440//1440
f 1430//1430 1471//1471 1470//1470
f 1430//1430 1441//1441 1471//1471
f 1430//1430 1442//1442 1431//1431
f 1430//1430 1441//1441 1442//1442
f 1473//1473 1474//1474 1475//1475
f 1473//1473 1475//1475 1476//1476
f 1430//1430 1473//1473 1476//1476
f 1430//1430 1476//1476 1441//1441
f 1431//1431 1475//1475 1474//1474
f 1431//1431 1442//1442 1475//1475
f 1431//1431 1443//1443 1432//1432
f 1431//1431 1442//1442 1443//1443
f 1477//1477 1478//1478 1479//1479
f 1477//1477 1479//1479 1480//1480
f 1431//1431 1477//1477 1480//1480
f 1431//1431 1480//1480 1442//1442
f 1432//1432 1479//1479 1478//1478
f 1432//1432 1443//1443 1479//1479
f 1432//1432 1444//1444 1433//1433
f 1432//1432 1443//1443 1444//1444
f 1481//1481 1482//1482 1483//1483
f 1481//1481 1483//1483 1484//1484
f 1432//1432 1481//1481 1484//1484
f 1432//1432 1484//1484 1443//1443
f 1433//1433 1483//1483 1482//1482
f 1433//1433 1444//1444 1483//1483
f 1433//1433 1434//1434 1423//1423
f 1433//1433 1444//1444 1434//1434
f 1485//1485 1486//1486 1487//1487
f 1485//1485 1487//1487 1488//1488
f 1433//1433 1485//1485 1488//1488
f 1433//1433 1488//1488 1444//1444
f 1423//1423 1487//1487 1486//1486
f 1423//1423 1434//1434 1487//1487
f 1489//1489 1490//1490 1491//1491
f 1489//1489 1491//1491 1492//1492
f 1489//1489 1492//1492 1493//1493
f 1489//1489 1493//1493 1494//1494
f 1489//1489 1494//1494 1495//1495
f 1496//1496 1498//1498 1497//1497
f 1496//1496 1499//1499 1498//1498
f 1496//1496 1500//1500 1499//1499
f 1496//1496 1501//1501 1500//1500
f 1496//1496 1502//1502 1501//1501
f 1489//1489 1497//1497 1490//1490
f 1489//1489 1496//1496 1497//1497
f 1503//1503 1504//1504 1505//1505
f 1503//1503 1505//1505 1506//1506
f 1489//1489 1503//1503 1506//1506
f 1489//1489 1506//1506 1496//1496
f 1490//1490 1505//1505 1504//1504
f 1490//1490 1497//1497 1505//1505
f 1490//1490 1498//1498 1491//1491
f 1490//1490 1497//1497 1498//1498
f 1507//1507 1508//1508 1509//1509
f 1507//1507 1509//1509 1510//1510
f 1490//1490 1507//1507 1510//1510
f 1490//1490 1510//1510 1497//1497
f 1491//1491 1509//1509 1508//1508
f 1491//1491 1498//1498 1509//1509
f 1491//1491 1499//1499 1492//1492
f 1491//1491 1498//1498 1499//1499
f 1511//1511 1512//1512 1513//1513
f 1511//1511 1513//1513 1514//1514
f 1491//1491 1511//1511 1514//1514
f 1491//1491 1514//1514 1498//1498
f 1492//1492 1513//1513 1512//1512
f 1492//1492 1499//1499 1513//1513
f 1492//1492 1500//1500 1493//1493
f 1492//1492 1499//1499 1500//1500
f 1515//1515 1516//1516 1517//1517
f 1515//1515 1517//1517 1518//1518
f 1492//1492 1515//1515 1518//1518
f 1492//1492 1518//1518 1499//1499
f 1493//1493 1517//1517 1516//1516
f 1493//1493 1500//1500 1517//1517
f 1493//1493 1501//1501 1494//1494
f 1493//1493 1500//1500 1501//1501
f 1519//1519 1520//1520 1521//1521
f 1519//1519 1521//1521 1522//1522
f 1493//1493 1519//1519 1522//1522
f 1493//1493 1522//1522 1500//1500
f 1494//1494 1521//1521 1520//1520
f 1494//1494 1501//1501 1521//1521
f 1494//1494 1502//1502 1495//1495
f 1494//1494 1501//1501 1502//1502
f 1523//1523 1524//1524 1525//1525
f 1523//1523 1525//1525 1526//1526
f 1494//1494 1523//1523 1526//1526
f 1494//1494 1526//1526 1501//1501
f 1495//1495 1525//1525 1524//1524
f 1495//1495 1502//1502 1525//1525
f 1495//1495 1496//1496 1489//1489
f 1495//1495 1502//1502 1496//1496
f 1527//1527 1528//1528 1529//1529
f 1527//1527 1529//1529 1530//1530
f 1495//1495 1527//1527 1530//1530
f 1495//1495 1530//1530 1502//1502
f 1489//1489 1529//1529 1528//1528
f 1489//1489 1496//1496 1529//1529
f 1531//1531 1532//1532 1533//1533
f 1531//1531 1533//1533 1534//1534
f 1531//1531 1534//1534 1535//1535
f 1531//1531 1535//1535 1536//1536
f 1531//1531 1536//1536 1537//1537
f 1531//1531 1537//1537 1538//1538
f 1531//1531 1538//1538 1539//1539
f 1540//1540 1542//1542 1541//1541
f 1540//1540 1543//1543 1542//1542
f 1540//1540 1544//1544 1543//1543
f 1540//1540 1545//1545 1544//1544
f 1540//1540 1546//1546 1545//1545
f 1540//1540 1547//1547 1546//1546
f 1540//1540 1548//1548 1547//1547
f 1531//1531 1541//1541 1532//1532
f 1531//1531 1540//1540 1541//1541
f 1549//1549 1550//1550 1551//1551
f 1549//1549 1551//1551 1552//1552
f 1531//1531 1549//1549 1552//1552
f 1531//1531 1552//1552 1540//1540
f 1532//1532 1551//1551 1550//1550
f 1532//1532 1541//1541 1551//1551
f 1532//1532 1542//1542 1533//1533
f 1532//1532 1541//1541 1542//1542
f 1553//1553 1554//1554 1555//1555
f 1553//1553 1555//1555 1556//1556
f 1532//1532 1553//1553 1556//1556
f 1532//1532 1556//1556 1541//1541
f 1533//1533 1555//1555 1554//1554
f 1533//1533 1542//1542 1555//1555
f 1533//1533 1543//1543 1534//1534
f 1533//1533 1542//1542 1543//1543
f 1557//1557 1558//1558 1559//1559
f 1557//1557 1559//1559 1560//1560
f 1533//1533 1557//1557 1560//1560
f 1533//1533 1560//1560 1542//1542
f 1534//1534 1559//1559 1558//1558
f 1534//1534 1543//1543 1559//1559
f 1534//1534 1544//1544 1535//1535
f 1534//1534 1543//1543 1544//1544
f 1561//1561 1562//1562 1563//1563
f 1561//1561 1563//1563 1564//1564
f 1534//1534 1561//1561 1564//1564
f 1534//1534 1564//1564 1543//1543
f 1535//1535 1563//1563 1562//1562
f 1535//1535 1544//1544 1563//1563
f 1535//1535 1545//1545 1536//1536
f 1535//1535 1544//1544 1545//1545
f 1565//1565 1566//1566 1567//1567
f 1565//1565 1567//1567 1568//1568
f 1535//1535 1565//1565 1568//1568
f 1535//1535 1568//1568 1544//1544
f 1536//1536 1567//1567 1566//1566
f 1536//1536 1545//1545 1567//1567
f 1536//1536 1546//1546 1537//1537
f 1536//1536 1545//1545 1546//1546
f 1569//1569 1570//1570 1571//1571
f 1569//1569 1571//1571 1572//1572
f 1536//1536 1569//1569 1572//1572
f 1536//1536 1572//1572 1545//1545
f 1537//1537 1571//1571 1570//1570
f 1537//1537 1546//1546 1571//1571
f 1537//1537 1547//1547 1538//1538
f 1537//1537 1546//1546 1547//1547
f 1573//1573 1574//1574 1575//1575
f 1573//1573 1575//1575 1576//1576
f 1537//1537 1573//1573 1576//1576
f 1537//1537 1576//1576 1546//1546
f 1538//1538 1575//1575 1574//1574
f 1538//1538 1547//1547 1575//1575
f 1538//1538 1548//1548 1539//1539
f 1538//1538 1547//1547 1548//1548
f 1577//1577 1578//1578 1579//1579
f 1577//1577 1579//1579 1580//1580
f 1538//1538 1577//1577 1580//1580
f 1538//1538 1580//1580 1547//1547
f 1539//1539 1579//1579 1578//1578
f 1539//1539 1548//1548 1579//1579
f 1539//1539 1540//1540 1531//1531
f 1539//1539 1548//1548 1540//1540
f 1581//1581 1582//1582 1583//1583
f 1581//1581 1583//1583 1584//1584
f 1539//1539 1581//1581 1584//1584
f 1539//1539 1584//1584 1548//1548
f 1531//1531 1583//1583 1582//1582
f 1531//1531 1540//1540 1583//1583
f 1585//1585 1586//1586 1587//1587
f 1585//1585 1587//1587 1588//1588
f 1585//1585 1588//1588 1589//1589
f 1585//1585 1589//1589 1590//1590
f 1585//1585 1590//1590 1591//1591
f 1592//1592 1594//1594 1593//1593
f 1592//1592 1595//1595 1594//1594
f 1592//1592 1596//1596 1595//1595
f 1592//1592 1597//1597 1596//1596
f 1592//1592 1598//1598 1597//1597
f 1585//1585 1593//1593 1586//1586
f 1585//1585 1592//1592 1593//1593
f 1599//1599 1600//1600 1601//1601
f 1599//1599 1601//1601 1602//1602
f 1585//1585 1599//1599 1602//1602
f 1585//1585 1602//1602 1592//1592
f 1586//1586 1601//1601 1600//1600
f 1586//1586 1593//1593 1601//1601
f 1586//1586 1594//1594 1587//1587
f 1586//1586 1593//1593 1594//1594
f 1603//1603 1604//1604 1605//1605
f 1603//1603 1605//1605 1606//1606
f 1586//1586 1603//1603 1606//1606
f 1586//1586 1606//1606 1593//1593
f 1587//1587 1605//1605 1604//1604
f 1587//1587 1594//1594 1605//1605
f 1587//1587 1595//1595 1588//1588
f 1587//1587 1594//1594 1595//1595
f 1607//1607 1608//1608 1609//1609
f 1607//1607 1609//1609 1610//1610
f 1587//1587 1607//1607 1610//1610
f 1587//1587 1610//1610 1594//1594
f 1588//1588 1609//1609 1608//1608
f 1588//1588 1595//1595 1609//1609
f 1588//1588 1596//1596 1589//1589
f 1588//1588 1595//1595 1596//1596
f 1611//1611 1612//1612 1613//1613
f 1611//1611 1613//1613 1614//1614
f 1588//1588 1611//1611 1614//1614
f 1588//1588 1614//1614 1595//1595
f 1589//1589 1613//1613 1612//1612
f 1589//1589 1596//1596 1613//1613
f 1589//1589 1597//1597 1590//1590
f 1589//1589 1596//1596 1597//1597
f 1615//1615 1616//1616 1617//1617
f 1615//1615 1617//1617 1618//1618
f 1589//1589 1615//1615 1618//1618
f 1589//1589 1618//1618 1596//1596
f 1590//1590 1617//1617 1616//1616
f 1590//1590 1597//1597 1617//1617
f 1590//1590 1598//1598 1591//1591
f 1590//1590 1597//1597 1598//1598
f 1619//1619 1620//1620 1621//1621
f 1619//1619 1621//1621 1622//1622
f 1590//1590 1619//1619 1622//1622
f 1590//1590 1622//1622 1597//1597
f 1591//1591 1621//1621 1620//1620
f 1591//1591 1598//1598 1621//1621
f 1591//1591 1592//1592 1585//1585
f 1591//1591 1598//1598 1592//1592
f 1623//1623 1624//1624 1625//1625
f 1623//1623 1625//1625 1626//1626
f 1591//1591 1623//1623 1626//1626
f 1591//1591 1626//1626 1598//1598
f 1585//1585 1625//1625 1624//1624
f 1585//1585 1592//1592 1625//1625
f 1627//1627 1628//1628 1629//1629
f 1627//1627 1629//1629 1630//1630
f 1627//1627 1630//1630 1631//1631
f 1627//1627 1631//1631 1632//1632
f 1627//1627 1632//1632 1633//1633
f 1634//1634 1636//1636 1635//1635
f 1634//1634 1637//1637 1636//1636
f 1634//1634 1638//1638 1637//1637
f 1634//1634 1639//1639 1638//1638
f 1634//1634 1640//1640 1639//1639
f 1627//1627 1635//1635 1628//1628
f 1627//1627 1634//1634 1635//1635
f 1641//1641 1642//1642 1643//1643
f 1641//1641 1643//1643 1644//1644
f 1627//1627 1641//1641 1644//1644
f 1627//1627 1644//1644 1634//1634
f 1628//1628 1643//1643 1642//1642
f 1628//1628 1635//1635 1643//1643
f 1628//1628 1636//1636 1629//1629
f 1628//1628 1635//1635 1636//1636
f 1645//1645 1646//1646 1647//1647
f 1645//1645 1647//1647 1648//1648
f 1628//1628 1645//1645 1648//1648
f 1628//1628 1648//1648 1635//1635
f 1629//1629 1647//1647 1646//1646
f 1629//1629 1636//1636 1647//1647
f 1629//1629 1637//1637 1630//1630
f 1629//1629 1636//1636 1637//1637
f 1649//1649 1650//1650 1651//1651
f 1649//1649 1651//1651 1652//1652
f 1629//1629 1649//1649 1652//1652
f 1629//1629 1652//1652 1636//1636
f 1630//1630 1651//1651 1650//1650
f 1630//1630 1637//1637 1651//1651
f 1630//1630 1638//1638 1631//1631
f 1630//1630 1637//1637 1638//1638
f 1653//1653 1654//1654 1655//1655
f 1653//1653 1655//1655 1656//1656
f 1630//1630 1653//1653 1656//1656
f 1630//1630 1656//1656 1637//1637
f 1631//1631 1655//1655 1654//1654
f 1631//1631 1638//1638 1655//1655
f 1631//1631 1639//1639 1632//1632
f 1631//1631 1638//1638 1639//1639
f 1657//1657 1658//1658 1659//1659
f 1657//1657 1659//1659 1660//1660
f 1631//1631 1657//1657 1660//1660
f 1631//1631 1660//1660 1638//1638
f 1632//1632 1659//1659 1658//1658
f 1632//1632 1639//1639 1659//1659
f 1632//1632 1640//1640 1633//1633
f 1632//1632 1639//1639 1640//1640
f 1661//1661 1662//1662 1663//1663
f 1661//1661 1663//1663 1664//1664
f 1632//1632 1661//1661 1664//1664
f 1632//1632 1664//1664 1639//1639
f 1633//1633 1663//1663 1662//1662
f 1633//1633 1640//1640 1663//1663
f 1633//1633 1634//1634 1627//1627
f 1633//1633 1640//1640 1634//1634
f 1665//1665 1666//1666 1667//1667
f 1665//1665 1667//1667 1668//1668
f 1633//1633 1665//1665 1668//1668
f 1633//1633 1668//1668 1640//1640
f 1627//1627 1667//1667 1666//1666
f 1627//1627 1634//1634 1667//1667
usemtl color_169_169_169
f 1669//1669 1670//1670 1671//1671
f 1669//1669 1671//1671 1672//1672
f 1669//1669 1672//1672 1673//1673
f 1669//1669 1673//1673 1674//1674
f 1669//1669 1674//1674 1675//1675
f 1669//1669 1675//1675 1676//1676
f 1669//1669 1676//1676 1677//1677
f 1678//1678 1680//1680 1679//1679
f 1678//1678 1681//1681 1680//1680
f 1678//1678 1682//1682 1681//1681
f 1678//1678 1683//1683 1682//1682
f 1678//1678 1684//1684 1683//1683
f 1678//1678 1685//1685 1684//1684
f 1678//1678 1686//1686 1685//1685
f 1669//1669 1679//1679 1670//1670
f 1669//1669 1678//1678 1679//1679
f 1687//1687 1688//1688 1689//1689
f 1687//1687 1689//1689 1690//1690
f 1669//1669 1687//1687 1690//1690
f 1669//1669 1690//1690 1678//1678
f 1670//1670 1689//1689 1688//1688
f 1670//1670 1679//1679 1689//1689
f 1670//1670 1680//1680 1671//1671
f 1670//1670 1679//1679 1680//1680
f 1691//1691 1692//1692 1693//1693
f 1691//1691 1693//1693 1694//1694
f 1670//1670 1691//1691 1694//1694
f 1670//1670 1694//1694 1679//1679
f 1671//1671 1693//1693 1692//1692
f 1671//1671 1680//1680 1693//1693
f 1671//1671 1681//1681 1672//1672
f 1671//1671 1680//1680 1681//1681
f 1695//1695 1696//1696 1697//1697
f 1695//1695 1697//1697 1698//1698
f 1671//1671 1695//1695 1698//1698
f 1671//1671 1698//1698 1680//1680
f 1672//1672 1697//1697 1696//1696
f 1672//1672 1681//1681 1697//1697
f 1672//1672 1682//1682 1673//1673
f 1672//1672 1681//1681 1682//1682
f 1699//1699 1700//1700 1701//1701
f 1699//1699 1701//1701 1702//1702
f 1672//1672 1699//1699 1702//1702
f 1672//1672 1702//1702 1681//1681
f 1673//1673 1701//1701 1700//1700
f 1673//1673 1682//1682 1701//1701
f 1673//1673 1683//1683 1674//1674
f 1673//1673 1682//1682 1683//1683
f 1703//1703 1704//1704 1705//1705
f 1703//1703 1705//1705 1706//1706
f 1673//1673 1703//1703 1706//1706
f 1673//1673 1706//1706 1682//1682
f 1674//1674 1705//1705 1704//1704
f 1674//1674 1683//1683 1705//1705
f 1674//1674 1684//1684 1675//1675
f 1674//1674 1683//1683 1684//1684
f 1707//1707 1708//1708 1709//1709
f 1707//1707 1709//1709 1710//1710
f 1674//1674 1707//1707 1710//1710
f 1674//1674 1710//1710 1683//1683
f 1675//1675 1709//1709 1708//1708
f 1675//1675 1684//1684 1709//1709
f 1675//1675 1685//1685 1676//1676
f 1675//1675 1684//1684 1685//1685
f 1711//1711 1712//1712 1713//1713
f 1711//1711 1713//1713 1714//1714
f 1675//1675 1711//1711 1714//1714
f 1675//1675 1714//1714 1684//1684
f 1676//1676 1713//1713 1712//1712
f 1676//1676 1685//1685 1713//1713
f 1676//1676 1686//1686 1677//1677
f 1676//1676 1685//1685 1686//1686
f 1715//1715 1716//1716 1717//1717
f 1715//1715 1717//1717 1718//1718
f 1676//1676 1715//1715 1718//1718
f 1676//1676 1718//1718 1685//1685
f 1677//1677 1717//1717 1716//1716
f 1677//1677 1686//1686 1717//1717
f 1677//1677 1678//1678 1669//1669
f 1677//1677 1686//1686 1678//1678
f 1719//1719 1720//1720 1721//1721
f 1719//1719 1721//1721 1722//1722
f 1677//1677 1719//1719 1722//1722
f 1677//1677 1722//1722 1686//1686
f 1669//1669 1721//1721 1720//1720
f 1669//1669 1678//1678 1721//1721
f 1723//1723 1724//1724 1725//1725
f 1723//1723 1725//1725 1726//1726
f 1723//1723 1726//1726 1727//1727
f 1723//1723 1727//1727 1728//1728
f 1723//1723 1728//1728 1729//1729
f 1723//1723 1729//1729 1730//1730
f 1723//1723 1730//1730 1731//1731
f 1723//1723 1731//1731 1732//1732
f 1733//1733 1735//1735 1734//1734
f 1733//1733 1736//1736 1735//1735
f 1733//1733 1737//1737 1736//1736
f 1733//1733 1738//1738 1737//1737
f 1733//1733 1739//1739 1738//1738
f 1733//1733 1740//1740 1739//1739
f 1733//1733 1741//1741 1740//1740
f 1733//1733 1742//1742 1741//1741
f 1723//1723 1734//1734 1724//1724
f 1723//1723 1733//1733 1734//1734
f 1743//1743 1744//1744 1745//1745
f 1743//1743 1745//1745 1746//1746
f 1723//1723 1743//1743 1746//1746
f 1723//1723 1746//1746 1733//1733
f 1724//1724 1745//1745 1744//1744
f 1724//1724 1734//1734 1745//1745
f 1724//1724 1735//1735 1725//1725
f 1724//1724 1734//1734 1735//1735
f 1747//1747 1748//1748 1749//1749
f 1747//1747 1749//1749 1750//1750
f 1724//1724 1747//1747 1750//1750
f 1724//1724 1750//1750 1734//1734
f 1725//1725 1749//1749 1748//1748
f 1725//1725 1735//1735 1749//1749
f 1725//1725 1736//1736 1726//1726
f 1725//1725 1735//1735 1736//1736
f 1751//1751 1752//1752 1753//1753
f 1751//1751 1753//1753 1754//1754
f 1725//1725 1751//1751 1754//1754
f 1725//1725 1754//1754 1735//1735
f 1726//1726 1753//1753 1752//1752
f 1726//1726 1736//1736 1753//1753
f 1726//1726 1737//1737 1727//1727
f 1726//1726 1736//1736 1737//1737
f 1755//1755 1756//1756 1757//1757
f 1755//1755 1757//1757 1758//1758
f 1726//1726 1755//1755 1758//1758
f 1726//1726 1758//1758 1736//1736
f 1727//1727 1757//1757 1756//1756
f 1727//1727 1737//1737 1757//1757
f 1727//1727 1738//1738 1728//1728
f 1727//1727 1737//1737 1738//1738
f 1759//1759 1760//1760 1761//1761
f 1759//1759 1761//1761 1762//1762
f 1727//1727 1759//1759 1762//1762
f 1727//1727 1762//1762 1737//1737
f 1728//1728 1761//1761 1760//1760
f 1728//1728 1738//1738 1761//1761
f 1728//1728 1739//1739 1729//1729
f 1728//1728 1738//1738 1739//1739
f 1763//1763 1764//1764 1765//1765
f 1763//1763 1765//1765 1766//1766
f 1728//1728 1763//1763 1766//1766
f 1728//1728 1766//1766 1738//1738
f 1729//1729 1765//1765 1764//1764
f 1729//1729 1739//1739 1765//1765
f 1729//1729 1740//1740 1730//1730
f 1729//1729 1739//1739 1740//1740
f 1767//1767 1768//1768 1769//1769
f 1767//1767 1769//1769 1770//1770
f 1729//1729 1767//1767 1770//1770
f 1729//1729 1770//1770 1739//1739
f 1730//1730 1769//1769 1768//1768
f 1730//1730 1740//1740 1769//1769
f 1730//1730 1741//1741 1731//1731
f 1730//1730 1740//1740 1741//1741
f 1771//1771 1772//1772 1773//1773
f 1771//1771 1773//1773 1774//1774
f 1730//1730 1771//1771 1774//1774
f 1730//1730 1774//1774 1740//1740
f 1731//1731 1773//1773 1772//1772
f 1731//1731 1741//1741 1773//1773
f 1731//1731 1742//1742 1732//1732
f 1731//1731 1741//1741 1742//1742
f 1775//1775 1776//1776 1777//1777
f 1775//1775 1777//1777 1778//1778
f 1731//1731 1775//1775 1778//1778
f 1731//1731 1778//1778 1741//1741
f 1732//1732 1777//1777 1776//1776
f 1732//1732 1742//1742 1777//1777
f 1732//1732 1733//1733 1723//1723
f 1732//1732 1742//1742 1733//1733
f 1779//1779 1780//1780 1781//1781
f 1779//1779 1781//1781 1782//1782
f 1732//1732 1779//1779 1782//1782
f 1732//1732 1782//1782 1742//1742
f 1723//1723 1781//1781 1780//1780
f 1723//1723 1733//1733 1781//1781
f 1783//1783 1784//1784 1785//1785
f 1783//1783 1785//1785 1786//1786
f 1783//1783 1786//1786 1787//1787
f 1783//1783 1787//1787 1788//1788
f 1789//1789 1791//1791 1790//1790
f 1789//1789 1792//1792 1791//1791
f 1789//1789 1793//1793 1792//1792
f 1789//1789 1794//1794 1793//1793
f 1783//1783 1790//1790 1784//1784
f 1783//1783 1789//1789 1790//1790
f 1795//1795 1796//1796 1797//1797
f 1795//1795 1797//1797 1798//1798
f 1783//1783 1795//1795 1798//1798
f 1783//1783 1798//1798 1789//1789
f 1784//1784 1797//1797 1796//1796
f 1784//1784 1790//1790 1797//1797
f 1784//1784 1791//1791 1785//1785
f 1784//1784 1790//1790 1791//1791
f 1799//1799 1800//1800 1801//1801
f 1799//1799 1801//1801 1802//1802
f 1784//1784 1799//1799 1802//1802
f 1784//1784 1802//1802 1790//1790
f 1785//1785 1801//1801 1800//1800
f 1785//1785 1791//1791 1801//1801
f 1785//1785 1792//1792 1786//1786
f 1785//1785 1791//1791 1792//1792
f 1803//1803 1804//1804 1805//1805
f 1803//1803 1805//1805 1806//1806
f 1785//1785 1803//1803 1806//1806
f 1785//1785 1806//1806 1791//1791
f 1786//1786 1805//1805 1804//1804
f 1786//1786 1792//1792 1805//1805
f 1786//1786 1793//1793 1787//1787
f 1786//1786 1792//1792 1793//1793
f 1807//1807 1808//1808 1809//1809
f 1807//1807 1809//1809 1810//1810
f 1786//1786 1807//1807 1810//1810
f 1786//1786 1810//1810 1792//1792
f 1787//1787 1809//1809 1808//1808
f 1787//1787 1793//1793 1809//1809
f 1787//1787 1794//1794 1788//1788
f 1787//1787 1793//1793 1794//1794
f 1811//1811 1812//1812 1813//1813
f 1811//1811 1813//1813 1814//1814
f 1787//1787 1811//1811 1814//1814
f 1787//1787 1814//1814 1793//1793
f 1788//1788 1813//1813 1812//1812
f 1788//1788 1794//1794 1813//1813
f 1788//1788 1789//1789 1783//1783
f 1788//1788 1794//1794 1789//1789
f 1815//1815 1816//1816 1817//1817
f 1815//1815 1817//1817 1818//1818
f 1788//1788 1815//1815 1818//1818
f 1788//1788 1818//1818 1794//1794
f 1783//1783 1817//1817 1816//1816
f 1783//1783 1789//1789 1817//1817
usemtl color_211_211_211
f 1819//1819 1820//1820 1821//1821
f 1819//1819 1821//1821 1822//1822
f 1819//1819 1822//1822 1823//1823
f 1819//1819 1823//1823 1824//1824
f 1825//1825 1827//1827 1826//1826
f 1825//1825 1828//1828 1827//1827
f 1825//1825 1829//1829 1828//1828
f 1825//1825 1830//1830 1829//1829
f 1819//1819 1826//1826 1820//1820
f 1819//1819 1825//1825 1826//1826
f 1831//1831 1832//1832 1833//1833
f 1831//1831 1833//1833 1834//1834
f 1819//1819 1831//1831 1834//1834
f 1819//1819 1834//1834 1825//1825
f 1820//1820 1833//1833 1832//1832
f 1820//1820 1826//1826 1833//1833
f 1820//1820 1827//1827 1821//1821
f 1820//1820 1826//1826 1827//1827
f 1835//1835 1836//1836 1837//1837
f 1835//1835 1837//1837 1838//1838
f 1820//1820 1835//1835 1838//1838
f 1820//1820 1838//1838 1826//1826
f 1821//1821 1837//1837 1836//1836
f 1821//1821 1827//1827 1837//1837
f 1821//1821 1828//1828 1822//1822
f 1821//1821 1827//1827 1828//1828
f 1839//1839 1840//1840 1841//1841
f 1839//1839 1841//1841 1842//1842
f 1821//1821 1839//1839 1842//1842
f 1821//1821 1842//1842 1827//1827
f 1822//1822 1841//1841 1840//1840
f 1822//1822 1828//1828 1841//1841
f 1822//1822 1829//1829 1823//1823
f 1822//1822 1828//1828 1829//1829
f 1843//1843 1844//1844 1845//1845
f 1843//1843 1845//1845 1846//1846
f 1822//1822 1843//1843 1846//1846
f 1822//1822 1846//1846 1828//1828
f 1823//1823 1845//1845 1844//1844
f 1823//1823 1829//1829 1845//1845
f 1823//1823 1830//1830 1824//1824
f 1823//1823 1829//1829 1830//1830
f 1847//1847 1848//1848 1849//1849
f 1847//1847 1849//1849 1850//1850
f 1823//1823 1847//1847 1850//1850
f 1823//1823 1850//1850 1829//1829
f 1824//1824 1849//1849 1848//1848
f 1824//1824 1830//1830 1849//1849
f 1824//1824 1825//1825 1819//1819
f 1824//1824 1830//1830 1825//1825
f 1851//1851 1852//1852 1853//1853
f 1851//1851 1853//1853 1854//1854
f 1824//1824 1851//1851 1854//1854
f 1824//1824 1854//1854 1830//1830
f 1819//1819 1853//1853 1852//1852
f 1819//1819 1825//1825 1853//1853
f 1855//1855 1856//1856 1857//1857
f 1855//1855 1857//1857 1858//1858
f 1855//1855 1858//1858 1859//1859
f 1855//1855 1859//1859 1860//1860
f 1855//1855 1860//1860 1861//1861
f 1862//1862 1864//1864 1863//1863
f 1862//1862 1865//1865 1864//1864
f 1862//1862 1866//1866 1865//1865
f 1862//1862 1867//1867 1866//1866
f 1862//1862 1868//1868 1867//1867
f 1855//1855 1863//1863 1856//1856
f 1855//1855 1862//1862 1863//1863
f 1869//1869 1870//1870 1871//1871
f 1869//1869 1871//1871 1872//1872
f 1855//1855 1869//1869 1872//1872
f 1855//1855 1872//1872 1862//1862
f 1856//1856 1871//1871 1870//1870
f 1856//1856 1863//1863 1871//1871
f 1856//1856 1864//1864 1857//1857
f 1856//1856 1863//1863 1864//1864
f 1873//1873 1874//1874 1875//1875
f 1873//1873 1875//1875 1876//1876
f 1856//1856 1873//1873 1876//1876
f 1856//1856 1876//1876 1863//1863
f 1857//1857 1875//1875 1874//1874
f 1857//1857 1864//1864 1875//1875
f 1857//1857 1865//1865 1858//1858
f 1857//1857 1864//1864 1865//1865
f 1877//1877 1878//1878 1879//1879
f 1877//1877 1879//1879 1880//1880
f 1857//1857 1877//1877 1880//1880
f 1857//1857 1880//1880 1864//1864
f 1858//1858 1879//1879 1878//1878
f 1858//1858 1865//1865 1879//1879
f 1858//1858 1866//1866 1859//1859
f 1858//1858 1865//1865 1866//1866
f 1881//1881 1882//1882 1883//1883
f 1881//1881 1883//1883 1884//1884
f 1858//1858 1881//1881 1884//1884
f 1858//1858 1884//1884 1865//1865
f 1859//1859 1883//1883 1882//1882
f 1859//1859 1866//1866 1883//1883
f 1859//1859 1867//1867 1860//1860
f 1859//1859 1866//1866 1867//1867
f 1885//1885 1886//1886 1887//1887
f 1885//1885 1887//1887 1888//1888
f 1859//1859 1885//1885 1888//1888
f 1859//1859 1888//1888 1866//1866
f 1860//1860 1887//1887 1886//1886
f 1860//1860 1867//1867 1887//1887
f 1860//1860 1868//1868 1861//1861
f 1860//1860 1867//1867 1868//1868
f 1889//1889 1890//1890 1891//1891
f 1889//1889 1891//1891 1892//1892
f 1860//1860 1889//1889 1892//1892
f 1860//1860 1892//1892 1867//1867
f 1861//1861 1891//1891 1890//1890
f 1861//1861 1868//1868 1891//1891
f 1861//1861 1862//1862 1855//1855
f 1861//1861 1868//1868 1862//1862
f 1893//1893 1894//1894 1895//1895
f 1893//1893 1895//1895 1896//1896
f 1861//1861 1893//1893 1896//1896
f 1861//1861 1896//1896 1868//1868
f 1855//1855 1895//1895 1894//1894
f 1855//1855 1862//1862 1895//1895
f 1897//1897 1898//1898 1899//1899
f 1897//1897 1899//1899 1900//1900
f 1897//1897 1900//1900 1901//1901
f 1897//1897 1901//1901 1902//1902
f 1897//1897 1902//1902 1903//1903
f 1904//1904 1906//1906 1905//1905
f 1904//1904 1907//1907 1906//1906
f 1904//1904 1908//1908 1907//1907
f 1904//1904 1909//1909 1908//1908
f 1904//1904 1910//1910 1909//1909
f 1897//1897 1905//1905 1898//1898
f 1897//1897 1904//1904 1905//1905
f 1911//1911 1912//1912 1913//1913
f 1911//1911 1913//1913 1914//1914
f 1897//1897 1911//1911 1914//1914
f 1897//1897 1914//1914 1904//1904
f 1898//1898 1913//1913 1912//1912
f 1898//1898 1905//1905 1913//1913
f 1898//1898 1906//1906 1899//1899
f 1898//1898 1905//1905 1906//1906
f 1915//1915 1916//1916 1917//1917
f 1915//1915 1917//1917 1918//1918
f 1898//1898 1915//1915 1918//1918
f 1898//1898 1918//1918 1905//1905
f 1899//1899 1917//1917 1916//1916
f 1899//1899 1906//1906 1917//1917
f 1899//1899 1907//1907 1900//1900
f 1899//1899 1906//1906 1907//1907
f 1919//1919 1920//1920 1921//1921
f 1919//1919 1921//1921 1922//1922
f 1899//1899 1919//1919 1922//1922
f 1899//1899 1922//1922 1906//1906
f 1900//1900 1921//1921 1920//1920
f 1900//1900 1907//1907 1921//1921
f 1900//1900 1908//1908 1901//1901
f 1900//1900 1907//1907 1908//1908
f 1923//1923 1924//1924 1925//1925
f 1923//1923 1925//1925 1926//1926
f 1900//1900 1923//1923 1926//1926
f 1900//1900 1926//1926 1907//1907
f 1901//1901 1925//1925 1924//1924
f 1901//1901 1908//1908 1925//1925
f 1901//1901 1909//1909 1902//1902
f 1901//1901 1908//1908 1909//1909
f 1927//1927 1928//1928 1929//1929
f 1927//1927 1929//1929 1930//1930
f 1901//1901 1927//1927 1930//1930
f 1901//1901 1930//1930 1908//1908
f 1902//1902 1929//1929 1928//1928
f 1902//1902 1909//1909 1929//1929
f 1902//1902 1910//1910 1903//1903
f 1902//1902 1909//1909 1910//1910
f 1931//1931 1932//1932 1933//1933
f 1931//1931 1933//1933 1934//1934
f 1902//1902 1931//1931 1934//1934
f 1902//1902 1934//1934 1909//1909
f 1903//1903 1933//1933 1932//1932
f 1903//1903 1910//1910 1933//1933
f 1903//1903 1904//1904 1897//1897
f 1903//1903 1910//1910 1904//1904
f 1935//1935 1936//1936 1937//1937
f 1935//1935 1937//1937 1938//1938
f 1903//1903 1935//1935 1938//1938
f 1903//1903 1938//1938 1910//1910
f 1897//1897 1937//1937 1936//1936
f 1897//1897 1904//1904 1937//1937
f 1939//1939 1940//1940 1941//1941
f 1939//1939 1941//1941 1942//1942
f 1939//1939 1942//1942 1943//1943
f 1939//1939 1943//1943 1944//1944
f 1939//1939 1944//1944 1945//1945
f 1946//1946 1948//1948 1947//1947
f 1946//1946 1949//1949 1948//1948
f 1946//1946 1950//1950 1949//1949
f 1946//1946 1951//1951 1950//1950
f 1946//1946 1952//1952 1951//1951
f 1939//1939 1947//1947 1940//1940
f 1939//1939 1946//1946 1947//1947
f 1953//1953 1954//1954 1955//1955
f 1953//1953 1955//1955 1956//1956
f 1939//1939 1953//1953 1956//1956
f 1939//1939 1956//1956 1946//1946
f 1940//1940 1955//1955 1954//1954
f 1940//1940 1947//1947 1955//1955
f 1940//1940 1948//1948 1941//1941
f 1940//1940 1947//1947 1948//1948
f 1957//1957 1958//1958 1959//1959
f 1957//1957 1959//1959 1960//1960
f 1940//1940 1957//1957 1960//1960
f 1940//1940 1960//1960 1947//1947
f 1941//1941 1959//1959 1958//1958
f 1941//1941 1948//1948 1959//1959
f 1941//1941 1949//1949 1942//1942
f 1941//1941 1948//1948 1949//1949
f 1961//1961 1962//1962 1963//1963
f 1961//1961 1963//1963 1964//1964
f 1941//1941 1961//1961 1964//1964
f 1941//1941 1964//1964 1948//1948
f 1942//1942 1963//1963 1962//1962
f 1942//1942 1949//1949 1963//1963
f 1942//1942 1950//1950 1943//1943
f 1942//1942 1949//1949 1950//1950
f 1965//1965 1966//1966 1967//1967
f 1965//1965 1967//1967 1968//1968
f 1942//1942 1965//1965 1968//1968
f 1942//1942 1968//1968 1949//1949
f 1943//1943 1967//1967 1966//1966
f 1943//1943 1950//1950 1967//1967
f 1943//1943 1951//1951 1944//1944
f 1943//1943 1950//1950 1951//1951
f 1969//1969 1970//1970 1971//1971
f 1969//1969 1971//1971 1972//1972
f 1943//1943 1969//1969 1972//1972
f 1943//1943 1972//1972 1950//1950
f 1944//1944 1971//1971 1970//1970
f 1944//1944 1951//1951 1971//1971
f 1944//1944 1952//1952 1945//1945
f 1944//1944 1951//1951 1952//1952
f 1973//1973 1974//1974 1975//1975
f 1973//1973 1975//1975 1976//1976
f 1944//1944 1973//1973 1976//1976
f 1944//1944 1976//1976 1951//1951
f 1945//1945 1975//1975 1974//1974
f 1945//1945 1952//1952 1975//1975
f 1945//1945 1946//1946 1939//1939
f 1945//1945 1952//1952 1946//1946
f 1977//1977 1978//1978 1979//1979
f 1977//1977 1979//1979 1980//1980
f 1945//1945 1977//1977 1980//1980
f 1945//1945 1980//1980 1952//1952
f 1939//1939 1979//1979 1978//1978
f 1939//1939 1946//1946 1979//1979
f 1981//1981 1982//1982 1983//1983
f 1981//1981 1983//1983 1984//1984
f 1981//1981 1984//1984 1985//1985
f 1986//1986 1988//1988 1987//1987
f 1986//1986 1989//1989 1988//1988
f 1986//1986 1990//1990 1989//1989
f 1981//1981 1987//1987 1982//1982
f 1981//1981 1986//1986 1987//1987
f 1991//1991 1992//1992 1993//1993
f 1991//1991 1993//1993 1994//1994
f 1981//1981 1991//1991 1994//1994
f 1981//1981 1994//1994 1986//1986
f 1982//1982 1993//1993 1992//1992
f 1982//1982 1987//1987 1993//1993
f 1982//1982 1988//1988 1983//1983
f 1982//1982 1987//1987 1988//1988
f 1995//1995 1996//1996 1997//1997
f 1995//1995 1997//1997 1998//1998
f 1982//1982 1995//1995 1998//1998
f 1982//1982 1998//1998 1987//1987
f 1983//1983 1997//1997 1996//1996
f 1983//1983 1988//1988 1997//1997
f 1983//1983 1989//1989 1984//1984
f 1983//1983 1988//1988 1989//1989
f 1999//1999 2000//2000 2001//2001
f 1999//1999 2001//2001 2002//2002
f 1983//1983 1999//1999 2002//2002
f 1983//1983 2002//2002 1988//1988
f 1984//1984 2001//2001 2000//2000
f 1984//1984 1989//1989 2001//2001
f 1984//1984 1990//1990 1985//1985
f 1984//1984 1989//1989 1990//1990
f 2003//2003 2004//2004 2005//2005
f 2003//2003 2005//2005 2006//2006
f 1984//1984 2003//2003 2006//2006
f 1984//1984 2006//2006 1989//1989
f 1985//1985 2005//2005 2004//2004
f 1985//1985 1990//1990 2005//2005
f 1985//1985 1986//1986 1981//1981
f 1985//1985 1990//1990 1986//1986
f 2007//2007 2008//2008 2009//2009
f 2007//2007 2009//2009 2010//2010
f 1985//1985 2007//2007 2010//2010
f 1985//1985 2010//2010 1990//1990
f 1981//1981 2009//2009 2008//2008
f 1981//1981 1986//1986 2009//2009
f 2011//2011 2012//2012 2013//2013
f 2011//2011 2013//2013 2014//2014
f 2011//2011 2014//2014 2015//2015
f 2016//2016 2018//2018 2017//2017
f 2016//2016 2019//2019 2018//2018
f 2016//2016 2020//2020 2019//2019
f 2011//2011 2017//2017 2012//2012
f 2011//2011 2016//2016 2017//2017
f 2021//2021 2022//2022 2023//2023
f 2021//2021 2023//2023 2024//2024
f 2011//2011 2021//2021 2024//2024
f 2011//2011 2024//2024 2016//2016
f 2012//2012 2023//2023 2022//2022
f 2012//2012 2017//2017 2023//2023
f 2012//2012 2018//2018 2013//2013
f 2012//2012 2017//2017 2018//2018
f 2025//2025 2026//2026 2027//2027
f 2025//2025 2027//2027 2028//2028
f 2012//2012 2025//2025 2028//2028
f 2012//2012 2028//2028 2017//2017
f 2013//2013 2027//2027 2026//2026
f 2013//2013 2018//2018 2027//2027
f 2013//2013 2019//2019 2014//2014
f 2013//2013 2018//2018 2019//2019
f 2029//2029 2030//2030 2031//2031
f 2029//2029 2031//2031 2032//2032
f 2013//2013 2029//2029 2032//2032
f 2013//2013 2032//2032 2018//2018
f 2014//2014 2031//2031 2030//2030
f 2014//2014 2019//2019 2031//2031
f 2014//2014 2020//2020 2015//2015
f 2014//2014 2019//2019 2020//2020
f 2033//2033 2034//2034 2035//2035
f 2033//2033 2035//2035 2036//2036
f 2014//2014 2033//2033 2036//2036
f 2014//2014 2036//2036 2019//2019
f 2015//2015 2035//2035 2034//2034
f 2015//2015 2020//2020 2035//2035
f 2015//2015 2016//2016 2011//2011
f 2015//2015 2020//2020 2016//2016
f 2037//2037 2038//2038 2039//2039
f 2037//2037 2039//2039 2040//2040
f 2015//2015 2037//2037 2040//2040
f 2015//2015 2040//2040 2020//2020
f 2011//2011 2039//2039 2038//2038
f 2011//2011 2016//2016 2039//2039